2025-09-19 14:52:22.882  INFO  [main] c.a.n.c.r.client - [RpcClientFactory] create a new rpc client of cddb7211-2aae-4384-af56-d3cf78ae8a19_config-0
2025-09-19 14:52:22.927  INFO  [main] o.r.Reflections - Reflections took 21 ms to scan 1 urls, producing 3 keys and 6 values 
2025-09-19 14:52:22.961  INFO  [main] o.r.Reflections - Reflections took 9 ms to scan 1 urls, producing 4 keys and 9 values 
2025-09-19 14:52:22.971  INFO  [main] o.r.Reflections - Reflections took 8 ms to scan 1 urls, producing 3 keys and 10 values 
2025-09-19 14:52:22.973  WARN  [main] o.r.Reflections - given scan urls are empty. set urls in the configuration
2025-09-19 14:52:22.976  INFO  [main] o.r.Reflections - Reflections took 2 ms to scan 1 urls, producing 1 keys and 5 values 
2025-09-19 14:52:22.987  INFO  [main] o.r.Reflections - Reflections took 7 ms to scan 1 urls, producing 1 keys and 7 values 
2025-09-19 14:52:22.992  INFO  [main] o.r.Reflections - Reflections took 3 ms to scan 1 urls, producing 2 keys and 8 values 
2025-09-19 14:52:22.994  WARN  [main] o.r.Reflections - given scan urls are empty. set urls in the configuration
2025-09-19 14:52:22.995  INFO  [main] c.a.n.c.r.client - [cddb7211-2aae-4384-af56-d3cf78ae8a19_config-0] RpcClient init label, labels = {module=config, Vipserver-Tag=null, source=sdk, Amory-Tag=null, Location-Tag=null, taskId=0, AppName=unknown}
2025-09-19 14:52:22.996  INFO  [main] c.a.n.c.r.client - [cddb7211-2aae-4384-af56-d3cf78ae8a19_config-0] Register server push request handler:com.alibaba.nacos.client.config.impl.ClientWorker$ConfigRpcTransportClient$$Lambda$70/0x0000000801109b38
2025-09-19 14:52:22.997  INFO  [main] c.a.n.c.r.client - [cddb7211-2aae-4384-af56-d3cf78ae8a19_config-0] Register server push request handler:com.alibaba.nacos.client.config.impl.ClientWorker$ConfigRpcTransportClient$$Lambda$71/0x0000000801109d48
2025-09-19 14:52:22.997  INFO  [main] c.a.n.c.r.client - [cddb7211-2aae-4384-af56-d3cf78ae8a19_config-0] Registry connection listener to current client:com.alibaba.nacos.client.config.impl.ClientWorker$ConfigRpcTransportClient$1
2025-09-19 14:52:22.998  INFO  [main] c.a.n.c.r.client - [cddb7211-2aae-4384-af56-d3cf78ae8a19_config-0] RpcClient init, ServerListFactory = com.alibaba.nacos.client.config.impl.ClientWorker$ConfigRpcTransportClient$2
2025-09-19 14:52:23.008  INFO  [main] c.a.n.c.r.client - [cddb7211-2aae-4384-af56-d3cf78ae8a19_config-0] Try to connect to server on start up, server: {serverIp = '127.0.0.1', server main port = 8848}
2025-09-19 14:52:23.858  INFO  [main] c.a.n.c.r.client - [cddb7211-2aae-4384-af56-d3cf78ae8a19_config-0] Success to connect to server [127.0.0.1:8848] on start up, connectionId = 1758264743664_127.0.0.1_60031
2025-09-19 14:52:23.859  INFO  [com.alibaba.nacos.client.remote.worker] c.a.n.c.r.client - [cddb7211-2aae-4384-af56-d3cf78ae8a19_config-0] Notify connected event to listeners.
2025-09-19 14:52:23.859  INFO  [main] c.a.n.c.r.client - [cddb7211-2aae-4384-af56-d3cf78ae8a19_config-0] Register server push request handler:com.alibaba.nacos.common.remote.client.RpcClient$ConnectResetRequestHandler
2025-09-19 14:52:23.860  INFO  [main] c.a.n.c.r.client - [cddb7211-2aae-4384-af56-d3cf78ae8a19_config-0] Register server push request handler:com.alibaba.nacos.common.remote.client.RpcClient$$Lambda$109/0x00000008012ae868
2025-09-19 14:52:23.910  INFO  [main] c.y.g.c.c.n.i.NacosConfigCenter - Rules-Config From Nacos: null
2025-09-19 14:52:23.949  WARN  [Thread-3] c.a.n.c.n.NotifyCenter - [NotifyCenter] Start destroying Publisher
2025-09-19 14:52:23.949  WARN  [Thread-0] c.a.n.c.h.HttpClientBeanHolder - [HttpClientBeanHolder] Start destroying common HttpClient
2025-09-19 14:52:23.949  WARN  [Thread-3] c.a.n.c.n.NotifyCenter - [NotifyCenter] Destruction of the end
2025-09-19 14:52:23.950  WARN  [Thread-0] c.a.n.c.h.HttpClientBeanHolder - [HttpClientBeanHolder] Destruction of the end
2025-09-19 15:10:56.131  INFO  [main] c.a.n.c.r.client - [RpcClientFactory] create a new rpc client of 8401d6de-feba-45c0-b931-8e0ec77873e3_config-0
2025-09-19 15:10:56.171  INFO  [main] o.r.Reflections - Reflections took 18 ms to scan 1 urls, producing 3 keys and 6 values 
2025-09-19 15:10:56.207  INFO  [main] o.r.Reflections - Reflections took 9 ms to scan 1 urls, producing 4 keys and 9 values 
2025-09-19 15:10:56.217  INFO  [main] o.r.Reflections - Reflections took 7 ms to scan 1 urls, producing 3 keys and 10 values 
2025-09-19 15:10:56.220  WARN  [main] o.r.Reflections - given scan urls are empty. set urls in the configuration
2025-09-19 15:10:56.224  INFO  [main] o.r.Reflections - Reflections took 3 ms to scan 1 urls, producing 1 keys and 5 values 
2025-09-19 15:10:56.233  INFO  [main] o.r.Reflections - Reflections took 5 ms to scan 1 urls, producing 1 keys and 7 values 
2025-09-19 15:10:56.239  INFO  [main] o.r.Reflections - Reflections took 3 ms to scan 1 urls, producing 2 keys and 8 values 
2025-09-19 15:10:56.241  WARN  [main] o.r.Reflections - given scan urls are empty. set urls in the configuration
2025-09-19 15:10:56.242  INFO  [main] c.a.n.c.r.client - [8401d6de-feba-45c0-b931-8e0ec77873e3_config-0] RpcClient init label, labels = {module=config, Vipserver-Tag=null, source=sdk, Amory-Tag=null, Location-Tag=null, taskId=0, AppName=unknown}
2025-09-19 15:10:56.243  INFO  [main] c.a.n.c.r.client - [8401d6de-feba-45c0-b931-8e0ec77873e3_config-0] Register server push request handler:com.alibaba.nacos.client.config.impl.ClientWorker$ConfigRpcTransportClient$$Lambda$70/0x0000000801109b38
2025-09-19 15:10:56.244  INFO  [main] c.a.n.c.r.client - [8401d6de-feba-45c0-b931-8e0ec77873e3_config-0] Register server push request handler:com.alibaba.nacos.client.config.impl.ClientWorker$ConfigRpcTransportClient$$Lambda$71/0x0000000801109d48
2025-09-19 15:10:56.245  INFO  [main] c.a.n.c.r.client - [8401d6de-feba-45c0-b931-8e0ec77873e3_config-0] Registry connection listener to current client:com.alibaba.nacos.client.config.impl.ClientWorker$ConfigRpcTransportClient$1
2025-09-19 15:10:56.245  INFO  [main] c.a.n.c.r.client - [8401d6de-feba-45c0-b931-8e0ec77873e3_config-0] RpcClient init, ServerListFactory = com.alibaba.nacos.client.config.impl.ClientWorker$ConfigRpcTransportClient$2
2025-09-19 15:10:56.252  INFO  [main] c.a.n.c.r.client - [8401d6de-feba-45c0-b931-8e0ec77873e3_config-0] Try to connect to server on start up, server: {serverIp = '127.0.0.1', server main port = 8848}
2025-09-19 15:10:56.865  ERROR [main] c.a.n.c.r.c.g.GrpcClient - Server check fail, please check server 127.0.0.1 ,port 9848 is available , error ={}
java.util.concurrent.ExecutionException: com.alibaba.nacos.shaded.io.grpc.StatusRuntimeException: UNAVAILABLE: io exception
	at com.alibaba.nacos.shaded.com.google.common.util.concurrent.AbstractFuture.getDoneValue(AbstractFuture.java:566)
	at com.alibaba.nacos.shaded.com.google.common.util.concurrent.AbstractFuture.get(AbstractFuture.java:445)
	at com.alibaba.nacos.common.remote.client.grpc.GrpcClient.serverCheck(GrpcClient.java:148)
	at com.alibaba.nacos.common.remote.client.grpc.GrpcClient.connectToServer(GrpcClient.java:264)
	at com.alibaba.nacos.common.remote.client.RpcClient.start(RpcClient.java:390)
	at com.alibaba.nacos.client.config.impl.ClientWorker$ConfigRpcTransportClient.ensureRpcClient(ClientWorker.java:885)
	at com.alibaba.nacos.client.config.impl.ClientWorker$ConfigRpcTransportClient.getOneRunningClient(ClientWorker.java:1044)
	at com.alibaba.nacos.client.config.impl.ClientWorker$ConfigRpcTransportClient.queryConfig(ClientWorker.java:940)
	at com.alibaba.nacos.client.config.impl.ClientWorker.getServerConfig(ClientWorker.java:397)
	at com.alibaba.nacos.client.config.NacosConfigService.getConfigInner(NacosConfigService.java:166)
	at com.alibaba.nacos.client.config.NacosConfigService.getConfig(NacosConfigService.java:94)
	at com.yu.gateway.config.center.nacos.impl.NacosConfigCenter.subscribeRulesChange(NacosConfigCenter.java:70)
	at com.yu.gateway.core.BootStrap.main(BootStrap.java:43)
Caused by: com.alibaba.nacos.shaded.io.grpc.StatusRuntimeException: UNAVAILABLE: io exception
	at com.alibaba.nacos.shaded.io.grpc.Status.asRuntimeException(Status.java:533)
	at com.alibaba.nacos.shaded.io.grpc.stub.ClientCalls$UnaryStreamToFuture.onClose(ClientCalls.java:490)
	at com.alibaba.nacos.shaded.io.grpc.PartialForwardingClientCallListener.onClose(PartialForwardingClientCallListener.java:39)
	at com.alibaba.nacos.shaded.io.grpc.ForwardingClientCallListener.onClose(ForwardingClientCallListener.java:23)
	at com.alibaba.nacos.shaded.io.grpc.ForwardingClientCallListener$SimpleForwardingClientCallListener.onClose(ForwardingClientCallListener.java:40)
	at com.alibaba.nacos.shaded.io.grpc.internal.CensusStatsModule$StatsClientInterceptor$1$1.onClose(CensusStatsModule.java:700)
	at com.alibaba.nacos.shaded.io.grpc.PartialForwardingClientCallListener.onClose(PartialForwardingClientCallListener.java:39)
	at com.alibaba.nacos.shaded.io.grpc.ForwardingClientCallListener.onClose(ForwardingClientCallListener.java:23)
	at com.alibaba.nacos.shaded.io.grpc.ForwardingClientCallListener$SimpleForwardingClientCallListener.onClose(ForwardingClientCallListener.java:40)
	at com.alibaba.nacos.shaded.io.grpc.internal.CensusTracingModule$TracingClientInterceptor$1$1.onClose(CensusTracingModule.java:399)
	at com.alibaba.nacos.shaded.io.grpc.internal.ClientCallImpl.closeObserver(ClientCallImpl.java:510)
	at com.alibaba.nacos.shaded.io.grpc.internal.ClientCallImpl.access$300(ClientCallImpl.java:66)
	at com.alibaba.nacos.shaded.io.grpc.internal.ClientCallImpl$ClientStreamListenerImpl.close(ClientCallImpl.java:630)
	at com.alibaba.nacos.shaded.io.grpc.internal.ClientCallImpl$ClientStreamListenerImpl.access$700(ClientCallImpl.java:518)
	at com.alibaba.nacos.shaded.io.grpc.internal.ClientCallImpl$ClientStreamListenerImpl$1StreamClosed.runInternal(ClientCallImpl.java:692)
	at com.alibaba.nacos.shaded.io.grpc.internal.ClientCallImpl$ClientStreamListenerImpl$1StreamClosed.runInContext(ClientCallImpl.java:681)
	at com.alibaba.nacos.shaded.io.grpc.internal.ContextRunnable.run(ContextRunnable.java:37)
	at com.alibaba.nacos.shaded.io.grpc.internal.SerializingExecutor.run(SerializingExecutor.java:123)
	at java.base/java.util.concurrent.ThreadPoolExecutor.runWorker(ThreadPoolExecutor.java:1144)
	at java.base/java.util.concurrent.ThreadPoolExecutor$Worker.run(ThreadPoolExecutor.java:642)
	at java.base/java.lang.Thread.run(Thread.java:1589)
Caused by: com.alibaba.nacos.shaded.io.grpc.netty.shaded.io.netty.channel.AbstractChannel$AnnotatedConnectException: Connection refused: no further information: /127.0.0.1:9848
Caused by: java.net.ConnectException: Connection refused: no further information
	at java.base/sun.nio.ch.Net.pollConnect(Native Method)
	at java.base/sun.nio.ch.Net.pollConnectNow(Net.java:672)
	at java.base/sun.nio.ch.SocketChannelImpl.finishConnect(SocketChannelImpl.java:973)
	at com.alibaba.nacos.shaded.io.grpc.netty.shaded.io.netty.channel.socket.nio.NioSocketChannel.doFinishConnect(NioSocketChannel.java:327)
	at com.alibaba.nacos.shaded.io.grpc.netty.shaded.io.netty.channel.nio.AbstractNioChannel$AbstractNioUnsafe.finishConnect(AbstractNioChannel.java:336)
	at com.alibaba.nacos.shaded.io.grpc.netty.shaded.io.netty.channel.nio.NioEventLoop.processSelectedKey(NioEventLoop.java:685)
	at com.alibaba.nacos.shaded.io.grpc.netty.shaded.io.netty.channel.nio.NioEventLoop.processSelectedKeysOptimized(NioEventLoop.java:632)
	at com.alibaba.nacos.shaded.io.grpc.netty.shaded.io.netty.channel.nio.NioEventLoop.processSelectedKeys(NioEventLoop.java:549)
	at com.alibaba.nacos.shaded.io.grpc.netty.shaded.io.netty.channel.nio.NioEventLoop.run(NioEventLoop.java:511)
	at com.alibaba.nacos.shaded.io.grpc.netty.shaded.io.netty.util.concurrent.SingleThreadEventExecutor$5.run(SingleThreadEventExecutor.java:918)
	at com.alibaba.nacos.shaded.io.grpc.netty.shaded.io.netty.util.internal.ThreadExecutorMap$2.run(ThreadExecutorMap.java:74)
	at com.alibaba.nacos.shaded.io.grpc.netty.shaded.io.netty.util.concurrent.FastThreadLocalRunnable.run(FastThreadLocalRunnable.java:30)
	at java.base/java.lang.Thread.run(Thread.java:1589)
2025-09-19 15:10:56.869  INFO  [main] c.a.n.c.r.client - [8401d6de-feba-45c0-b931-8e0ec77873e3_config-0] Try to connect to server on start up, server: {serverIp = '127.0.0.1', server main port = 8848}
2025-09-19 15:10:56.873  ERROR [main] c.a.n.c.r.c.g.GrpcClient - Server check fail, please check server 127.0.0.1 ,port 9848 is available , error ={}
java.util.concurrent.ExecutionException: com.alibaba.nacos.shaded.io.grpc.StatusRuntimeException: UNAVAILABLE: io exception
	at com.alibaba.nacos.shaded.com.google.common.util.concurrent.AbstractFuture.getDoneValue(AbstractFuture.java:566)
	at com.alibaba.nacos.shaded.com.google.common.util.concurrent.AbstractFuture.get(AbstractFuture.java:445)
	at com.alibaba.nacos.common.remote.client.grpc.GrpcClient.serverCheck(GrpcClient.java:148)
	at com.alibaba.nacos.common.remote.client.grpc.GrpcClient.connectToServer(GrpcClient.java:264)
	at com.alibaba.nacos.common.remote.client.RpcClient.start(RpcClient.java:390)
	at com.alibaba.nacos.client.config.impl.ClientWorker$ConfigRpcTransportClient.ensureRpcClient(ClientWorker.java:885)
	at com.alibaba.nacos.client.config.impl.ClientWorker$ConfigRpcTransportClient.getOneRunningClient(ClientWorker.java:1044)
	at com.alibaba.nacos.client.config.impl.ClientWorker$ConfigRpcTransportClient.queryConfig(ClientWorker.java:940)
	at com.alibaba.nacos.client.config.impl.ClientWorker.getServerConfig(ClientWorker.java:397)
	at com.alibaba.nacos.client.config.NacosConfigService.getConfigInner(NacosConfigService.java:166)
	at com.alibaba.nacos.client.config.NacosConfigService.getConfig(NacosConfigService.java:94)
	at com.yu.gateway.config.center.nacos.impl.NacosConfigCenter.subscribeRulesChange(NacosConfigCenter.java:70)
	at com.yu.gateway.core.BootStrap.main(BootStrap.java:43)
Caused by: com.alibaba.nacos.shaded.io.grpc.StatusRuntimeException: UNAVAILABLE: io exception
	at com.alibaba.nacos.shaded.io.grpc.Status.asRuntimeException(Status.java:533)
	at com.alibaba.nacos.shaded.io.grpc.stub.ClientCalls$UnaryStreamToFuture.onClose(ClientCalls.java:490)
	at com.alibaba.nacos.shaded.io.grpc.PartialForwardingClientCallListener.onClose(PartialForwardingClientCallListener.java:39)
	at com.alibaba.nacos.shaded.io.grpc.ForwardingClientCallListener.onClose(ForwardingClientCallListener.java:23)
	at com.alibaba.nacos.shaded.io.grpc.ForwardingClientCallListener$SimpleForwardingClientCallListener.onClose(ForwardingClientCallListener.java:40)
	at com.alibaba.nacos.shaded.io.grpc.internal.CensusStatsModule$StatsClientInterceptor$1$1.onClose(CensusStatsModule.java:700)
	at com.alibaba.nacos.shaded.io.grpc.PartialForwardingClientCallListener.onClose(PartialForwardingClientCallListener.java:39)
	at com.alibaba.nacos.shaded.io.grpc.ForwardingClientCallListener.onClose(ForwardingClientCallListener.java:23)
	at com.alibaba.nacos.shaded.io.grpc.ForwardingClientCallListener$SimpleForwardingClientCallListener.onClose(ForwardingClientCallListener.java:40)
	at com.alibaba.nacos.shaded.io.grpc.internal.CensusTracingModule$TracingClientInterceptor$1$1.onClose(CensusTracingModule.java:399)
	at com.alibaba.nacos.shaded.io.grpc.internal.ClientCallImpl.closeObserver(ClientCallImpl.java:510)
	at com.alibaba.nacos.shaded.io.grpc.internal.ClientCallImpl.access$300(ClientCallImpl.java:66)
	at com.alibaba.nacos.shaded.io.grpc.internal.ClientCallImpl$ClientStreamListenerImpl.close(ClientCallImpl.java:630)
	at com.alibaba.nacos.shaded.io.grpc.internal.ClientCallImpl$ClientStreamListenerImpl.access$700(ClientCallImpl.java:518)
	at com.alibaba.nacos.shaded.io.grpc.internal.ClientCallImpl$ClientStreamListenerImpl$1StreamClosed.runInternal(ClientCallImpl.java:692)
	at com.alibaba.nacos.shaded.io.grpc.internal.ClientCallImpl$ClientStreamListenerImpl$1StreamClosed.runInContext(ClientCallImpl.java:681)
	at com.alibaba.nacos.shaded.io.grpc.internal.ContextRunnable.run(ContextRunnable.java:37)
	at com.alibaba.nacos.shaded.io.grpc.internal.SerializingExecutor.run(SerializingExecutor.java:123)
	at java.base/java.util.concurrent.ThreadPoolExecutor.runWorker(ThreadPoolExecutor.java:1144)
	at java.base/java.util.concurrent.ThreadPoolExecutor$Worker.run(ThreadPoolExecutor.java:642)
	at java.base/java.lang.Thread.run(Thread.java:1589)
Caused by: com.alibaba.nacos.shaded.io.grpc.netty.shaded.io.netty.channel.AbstractChannel$AnnotatedConnectException: Connection refused: no further information: /127.0.0.1:9848
Caused by: java.net.ConnectException: Connection refused: no further information
	at java.base/sun.nio.ch.Net.pollConnect(Native Method)
	at java.base/sun.nio.ch.Net.pollConnectNow(Net.java:672)
	at java.base/sun.nio.ch.SocketChannelImpl.finishConnect(SocketChannelImpl.java:973)
	at com.alibaba.nacos.shaded.io.grpc.netty.shaded.io.netty.channel.socket.nio.NioSocketChannel.doFinishConnect(NioSocketChannel.java:327)
	at com.alibaba.nacos.shaded.io.grpc.netty.shaded.io.netty.channel.nio.AbstractNioChannel$AbstractNioUnsafe.finishConnect(AbstractNioChannel.java:336)
	at com.alibaba.nacos.shaded.io.grpc.netty.shaded.io.netty.channel.nio.NioEventLoop.processSelectedKey(NioEventLoop.java:685)
	at com.alibaba.nacos.shaded.io.grpc.netty.shaded.io.netty.channel.nio.NioEventLoop.processSelectedKeysOptimized(NioEventLoop.java:632)
	at com.alibaba.nacos.shaded.io.grpc.netty.shaded.io.netty.channel.nio.NioEventLoop.processSelectedKeys(NioEventLoop.java:549)
	at com.alibaba.nacos.shaded.io.grpc.netty.shaded.io.netty.channel.nio.NioEventLoop.run(NioEventLoop.java:511)
	at com.alibaba.nacos.shaded.io.grpc.netty.shaded.io.netty.util.concurrent.SingleThreadEventExecutor$5.run(SingleThreadEventExecutor.java:918)
	at com.alibaba.nacos.shaded.io.grpc.netty.shaded.io.netty.util.internal.ThreadExecutorMap$2.run(ThreadExecutorMap.java:74)
	at com.alibaba.nacos.shaded.io.grpc.netty.shaded.io.netty.util.concurrent.FastThreadLocalRunnable.run(FastThreadLocalRunnable.java:30)
	at java.base/java.lang.Thread.run(Thread.java:1589)
2025-09-19 15:10:56.874  INFO  [main] c.a.n.c.r.client - [8401d6de-feba-45c0-b931-8e0ec77873e3_config-0] Try to connect to server on start up, server: {serverIp = '127.0.0.1', server main port = 8848}
2025-09-19 15:10:56.877  ERROR [main] c.a.n.c.r.c.g.GrpcClient - Server check fail, please check server 127.0.0.1 ,port 9848 is available , error ={}
java.util.concurrent.ExecutionException: com.alibaba.nacos.shaded.io.grpc.StatusRuntimeException: UNAVAILABLE: io exception
	at com.alibaba.nacos.shaded.com.google.common.util.concurrent.AbstractFuture.getDoneValue(AbstractFuture.java:566)
	at com.alibaba.nacos.shaded.com.google.common.util.concurrent.AbstractFuture.get(AbstractFuture.java:445)
	at com.alibaba.nacos.common.remote.client.grpc.GrpcClient.serverCheck(GrpcClient.java:148)
	at com.alibaba.nacos.common.remote.client.grpc.GrpcClient.connectToServer(GrpcClient.java:264)
	at com.alibaba.nacos.common.remote.client.RpcClient.start(RpcClient.java:390)
	at com.alibaba.nacos.client.config.impl.ClientWorker$ConfigRpcTransportClient.ensureRpcClient(ClientWorker.java:885)
	at com.alibaba.nacos.client.config.impl.ClientWorker$ConfigRpcTransportClient.getOneRunningClient(ClientWorker.java:1044)
	at com.alibaba.nacos.client.config.impl.ClientWorker$ConfigRpcTransportClient.queryConfig(ClientWorker.java:940)
	at com.alibaba.nacos.client.config.impl.ClientWorker.getServerConfig(ClientWorker.java:397)
	at com.alibaba.nacos.client.config.NacosConfigService.getConfigInner(NacosConfigService.java:166)
	at com.alibaba.nacos.client.config.NacosConfigService.getConfig(NacosConfigService.java:94)
	at com.yu.gateway.config.center.nacos.impl.NacosConfigCenter.subscribeRulesChange(NacosConfigCenter.java:70)
	at com.yu.gateway.core.BootStrap.main(BootStrap.java:43)
Caused by: com.alibaba.nacos.shaded.io.grpc.StatusRuntimeException: UNAVAILABLE: io exception
	at com.alibaba.nacos.shaded.io.grpc.Status.asRuntimeException(Status.java:533)
	at com.alibaba.nacos.shaded.io.grpc.stub.ClientCalls$UnaryStreamToFuture.onClose(ClientCalls.java:490)
	at com.alibaba.nacos.shaded.io.grpc.PartialForwardingClientCallListener.onClose(PartialForwardingClientCallListener.java:39)
	at com.alibaba.nacos.shaded.io.grpc.ForwardingClientCallListener.onClose(ForwardingClientCallListener.java:23)
	at com.alibaba.nacos.shaded.io.grpc.ForwardingClientCallListener$SimpleForwardingClientCallListener.onClose(ForwardingClientCallListener.java:40)
	at com.alibaba.nacos.shaded.io.grpc.internal.CensusStatsModule$StatsClientInterceptor$1$1.onClose(CensusStatsModule.java:700)
	at com.alibaba.nacos.shaded.io.grpc.PartialForwardingClientCallListener.onClose(PartialForwardingClientCallListener.java:39)
	at com.alibaba.nacos.shaded.io.grpc.ForwardingClientCallListener.onClose(ForwardingClientCallListener.java:23)
	at com.alibaba.nacos.shaded.io.grpc.ForwardingClientCallListener$SimpleForwardingClientCallListener.onClose(ForwardingClientCallListener.java:40)
	at com.alibaba.nacos.shaded.io.grpc.internal.CensusTracingModule$TracingClientInterceptor$1$1.onClose(CensusTracingModule.java:399)
	at com.alibaba.nacos.shaded.io.grpc.internal.ClientCallImpl.closeObserver(ClientCallImpl.java:510)
	at com.alibaba.nacos.shaded.io.grpc.internal.ClientCallImpl.access$300(ClientCallImpl.java:66)
	at com.alibaba.nacos.shaded.io.grpc.internal.ClientCallImpl$ClientStreamListenerImpl.close(ClientCallImpl.java:630)
	at com.alibaba.nacos.shaded.io.grpc.internal.ClientCallImpl$ClientStreamListenerImpl.access$700(ClientCallImpl.java:518)
	at com.alibaba.nacos.shaded.io.grpc.internal.ClientCallImpl$ClientStreamListenerImpl$1StreamClosed.runInternal(ClientCallImpl.java:692)
	at com.alibaba.nacos.shaded.io.grpc.internal.ClientCallImpl$ClientStreamListenerImpl$1StreamClosed.runInContext(ClientCallImpl.java:681)
	at com.alibaba.nacos.shaded.io.grpc.internal.ContextRunnable.run(ContextRunnable.java:37)
	at com.alibaba.nacos.shaded.io.grpc.internal.SerializingExecutor.run(SerializingExecutor.java:123)
	at java.base/java.util.concurrent.ThreadPoolExecutor.runWorker(ThreadPoolExecutor.java:1144)
	at java.base/java.util.concurrent.ThreadPoolExecutor$Worker.run(ThreadPoolExecutor.java:642)
	at java.base/java.lang.Thread.run(Thread.java:1589)
Caused by: com.alibaba.nacos.shaded.io.grpc.netty.shaded.io.netty.channel.AbstractChannel$AnnotatedConnectException: Connection refused: no further information: /127.0.0.1:9848
Caused by: java.net.ConnectException: Connection refused: no further information
	at java.base/sun.nio.ch.Net.pollConnect(Native Method)
	at java.base/sun.nio.ch.Net.pollConnectNow(Net.java:672)
	at java.base/sun.nio.ch.SocketChannelImpl.finishConnect(SocketChannelImpl.java:973)
	at com.alibaba.nacos.shaded.io.grpc.netty.shaded.io.netty.channel.socket.nio.NioSocketChannel.doFinishConnect(NioSocketChannel.java:327)
	at com.alibaba.nacos.shaded.io.grpc.netty.shaded.io.netty.channel.nio.AbstractNioChannel$AbstractNioUnsafe.finishConnect(AbstractNioChannel.java:336)
	at com.alibaba.nacos.shaded.io.grpc.netty.shaded.io.netty.channel.nio.NioEventLoop.processSelectedKey(NioEventLoop.java:685)
	at com.alibaba.nacos.shaded.io.grpc.netty.shaded.io.netty.channel.nio.NioEventLoop.processSelectedKeysOptimized(NioEventLoop.java:632)
	at com.alibaba.nacos.shaded.io.grpc.netty.shaded.io.netty.channel.nio.NioEventLoop.processSelectedKeys(NioEventLoop.java:549)
	at com.alibaba.nacos.shaded.io.grpc.netty.shaded.io.netty.channel.nio.NioEventLoop.run(NioEventLoop.java:511)
	at com.alibaba.nacos.shaded.io.grpc.netty.shaded.io.netty.util.concurrent.SingleThreadEventExecutor$5.run(SingleThreadEventExecutor.java:918)
	at com.alibaba.nacos.shaded.io.grpc.netty.shaded.io.netty.util.internal.ThreadExecutorMap$2.run(ThreadExecutorMap.java:74)
	at com.alibaba.nacos.shaded.io.grpc.netty.shaded.io.netty.util.concurrent.FastThreadLocalRunnable.run(FastThreadLocalRunnable.java:30)
	at java.base/java.lang.Thread.run(Thread.java:1589)
2025-09-19 15:10:56.877  INFO  [com.alibaba.nacos.client.remote.worker] c.a.n.c.r.client - [8401d6de-feba-45c0-b931-8e0ec77873e3_config-0] Try to reconnect to a new server, server is  not appointed, will choose a random server.
2025-09-19 15:10:56.878  INFO  [main] c.a.n.c.r.client - [8401d6de-feba-45c0-b931-8e0ec77873e3_config-0] Register server push request handler:com.alibaba.nacos.common.remote.client.RpcClient$ConnectResetRequestHandler
2025-09-19 15:10:56.878  INFO  [main] c.a.n.c.r.client - [8401d6de-feba-45c0-b931-8e0ec77873e3_config-0] Register server push request handler:com.alibaba.nacos.common.remote.client.RpcClient$$Lambda$109/0x0000000801285050
2025-09-19 15:10:56.880  ERROR [com.alibaba.nacos.client.remote.worker] c.a.n.c.r.c.g.GrpcClient - Server check fail, please check server 127.0.0.1 ,port 9848 is available , error ={}
java.util.concurrent.ExecutionException: com.alibaba.nacos.shaded.io.grpc.StatusRuntimeException: UNAVAILABLE: io exception
	at com.alibaba.nacos.shaded.com.google.common.util.concurrent.AbstractFuture.getDoneValue(AbstractFuture.java:566)
	at com.alibaba.nacos.shaded.com.google.common.util.concurrent.AbstractFuture.get(AbstractFuture.java:445)
	at com.alibaba.nacos.common.remote.client.grpc.GrpcClient.serverCheck(GrpcClient.java:148)
	at com.alibaba.nacos.common.remote.client.grpc.GrpcClient.connectToServer(GrpcClient.java:264)
	at com.alibaba.nacos.common.remote.client.RpcClient.reconnect(RpcClient.java:522)
	at com.alibaba.nacos.common.remote.client.RpcClient.lambda$start$2(RpcClient.java:370)
	at java.base/java.util.concurrent.Executors$RunnableAdapter.call(Executors.java:577)
	at java.base/java.util.concurrent.FutureTask.run(FutureTask.java:317)
	at java.base/java.util.concurrent.ScheduledThreadPoolExecutor$ScheduledFutureTask.run(ScheduledThreadPoolExecutor.java:304)
	at java.base/java.util.concurrent.ThreadPoolExecutor.runWorker(ThreadPoolExecutor.java:1144)
	at java.base/java.util.concurrent.ThreadPoolExecutor$Worker.run(ThreadPoolExecutor.java:642)
	at java.base/java.lang.Thread.run(Thread.java:1589)
Caused by: com.alibaba.nacos.shaded.io.grpc.StatusRuntimeException: UNAVAILABLE: io exception
	at com.alibaba.nacos.shaded.io.grpc.Status.asRuntimeException(Status.java:533)
	at com.alibaba.nacos.shaded.io.grpc.stub.ClientCalls$UnaryStreamToFuture.onClose(ClientCalls.java:490)
	at com.alibaba.nacos.shaded.io.grpc.PartialForwardingClientCallListener.onClose(PartialForwardingClientCallListener.java:39)
	at com.alibaba.nacos.shaded.io.grpc.ForwardingClientCallListener.onClose(ForwardingClientCallListener.java:23)
	at com.alibaba.nacos.shaded.io.grpc.ForwardingClientCallListener$SimpleForwardingClientCallListener.onClose(ForwardingClientCallListener.java:40)
	at com.alibaba.nacos.shaded.io.grpc.internal.CensusStatsModule$StatsClientInterceptor$1$1.onClose(CensusStatsModule.java:700)
	at com.alibaba.nacos.shaded.io.grpc.PartialForwardingClientCallListener.onClose(PartialForwardingClientCallListener.java:39)
	at com.alibaba.nacos.shaded.io.grpc.ForwardingClientCallListener.onClose(ForwardingClientCallListener.java:23)
	at com.alibaba.nacos.shaded.io.grpc.ForwardingClientCallListener$SimpleForwardingClientCallListener.onClose(ForwardingClientCallListener.java:40)
	at com.alibaba.nacos.shaded.io.grpc.internal.CensusTracingModule$TracingClientInterceptor$1$1.onClose(CensusTracingModule.java:399)
	at com.alibaba.nacos.shaded.io.grpc.internal.ClientCallImpl.closeObserver(ClientCallImpl.java:510)
	at com.alibaba.nacos.shaded.io.grpc.internal.ClientCallImpl.access$300(ClientCallImpl.java:66)
	at com.alibaba.nacos.shaded.io.grpc.internal.ClientCallImpl$ClientStreamListenerImpl.close(ClientCallImpl.java:630)
	at com.alibaba.nacos.shaded.io.grpc.internal.ClientCallImpl$ClientStreamListenerImpl.access$700(ClientCallImpl.java:518)
	at com.alibaba.nacos.shaded.io.grpc.internal.ClientCallImpl$ClientStreamListenerImpl$1StreamClosed.runInternal(ClientCallImpl.java:692)
	at com.alibaba.nacos.shaded.io.grpc.internal.ClientCallImpl$ClientStreamListenerImpl$1StreamClosed.runInContext(ClientCallImpl.java:681)
	at com.alibaba.nacos.shaded.io.grpc.internal.ContextRunnable.run(ContextRunnable.java:37)
	at com.alibaba.nacos.shaded.io.grpc.internal.SerializingExecutor.run(SerializingExecutor.java:123)
	... 3 common frames omitted
Caused by: com.alibaba.nacos.shaded.io.grpc.netty.shaded.io.netty.channel.AbstractChannel$AnnotatedConnectException: Connection refused: no further information: /127.0.0.1:9848
Caused by: java.net.ConnectException: Connection refused: no further information
	at java.base/sun.nio.ch.Net.pollConnect(Native Method)
	at java.base/sun.nio.ch.Net.pollConnectNow(Net.java:672)
	at java.base/sun.nio.ch.SocketChannelImpl.finishConnect(SocketChannelImpl.java:973)
	at com.alibaba.nacos.shaded.io.grpc.netty.shaded.io.netty.channel.socket.nio.NioSocketChannel.doFinishConnect(NioSocketChannel.java:327)
	at com.alibaba.nacos.shaded.io.grpc.netty.shaded.io.netty.channel.nio.AbstractNioChannel$AbstractNioUnsafe.finishConnect(AbstractNioChannel.java:336)
	at com.alibaba.nacos.shaded.io.grpc.netty.shaded.io.netty.channel.nio.NioEventLoop.processSelectedKey(NioEventLoop.java:685)
	at com.alibaba.nacos.shaded.io.grpc.netty.shaded.io.netty.channel.nio.NioEventLoop.processSelectedKeysOptimized(NioEventLoop.java:632)
	at com.alibaba.nacos.shaded.io.grpc.netty.shaded.io.netty.channel.nio.NioEventLoop.processSelectedKeys(NioEventLoop.java:549)
	at com.alibaba.nacos.shaded.io.grpc.netty.shaded.io.netty.channel.nio.NioEventLoop.run(NioEventLoop.java:511)
	at com.alibaba.nacos.shaded.io.grpc.netty.shaded.io.netty.util.concurrent.SingleThreadEventExecutor$5.run(SingleThreadEventExecutor.java:918)
	at com.alibaba.nacos.shaded.io.grpc.netty.shaded.io.netty.util.internal.ThreadExecutorMap$2.run(ThreadExecutorMap.java:74)
	at com.alibaba.nacos.shaded.io.grpc.netty.shaded.io.netty.util.concurrent.FastThreadLocalRunnable.run(FastThreadLocalRunnable.java:30)
	at java.base/java.lang.Thread.run(Thread.java:1589)
2025-09-19 15:10:56.998  ERROR [com.alibaba.nacos.client.remote.worker] c.a.n.c.r.c.g.GrpcClient - Server check fail, please check server 127.0.0.1 ,port 9848 is available , error ={}
java.util.concurrent.ExecutionException: com.alibaba.nacos.shaded.io.grpc.StatusRuntimeException: UNAVAILABLE: io exception
	at com.alibaba.nacos.shaded.com.google.common.util.concurrent.AbstractFuture.getDoneValue(AbstractFuture.java:566)
	at com.alibaba.nacos.shaded.com.google.common.util.concurrent.AbstractFuture.get(AbstractFuture.java:445)
	at com.alibaba.nacos.common.remote.client.grpc.GrpcClient.serverCheck(GrpcClient.java:148)
	at com.alibaba.nacos.common.remote.client.grpc.GrpcClient.connectToServer(GrpcClient.java:264)
	at com.alibaba.nacos.common.remote.client.RpcClient.reconnect(RpcClient.java:522)
	at com.alibaba.nacos.common.remote.client.RpcClient.lambda$start$2(RpcClient.java:370)
	at java.base/java.util.concurrent.Executors$RunnableAdapter.call(Executors.java:577)
	at java.base/java.util.concurrent.FutureTask.run(FutureTask.java:317)
	at java.base/java.util.concurrent.ScheduledThreadPoolExecutor$ScheduledFutureTask.run(ScheduledThreadPoolExecutor.java:304)
	at java.base/java.util.concurrent.ThreadPoolExecutor.runWorker(ThreadPoolExecutor.java:1144)
	at java.base/java.util.concurrent.ThreadPoolExecutor$Worker.run(ThreadPoolExecutor.java:642)
	at java.base/java.lang.Thread.run(Thread.java:1589)
Caused by: com.alibaba.nacos.shaded.io.grpc.StatusRuntimeException: UNAVAILABLE: io exception
	at com.alibaba.nacos.shaded.io.grpc.Status.asRuntimeException(Status.java:533)
	at com.alibaba.nacos.shaded.io.grpc.stub.ClientCalls$UnaryStreamToFuture.onClose(ClientCalls.java:490)
	at com.alibaba.nacos.shaded.io.grpc.PartialForwardingClientCallListener.onClose(PartialForwardingClientCallListener.java:39)
	at com.alibaba.nacos.shaded.io.grpc.ForwardingClientCallListener.onClose(ForwardingClientCallListener.java:23)
	at com.alibaba.nacos.shaded.io.grpc.ForwardingClientCallListener$SimpleForwardingClientCallListener.onClose(ForwardingClientCallListener.java:40)
	at com.alibaba.nacos.shaded.io.grpc.internal.CensusStatsModule$StatsClientInterceptor$1$1.onClose(CensusStatsModule.java:700)
	at com.alibaba.nacos.shaded.io.grpc.PartialForwardingClientCallListener.onClose(PartialForwardingClientCallListener.java:39)
	at com.alibaba.nacos.shaded.io.grpc.ForwardingClientCallListener.onClose(ForwardingClientCallListener.java:23)
	at com.alibaba.nacos.shaded.io.grpc.ForwardingClientCallListener$SimpleForwardingClientCallListener.onClose(ForwardingClientCallListener.java:40)
	at com.alibaba.nacos.shaded.io.grpc.internal.CensusTracingModule$TracingClientInterceptor$1$1.onClose(CensusTracingModule.java:399)
	at com.alibaba.nacos.shaded.io.grpc.internal.ClientCallImpl.closeObserver(ClientCallImpl.java:510)
	at com.alibaba.nacos.shaded.io.grpc.internal.ClientCallImpl.access$300(ClientCallImpl.java:66)
	at com.alibaba.nacos.shaded.io.grpc.internal.ClientCallImpl$ClientStreamListenerImpl.close(ClientCallImpl.java:630)
	at com.alibaba.nacos.shaded.io.grpc.internal.ClientCallImpl$ClientStreamListenerImpl.access$700(ClientCallImpl.java:518)
	at com.alibaba.nacos.shaded.io.grpc.internal.ClientCallImpl$ClientStreamListenerImpl$1StreamClosed.runInternal(ClientCallImpl.java:692)
	at com.alibaba.nacos.shaded.io.grpc.internal.ClientCallImpl$ClientStreamListenerImpl$1StreamClosed.runInContext(ClientCallImpl.java:681)
	at com.alibaba.nacos.shaded.io.grpc.internal.ContextRunnable.run(ContextRunnable.java:37)
	at com.alibaba.nacos.shaded.io.grpc.internal.SerializingExecutor.run(SerializingExecutor.java:123)
	... 3 common frames omitted
Caused by: com.alibaba.nacos.shaded.io.grpc.netty.shaded.io.netty.channel.AbstractChannel$AnnotatedConnectException: Connection refused: no further information: /127.0.0.1:9848
Caused by: java.net.ConnectException: Connection refused: no further information
	at java.base/sun.nio.ch.Net.pollConnect(Native Method)
	at java.base/sun.nio.ch.Net.pollConnectNow(Net.java:672)
	at java.base/sun.nio.ch.SocketChannelImpl.finishConnect(SocketChannelImpl.java:973)
	at com.alibaba.nacos.shaded.io.grpc.netty.shaded.io.netty.channel.socket.nio.NioSocketChannel.doFinishConnect(NioSocketChannel.java:327)
	at com.alibaba.nacos.shaded.io.grpc.netty.shaded.io.netty.channel.nio.AbstractNioChannel$AbstractNioUnsafe.finishConnect(AbstractNioChannel.java:336)
	at com.alibaba.nacos.shaded.io.grpc.netty.shaded.io.netty.channel.nio.NioEventLoop.processSelectedKey(NioEventLoop.java:685)
	at com.alibaba.nacos.shaded.io.grpc.netty.shaded.io.netty.channel.nio.NioEventLoop.processSelectedKeysOptimized(NioEventLoop.java:632)
	at com.alibaba.nacos.shaded.io.grpc.netty.shaded.io.netty.channel.nio.NioEventLoop.processSelectedKeys(NioEventLoop.java:549)
	at com.alibaba.nacos.shaded.io.grpc.netty.shaded.io.netty.channel.nio.NioEventLoop.run(NioEventLoop.java:511)
	at com.alibaba.nacos.shaded.io.grpc.netty.shaded.io.netty.util.concurrent.SingleThreadEventExecutor$5.run(SingleThreadEventExecutor.java:918)
	at com.alibaba.nacos.shaded.io.grpc.netty.shaded.io.netty.util.internal.ThreadExecutorMap$2.run(ThreadExecutorMap.java:74)
	at com.alibaba.nacos.shaded.io.grpc.netty.shaded.io.netty.util.concurrent.FastThreadLocalRunnable.run(FastThreadLocalRunnable.java:30)
	at java.base/java.lang.Thread.run(Thread.java:1589)
2025-09-19 15:10:56.999  INFO  [com.alibaba.nacos.client.remote.worker] c.a.n.c.r.client - [8401d6de-feba-45c0-b931-8e0ec77873e3_config-0] Fail to connect server, after trying 1 times, last try server is {serverIp = '127.0.0.1', server main port = 8848}, error = unknown
2025-09-19 15:10:57.025  ERROR [main] c.a.n.c.r.client - Send request fail, request = ConfigQueryRequest{headers={charset=UTF-8, Client-AppName=unknown, Client-RequestToken=c20e857891026233a188cd8c9c022e41, Client-RequestTS=1758265856878, exConfigInfo=true, notify=false, Timestamp=1758265856880}, requestId='null'}, retryTimes = 0, errorMessage = Client not connected, current status:STARTING
2025-09-19 15:10:57.134  ERROR [main] c.a.n.c.r.client - Send request fail, request = ConfigQueryRequest{headers={charset=UTF-8, Client-AppName=unknown, Client-RequestToken=c20e857891026233a188cd8c9c022e41, Client-RequestTS=1758265856878, exConfigInfo=true, notify=false, Timestamp=1758265856880}, requestId='null'}, retryTimes = 1, errorMessage = Client not connected, current status:STARTING
2025-09-19 15:10:57.214  ERROR [com.alibaba.nacos.client.remote.worker] c.a.n.c.r.c.g.GrpcClient - Server check fail, please check server 127.0.0.1 ,port 9848 is available , error ={}
java.util.concurrent.ExecutionException: com.alibaba.nacos.shaded.io.grpc.StatusRuntimeException: UNAVAILABLE: io exception
	at com.alibaba.nacos.shaded.com.google.common.util.concurrent.AbstractFuture.getDoneValue(AbstractFuture.java:566)
	at com.alibaba.nacos.shaded.com.google.common.util.concurrent.AbstractFuture.get(AbstractFuture.java:445)
	at com.alibaba.nacos.common.remote.client.grpc.GrpcClient.serverCheck(GrpcClient.java:148)
	at com.alibaba.nacos.common.remote.client.grpc.GrpcClient.connectToServer(GrpcClient.java:264)
	at com.alibaba.nacos.common.remote.client.RpcClient.reconnect(RpcClient.java:522)
	at com.alibaba.nacos.common.remote.client.RpcClient.lambda$start$2(RpcClient.java:370)
	at java.base/java.util.concurrent.Executors$RunnableAdapter.call(Executors.java:577)
	at java.base/java.util.concurrent.FutureTask.run(FutureTask.java:317)
	at java.base/java.util.concurrent.ScheduledThreadPoolExecutor$ScheduledFutureTask.run(ScheduledThreadPoolExecutor.java:304)
	at java.base/java.util.concurrent.ThreadPoolExecutor.runWorker(ThreadPoolExecutor.java:1144)
	at java.base/java.util.concurrent.ThreadPoolExecutor$Worker.run(ThreadPoolExecutor.java:642)
	at java.base/java.lang.Thread.run(Thread.java:1589)
Caused by: com.alibaba.nacos.shaded.io.grpc.StatusRuntimeException: UNAVAILABLE: io exception
	at com.alibaba.nacos.shaded.io.grpc.Status.asRuntimeException(Status.java:533)
	at com.alibaba.nacos.shaded.io.grpc.stub.ClientCalls$UnaryStreamToFuture.onClose(ClientCalls.java:490)
	at com.alibaba.nacos.shaded.io.grpc.PartialForwardingClientCallListener.onClose(PartialForwardingClientCallListener.java:39)
	at com.alibaba.nacos.shaded.io.grpc.ForwardingClientCallListener.onClose(ForwardingClientCallListener.java:23)
	at com.alibaba.nacos.shaded.io.grpc.ForwardingClientCallListener$SimpleForwardingClientCallListener.onClose(ForwardingClientCallListener.java:40)
	at com.alibaba.nacos.shaded.io.grpc.internal.CensusStatsModule$StatsClientInterceptor$1$1.onClose(CensusStatsModule.java:700)
	at com.alibaba.nacos.shaded.io.grpc.PartialForwardingClientCallListener.onClose(PartialForwardingClientCallListener.java:39)
	at com.alibaba.nacos.shaded.io.grpc.ForwardingClientCallListener.onClose(ForwardingClientCallListener.java:23)
	at com.alibaba.nacos.shaded.io.grpc.ForwardingClientCallListener$SimpleForwardingClientCallListener.onClose(ForwardingClientCallListener.java:40)
	at com.alibaba.nacos.shaded.io.grpc.internal.CensusTracingModule$TracingClientInterceptor$1$1.onClose(CensusTracingModule.java:399)
	at com.alibaba.nacos.shaded.io.grpc.internal.ClientCallImpl.closeObserver(ClientCallImpl.java:510)
	at com.alibaba.nacos.shaded.io.grpc.internal.ClientCallImpl.access$300(ClientCallImpl.java:66)
	at com.alibaba.nacos.shaded.io.grpc.internal.ClientCallImpl$ClientStreamListenerImpl.close(ClientCallImpl.java:630)
	at com.alibaba.nacos.shaded.io.grpc.internal.ClientCallImpl$ClientStreamListenerImpl.access$700(ClientCallImpl.java:518)
	at com.alibaba.nacos.shaded.io.grpc.internal.ClientCallImpl$ClientStreamListenerImpl$1StreamClosed.runInternal(ClientCallImpl.java:692)
	at com.alibaba.nacos.shaded.io.grpc.internal.ClientCallImpl$ClientStreamListenerImpl$1StreamClosed.runInContext(ClientCallImpl.java:681)
	at com.alibaba.nacos.shaded.io.grpc.internal.ContextRunnable.run(ContextRunnable.java:37)
	at com.alibaba.nacos.shaded.io.grpc.internal.SerializingExecutor.run(SerializingExecutor.java:123)
	... 3 common frames omitted
Caused by: com.alibaba.nacos.shaded.io.grpc.netty.shaded.io.netty.channel.AbstractChannel$AnnotatedConnectException: Connection refused: no further information: /127.0.0.1:9848
Caused by: java.net.ConnectException: Connection refused: no further information
	at java.base/sun.nio.ch.Net.pollConnect(Native Method)
	at java.base/sun.nio.ch.Net.pollConnectNow(Net.java:672)
	at java.base/sun.nio.ch.SocketChannelImpl.finishConnect(SocketChannelImpl.java:973)
	at com.alibaba.nacos.shaded.io.grpc.netty.shaded.io.netty.channel.socket.nio.NioSocketChannel.doFinishConnect(NioSocketChannel.java:327)
	at com.alibaba.nacos.shaded.io.grpc.netty.shaded.io.netty.channel.nio.AbstractNioChannel$AbstractNioUnsafe.finishConnect(AbstractNioChannel.java:336)
	at com.alibaba.nacos.shaded.io.grpc.netty.shaded.io.netty.channel.nio.NioEventLoop.processSelectedKey(NioEventLoop.java:685)
	at com.alibaba.nacos.shaded.io.grpc.netty.shaded.io.netty.channel.nio.NioEventLoop.processSelectedKeysOptimized(NioEventLoop.java:632)
	at com.alibaba.nacos.shaded.io.grpc.netty.shaded.io.netty.channel.nio.NioEventLoop.processSelectedKeys(NioEventLoop.java:549)
	at com.alibaba.nacos.shaded.io.grpc.netty.shaded.io.netty.channel.nio.NioEventLoop.run(NioEventLoop.java:511)
	at com.alibaba.nacos.shaded.io.grpc.netty.shaded.io.netty.util.concurrent.SingleThreadEventExecutor$5.run(SingleThreadEventExecutor.java:918)
	at com.alibaba.nacos.shaded.io.grpc.netty.shaded.io.netty.util.internal.ThreadExecutorMap$2.run(ThreadExecutorMap.java:74)
	at com.alibaba.nacos.shaded.io.grpc.netty.shaded.io.netty.util.concurrent.FastThreadLocalRunnable.run(FastThreadLocalRunnable.java:30)
	at java.base/java.lang.Thread.run(Thread.java:1589)
2025-09-19 15:10:57.214  INFO  [com.alibaba.nacos.client.remote.worker] c.a.n.c.r.client - [8401d6de-feba-45c0-b931-8e0ec77873e3_config-0] Fail to connect server, after trying 2 times, last try server is {serverIp = '127.0.0.1', server main port = 8848}, error = unknown
2025-09-19 15:10:57.241  ERROR [main] c.a.n.c.r.client - Send request fail, request = ConfigQueryRequest{headers={charset=UTF-8, Client-AppName=unknown, Client-RequestToken=c20e857891026233a188cd8c9c022e41, Client-RequestTS=1758265856878, exConfigInfo=true, notify=false, Timestamp=1758265856880}, requestId='null'}, retryTimes = 2, errorMessage = Client not connected, current status:STARTING
2025-09-19 15:10:57.243  INFO  [main] c.y.g.c.c.n.i.NacosConfigCenter - Rules-Config From Nacos: null
2025-09-19 15:10:57.282  WARN  [Thread-3] c.a.n.c.n.NotifyCenter - [NotifyCenter] Start destroying Publisher
2025-09-19 15:10:57.282  WARN  [Thread-0] c.a.n.c.h.HttpClientBeanHolder - [HttpClientBeanHolder] Start destroying common HttpClient
2025-09-19 15:10:57.282  WARN  [Thread-3] c.a.n.c.n.NotifyCenter - [NotifyCenter] Destruction of the end
2025-09-19 15:10:57.282  WARN  [Thread-0] c.a.n.c.h.HttpClientBeanHolder - [HttpClientBeanHolder] Destruction of the end
2025-09-19 15:13:02.126  INFO  [main] c.a.n.c.r.client - [RpcClientFactory] create a new rpc client of 6557a64c-d3e6-481c-b159-daeb774ca1a6_config-0
2025-09-19 15:13:02.168  INFO  [main] o.r.Reflections - Reflections took 21 ms to scan 1 urls, producing 3 keys and 6 values 
2025-09-19 15:13:02.205  INFO  [main] o.r.Reflections - Reflections took 11 ms to scan 1 urls, producing 4 keys and 9 values 
2025-09-19 15:13:02.214  INFO  [main] o.r.Reflections - Reflections took 8 ms to scan 1 urls, producing 3 keys and 10 values 
2025-09-19 15:13:02.217  WARN  [main] o.r.Reflections - given scan urls are empty. set urls in the configuration
2025-09-19 15:13:02.223  INFO  [main] o.r.Reflections - Reflections took 5 ms to scan 1 urls, producing 1 keys and 5 values 
2025-09-19 15:13:02.230  INFO  [main] o.r.Reflections - Reflections took 4 ms to scan 1 urls, producing 1 keys and 7 values 
2025-09-19 15:13:02.237  INFO  [main] o.r.Reflections - Reflections took 3 ms to scan 1 urls, producing 2 keys and 8 values 
2025-09-19 15:13:02.240  WARN  [main] o.r.Reflections - given scan urls are empty. set urls in the configuration
2025-09-19 15:13:02.242  INFO  [main] c.a.n.c.r.client - [6557a64c-d3e6-481c-b159-daeb774ca1a6_config-0] RpcClient init label, labels = {module=config, Vipserver-Tag=null, source=sdk, Amory-Tag=null, Location-Tag=null, taskId=0, AppName=unknown}
2025-09-19 15:13:02.243  INFO  [main] c.a.n.c.r.client - [6557a64c-d3e6-481c-b159-daeb774ca1a6_config-0] Register server push request handler:com.alibaba.nacos.client.config.impl.ClientWorker$ConfigRpcTransportClient$$Lambda$70/0x0000000801109b38
2025-09-19 15:13:02.244  INFO  [main] c.a.n.c.r.client - [6557a64c-d3e6-481c-b159-daeb774ca1a6_config-0] Register server push request handler:com.alibaba.nacos.client.config.impl.ClientWorker$ConfigRpcTransportClient$$Lambda$71/0x0000000801109d48
2025-09-19 15:13:02.245  INFO  [main] c.a.n.c.r.client - [6557a64c-d3e6-481c-b159-daeb774ca1a6_config-0] Registry connection listener to current client:com.alibaba.nacos.client.config.impl.ClientWorker$ConfigRpcTransportClient$1
2025-09-19 15:13:02.247  INFO  [main] c.a.n.c.r.client - [6557a64c-d3e6-481c-b159-daeb774ca1a6_config-0] RpcClient init, ServerListFactory = com.alibaba.nacos.client.config.impl.ClientWorker$ConfigRpcTransportClient$2
2025-09-19 15:13:02.258  INFO  [main] c.a.n.c.r.client - [6557a64c-d3e6-481c-b159-daeb774ca1a6_config-0] Try to connect to server on start up, server: {serverIp = '127.0.0.1', server main port = 8848}
2025-09-19 15:13:02.827  ERROR [main] c.a.n.c.r.c.g.GrpcClient - Server check fail, please check server 127.0.0.1 ,port 9848 is available , error ={}
java.util.concurrent.ExecutionException: com.alibaba.nacos.shaded.io.grpc.StatusRuntimeException: UNAVAILABLE: io exception
	at com.alibaba.nacos.shaded.com.google.common.util.concurrent.AbstractFuture.getDoneValue(AbstractFuture.java:566)
	at com.alibaba.nacos.shaded.com.google.common.util.concurrent.AbstractFuture.get(AbstractFuture.java:445)
	at com.alibaba.nacos.common.remote.client.grpc.GrpcClient.serverCheck(GrpcClient.java:148)
	at com.alibaba.nacos.common.remote.client.grpc.GrpcClient.connectToServer(GrpcClient.java:264)
	at com.alibaba.nacos.common.remote.client.RpcClient.start(RpcClient.java:390)
	at com.alibaba.nacos.client.config.impl.ClientWorker$ConfigRpcTransportClient.ensureRpcClient(ClientWorker.java:885)
	at com.alibaba.nacos.client.config.impl.ClientWorker$ConfigRpcTransportClient.getOneRunningClient(ClientWorker.java:1044)
	at com.alibaba.nacos.client.config.impl.ClientWorker$ConfigRpcTransportClient.queryConfig(ClientWorker.java:940)
	at com.alibaba.nacos.client.config.impl.ClientWorker.getServerConfig(ClientWorker.java:397)
	at com.alibaba.nacos.client.config.NacosConfigService.getConfigInner(NacosConfigService.java:166)
	at com.alibaba.nacos.client.config.NacosConfigService.getConfig(NacosConfigService.java:94)
	at com.yu.gateway.config.center.nacos.impl.NacosConfigCenter.subscribeRulesChange(NacosConfigCenter.java:72)
	at com.yu.gateway.core.BootStrap.main(BootStrap.java:43)
Caused by: com.alibaba.nacos.shaded.io.grpc.StatusRuntimeException: UNAVAILABLE: io exception
	at com.alibaba.nacos.shaded.io.grpc.Status.asRuntimeException(Status.java:533)
	at com.alibaba.nacos.shaded.io.grpc.stub.ClientCalls$UnaryStreamToFuture.onClose(ClientCalls.java:490)
	at com.alibaba.nacos.shaded.io.grpc.PartialForwardingClientCallListener.onClose(PartialForwardingClientCallListener.java:39)
	at com.alibaba.nacos.shaded.io.grpc.ForwardingClientCallListener.onClose(ForwardingClientCallListener.java:23)
	at com.alibaba.nacos.shaded.io.grpc.ForwardingClientCallListener$SimpleForwardingClientCallListener.onClose(ForwardingClientCallListener.java:40)
	at com.alibaba.nacos.shaded.io.grpc.internal.CensusStatsModule$StatsClientInterceptor$1$1.onClose(CensusStatsModule.java:700)
	at com.alibaba.nacos.shaded.io.grpc.PartialForwardingClientCallListener.onClose(PartialForwardingClientCallListener.java:39)
	at com.alibaba.nacos.shaded.io.grpc.ForwardingClientCallListener.onClose(ForwardingClientCallListener.java:23)
	at com.alibaba.nacos.shaded.io.grpc.ForwardingClientCallListener$SimpleForwardingClientCallListener.onClose(ForwardingClientCallListener.java:40)
	at com.alibaba.nacos.shaded.io.grpc.internal.CensusTracingModule$TracingClientInterceptor$1$1.onClose(CensusTracingModule.java:399)
	at com.alibaba.nacos.shaded.io.grpc.internal.ClientCallImpl.closeObserver(ClientCallImpl.java:510)
	at com.alibaba.nacos.shaded.io.grpc.internal.ClientCallImpl.access$300(ClientCallImpl.java:66)
	at com.alibaba.nacos.shaded.io.grpc.internal.ClientCallImpl$ClientStreamListenerImpl.close(ClientCallImpl.java:630)
	at com.alibaba.nacos.shaded.io.grpc.internal.ClientCallImpl$ClientStreamListenerImpl.access$700(ClientCallImpl.java:518)
	at com.alibaba.nacos.shaded.io.grpc.internal.ClientCallImpl$ClientStreamListenerImpl$1StreamClosed.runInternal(ClientCallImpl.java:692)
	at com.alibaba.nacos.shaded.io.grpc.internal.ClientCallImpl$ClientStreamListenerImpl$1StreamClosed.runInContext(ClientCallImpl.java:681)
	at com.alibaba.nacos.shaded.io.grpc.internal.ContextRunnable.run(ContextRunnable.java:37)
	at com.alibaba.nacos.shaded.io.grpc.internal.SerializingExecutor.run(SerializingExecutor.java:123)
	at java.base/java.util.concurrent.ThreadPoolExecutor.runWorker(ThreadPoolExecutor.java:1144)
	at java.base/java.util.concurrent.ThreadPoolExecutor$Worker.run(ThreadPoolExecutor.java:642)
	at java.base/java.lang.Thread.run(Thread.java:1589)
Caused by: com.alibaba.nacos.shaded.io.grpc.netty.shaded.io.netty.channel.AbstractChannel$AnnotatedConnectException: Connection refused: no further information: /127.0.0.1:9848
Caused by: java.net.ConnectException: Connection refused: no further information
	at java.base/sun.nio.ch.Net.pollConnect(Native Method)
	at java.base/sun.nio.ch.Net.pollConnectNow(Net.java:672)
	at java.base/sun.nio.ch.SocketChannelImpl.finishConnect(SocketChannelImpl.java:973)
	at com.alibaba.nacos.shaded.io.grpc.netty.shaded.io.netty.channel.socket.nio.NioSocketChannel.doFinishConnect(NioSocketChannel.java:327)
	at com.alibaba.nacos.shaded.io.grpc.netty.shaded.io.netty.channel.nio.AbstractNioChannel$AbstractNioUnsafe.finishConnect(AbstractNioChannel.java:336)
	at com.alibaba.nacos.shaded.io.grpc.netty.shaded.io.netty.channel.nio.NioEventLoop.processSelectedKey(NioEventLoop.java:685)
	at com.alibaba.nacos.shaded.io.grpc.netty.shaded.io.netty.channel.nio.NioEventLoop.processSelectedKeysOptimized(NioEventLoop.java:632)
	at com.alibaba.nacos.shaded.io.grpc.netty.shaded.io.netty.channel.nio.NioEventLoop.processSelectedKeys(NioEventLoop.java:549)
	at com.alibaba.nacos.shaded.io.grpc.netty.shaded.io.netty.channel.nio.NioEventLoop.run(NioEventLoop.java:511)
	at com.alibaba.nacos.shaded.io.grpc.netty.shaded.io.netty.util.concurrent.SingleThreadEventExecutor$5.run(SingleThreadEventExecutor.java:918)
	at com.alibaba.nacos.shaded.io.grpc.netty.shaded.io.netty.util.internal.ThreadExecutorMap$2.run(ThreadExecutorMap.java:74)
	at com.alibaba.nacos.shaded.io.grpc.netty.shaded.io.netty.util.concurrent.FastThreadLocalRunnable.run(FastThreadLocalRunnable.java:30)
	at java.base/java.lang.Thread.run(Thread.java:1589)
2025-09-19 15:13:02.829  INFO  [main] c.a.n.c.r.client - [6557a64c-d3e6-481c-b159-daeb774ca1a6_config-0] Try to connect to server on start up, server: {serverIp = '127.0.0.1', server main port = 8848}
2025-09-19 15:13:02.832  ERROR [main] c.a.n.c.r.c.g.GrpcClient - Server check fail, please check server 127.0.0.1 ,port 9848 is available , error ={}
java.util.concurrent.ExecutionException: com.alibaba.nacos.shaded.io.grpc.StatusRuntimeException: UNAVAILABLE: io exception
	at com.alibaba.nacos.shaded.com.google.common.util.concurrent.AbstractFuture.getDoneValue(AbstractFuture.java:566)
	at com.alibaba.nacos.shaded.com.google.common.util.concurrent.AbstractFuture.get(AbstractFuture.java:445)
	at com.alibaba.nacos.common.remote.client.grpc.GrpcClient.serverCheck(GrpcClient.java:148)
	at com.alibaba.nacos.common.remote.client.grpc.GrpcClient.connectToServer(GrpcClient.java:264)
	at com.alibaba.nacos.common.remote.client.RpcClient.start(RpcClient.java:390)
	at com.alibaba.nacos.client.config.impl.ClientWorker$ConfigRpcTransportClient.ensureRpcClient(ClientWorker.java:885)
	at com.alibaba.nacos.client.config.impl.ClientWorker$ConfigRpcTransportClient.getOneRunningClient(ClientWorker.java:1044)
	at com.alibaba.nacos.client.config.impl.ClientWorker$ConfigRpcTransportClient.queryConfig(ClientWorker.java:940)
	at com.alibaba.nacos.client.config.impl.ClientWorker.getServerConfig(ClientWorker.java:397)
	at com.alibaba.nacos.client.config.NacosConfigService.getConfigInner(NacosConfigService.java:166)
	at com.alibaba.nacos.client.config.NacosConfigService.getConfig(NacosConfigService.java:94)
	at com.yu.gateway.config.center.nacos.impl.NacosConfigCenter.subscribeRulesChange(NacosConfigCenter.java:72)
	at com.yu.gateway.core.BootStrap.main(BootStrap.java:43)
Caused by: com.alibaba.nacos.shaded.io.grpc.StatusRuntimeException: UNAVAILABLE: io exception
	at com.alibaba.nacos.shaded.io.grpc.Status.asRuntimeException(Status.java:533)
	at com.alibaba.nacos.shaded.io.grpc.stub.ClientCalls$UnaryStreamToFuture.onClose(ClientCalls.java:490)
	at com.alibaba.nacos.shaded.io.grpc.PartialForwardingClientCallListener.onClose(PartialForwardingClientCallListener.java:39)
	at com.alibaba.nacos.shaded.io.grpc.ForwardingClientCallListener.onClose(ForwardingClientCallListener.java:23)
	at com.alibaba.nacos.shaded.io.grpc.ForwardingClientCallListener$SimpleForwardingClientCallListener.onClose(ForwardingClientCallListener.java:40)
	at com.alibaba.nacos.shaded.io.grpc.internal.CensusStatsModule$StatsClientInterceptor$1$1.onClose(CensusStatsModule.java:700)
	at com.alibaba.nacos.shaded.io.grpc.PartialForwardingClientCallListener.onClose(PartialForwardingClientCallListener.java:39)
	at com.alibaba.nacos.shaded.io.grpc.ForwardingClientCallListener.onClose(ForwardingClientCallListener.java:23)
	at com.alibaba.nacos.shaded.io.grpc.ForwardingClientCallListener$SimpleForwardingClientCallListener.onClose(ForwardingClientCallListener.java:40)
	at com.alibaba.nacos.shaded.io.grpc.internal.CensusTracingModule$TracingClientInterceptor$1$1.onClose(CensusTracingModule.java:399)
	at com.alibaba.nacos.shaded.io.grpc.internal.ClientCallImpl.closeObserver(ClientCallImpl.java:510)
	at com.alibaba.nacos.shaded.io.grpc.internal.ClientCallImpl.access$300(ClientCallImpl.java:66)
	at com.alibaba.nacos.shaded.io.grpc.internal.ClientCallImpl$ClientStreamListenerImpl.close(ClientCallImpl.java:630)
	at com.alibaba.nacos.shaded.io.grpc.internal.ClientCallImpl$ClientStreamListenerImpl.access$700(ClientCallImpl.java:518)
	at com.alibaba.nacos.shaded.io.grpc.internal.ClientCallImpl$ClientStreamListenerImpl$1StreamClosed.runInternal(ClientCallImpl.java:692)
	at com.alibaba.nacos.shaded.io.grpc.internal.ClientCallImpl$ClientStreamListenerImpl$1StreamClosed.runInContext(ClientCallImpl.java:681)
	at com.alibaba.nacos.shaded.io.grpc.internal.ContextRunnable.run(ContextRunnable.java:37)
	at com.alibaba.nacos.shaded.io.grpc.internal.SerializingExecutor.run(SerializingExecutor.java:123)
	at java.base/java.util.concurrent.ThreadPoolExecutor.runWorker(ThreadPoolExecutor.java:1144)
	at java.base/java.util.concurrent.ThreadPoolExecutor$Worker.run(ThreadPoolExecutor.java:642)
	at java.base/java.lang.Thread.run(Thread.java:1589)
Caused by: com.alibaba.nacos.shaded.io.grpc.netty.shaded.io.netty.channel.AbstractChannel$AnnotatedConnectException: Connection refused: no further information: /127.0.0.1:9848
Caused by: java.net.ConnectException: Connection refused: no further information
	at java.base/sun.nio.ch.Net.pollConnect(Native Method)
	at java.base/sun.nio.ch.Net.pollConnectNow(Net.java:672)
	at java.base/sun.nio.ch.SocketChannelImpl.finishConnect(SocketChannelImpl.java:973)
	at com.alibaba.nacos.shaded.io.grpc.netty.shaded.io.netty.channel.socket.nio.NioSocketChannel.doFinishConnect(NioSocketChannel.java:327)
	at com.alibaba.nacos.shaded.io.grpc.netty.shaded.io.netty.channel.nio.AbstractNioChannel$AbstractNioUnsafe.finishConnect(AbstractNioChannel.java:336)
	at com.alibaba.nacos.shaded.io.grpc.netty.shaded.io.netty.channel.nio.NioEventLoop.processSelectedKey(NioEventLoop.java:685)
	at com.alibaba.nacos.shaded.io.grpc.netty.shaded.io.netty.channel.nio.NioEventLoop.processSelectedKeysOptimized(NioEventLoop.java:632)
	at com.alibaba.nacos.shaded.io.grpc.netty.shaded.io.netty.channel.nio.NioEventLoop.processSelectedKeys(NioEventLoop.java:549)
	at com.alibaba.nacos.shaded.io.grpc.netty.shaded.io.netty.channel.nio.NioEventLoop.run(NioEventLoop.java:511)
	at com.alibaba.nacos.shaded.io.grpc.netty.shaded.io.netty.util.concurrent.SingleThreadEventExecutor$5.run(SingleThreadEventExecutor.java:918)
	at com.alibaba.nacos.shaded.io.grpc.netty.shaded.io.netty.util.internal.ThreadExecutorMap$2.run(ThreadExecutorMap.java:74)
	at com.alibaba.nacos.shaded.io.grpc.netty.shaded.io.netty.util.concurrent.FastThreadLocalRunnable.run(FastThreadLocalRunnable.java:30)
	at java.base/java.lang.Thread.run(Thread.java:1589)
2025-09-19 15:13:02.833  INFO  [main] c.a.n.c.r.client - [6557a64c-d3e6-481c-b159-daeb774ca1a6_config-0] Try to connect to server on start up, server: {serverIp = '127.0.0.1', server main port = 8848}
2025-09-19 15:13:02.835  ERROR [main] c.a.n.c.r.c.g.GrpcClient - Server check fail, please check server 127.0.0.1 ,port 9848 is available , error ={}
java.util.concurrent.ExecutionException: com.alibaba.nacos.shaded.io.grpc.StatusRuntimeException: UNAVAILABLE: io exception
	at com.alibaba.nacos.shaded.com.google.common.util.concurrent.AbstractFuture.getDoneValue(AbstractFuture.java:566)
	at com.alibaba.nacos.shaded.com.google.common.util.concurrent.AbstractFuture.get(AbstractFuture.java:445)
	at com.alibaba.nacos.common.remote.client.grpc.GrpcClient.serverCheck(GrpcClient.java:148)
	at com.alibaba.nacos.common.remote.client.grpc.GrpcClient.connectToServer(GrpcClient.java:264)
	at com.alibaba.nacos.common.remote.client.RpcClient.start(RpcClient.java:390)
	at com.alibaba.nacos.client.config.impl.ClientWorker$ConfigRpcTransportClient.ensureRpcClient(ClientWorker.java:885)
	at com.alibaba.nacos.client.config.impl.ClientWorker$ConfigRpcTransportClient.getOneRunningClient(ClientWorker.java:1044)
	at com.alibaba.nacos.client.config.impl.ClientWorker$ConfigRpcTransportClient.queryConfig(ClientWorker.java:940)
	at com.alibaba.nacos.client.config.impl.ClientWorker.getServerConfig(ClientWorker.java:397)
	at com.alibaba.nacos.client.config.NacosConfigService.getConfigInner(NacosConfigService.java:166)
	at com.alibaba.nacos.client.config.NacosConfigService.getConfig(NacosConfigService.java:94)
	at com.yu.gateway.config.center.nacos.impl.NacosConfigCenter.subscribeRulesChange(NacosConfigCenter.java:72)
	at com.yu.gateway.core.BootStrap.main(BootStrap.java:43)
Caused by: com.alibaba.nacos.shaded.io.grpc.StatusRuntimeException: UNAVAILABLE: io exception
	at com.alibaba.nacos.shaded.io.grpc.Status.asRuntimeException(Status.java:533)
	at com.alibaba.nacos.shaded.io.grpc.stub.ClientCalls$UnaryStreamToFuture.onClose(ClientCalls.java:490)
	at com.alibaba.nacos.shaded.io.grpc.PartialForwardingClientCallListener.onClose(PartialForwardingClientCallListener.java:39)
	at com.alibaba.nacos.shaded.io.grpc.ForwardingClientCallListener.onClose(ForwardingClientCallListener.java:23)
	at com.alibaba.nacos.shaded.io.grpc.ForwardingClientCallListener$SimpleForwardingClientCallListener.onClose(ForwardingClientCallListener.java:40)
	at com.alibaba.nacos.shaded.io.grpc.internal.CensusStatsModule$StatsClientInterceptor$1$1.onClose(CensusStatsModule.java:700)
	at com.alibaba.nacos.shaded.io.grpc.PartialForwardingClientCallListener.onClose(PartialForwardingClientCallListener.java:39)
	at com.alibaba.nacos.shaded.io.grpc.ForwardingClientCallListener.onClose(ForwardingClientCallListener.java:23)
	at com.alibaba.nacos.shaded.io.grpc.ForwardingClientCallListener$SimpleForwardingClientCallListener.onClose(ForwardingClientCallListener.java:40)
	at com.alibaba.nacos.shaded.io.grpc.internal.CensusTracingModule$TracingClientInterceptor$1$1.onClose(CensusTracingModule.java:399)
	at com.alibaba.nacos.shaded.io.grpc.internal.ClientCallImpl.closeObserver(ClientCallImpl.java:510)
	at com.alibaba.nacos.shaded.io.grpc.internal.ClientCallImpl.access$300(ClientCallImpl.java:66)
	at com.alibaba.nacos.shaded.io.grpc.internal.ClientCallImpl$ClientStreamListenerImpl.close(ClientCallImpl.java:630)
	at com.alibaba.nacos.shaded.io.grpc.internal.ClientCallImpl$ClientStreamListenerImpl.access$700(ClientCallImpl.java:518)
	at com.alibaba.nacos.shaded.io.grpc.internal.ClientCallImpl$ClientStreamListenerImpl$1StreamClosed.runInternal(ClientCallImpl.java:692)
	at com.alibaba.nacos.shaded.io.grpc.internal.ClientCallImpl$ClientStreamListenerImpl$1StreamClosed.runInContext(ClientCallImpl.java:681)
	at com.alibaba.nacos.shaded.io.grpc.internal.ContextRunnable.run(ContextRunnable.java:37)
	at com.alibaba.nacos.shaded.io.grpc.internal.SerializingExecutor.run(SerializingExecutor.java:123)
	at java.base/java.util.concurrent.ThreadPoolExecutor.runWorker(ThreadPoolExecutor.java:1144)
	at java.base/java.util.concurrent.ThreadPoolExecutor$Worker.run(ThreadPoolExecutor.java:642)
	at java.base/java.lang.Thread.run(Thread.java:1589)
Caused by: com.alibaba.nacos.shaded.io.grpc.netty.shaded.io.netty.channel.AbstractChannel$AnnotatedConnectException: Connection refused: no further information: /127.0.0.1:9848
Caused by: java.net.ConnectException: Connection refused: no further information
	at java.base/sun.nio.ch.Net.pollConnect(Native Method)
	at java.base/sun.nio.ch.Net.pollConnectNow(Net.java:672)
	at java.base/sun.nio.ch.SocketChannelImpl.finishConnect(SocketChannelImpl.java:973)
	at com.alibaba.nacos.shaded.io.grpc.netty.shaded.io.netty.channel.socket.nio.NioSocketChannel.doFinishConnect(NioSocketChannel.java:327)
	at com.alibaba.nacos.shaded.io.grpc.netty.shaded.io.netty.channel.nio.AbstractNioChannel$AbstractNioUnsafe.finishConnect(AbstractNioChannel.java:336)
	at com.alibaba.nacos.shaded.io.grpc.netty.shaded.io.netty.channel.nio.NioEventLoop.processSelectedKey(NioEventLoop.java:685)
	at com.alibaba.nacos.shaded.io.grpc.netty.shaded.io.netty.channel.nio.NioEventLoop.processSelectedKeysOptimized(NioEventLoop.java:632)
	at com.alibaba.nacos.shaded.io.grpc.netty.shaded.io.netty.channel.nio.NioEventLoop.processSelectedKeys(NioEventLoop.java:549)
	at com.alibaba.nacos.shaded.io.grpc.netty.shaded.io.netty.channel.nio.NioEventLoop.run(NioEventLoop.java:511)
	at com.alibaba.nacos.shaded.io.grpc.netty.shaded.io.netty.util.concurrent.SingleThreadEventExecutor$5.run(SingleThreadEventExecutor.java:918)
	at com.alibaba.nacos.shaded.io.grpc.netty.shaded.io.netty.util.internal.ThreadExecutorMap$2.run(ThreadExecutorMap.java:74)
	at com.alibaba.nacos.shaded.io.grpc.netty.shaded.io.netty.util.concurrent.FastThreadLocalRunnable.run(FastThreadLocalRunnable.java:30)
	at java.base/java.lang.Thread.run(Thread.java:1589)
2025-09-19 15:13:02.836  INFO  [com.alibaba.nacos.client.remote.worker] c.a.n.c.r.client - [6557a64c-d3e6-481c-b159-daeb774ca1a6_config-0] Try to reconnect to a new server, server is  not appointed, will choose a random server.
2025-09-19 15:13:02.836  INFO  [main] c.a.n.c.r.client - [6557a64c-d3e6-481c-b159-daeb774ca1a6_config-0] Register server push request handler:com.alibaba.nacos.common.remote.client.RpcClient$ConnectResetRequestHandler
2025-09-19 15:13:02.837  INFO  [main] c.a.n.c.r.client - [6557a64c-d3e6-481c-b159-daeb774ca1a6_config-0] Register server push request handler:com.alibaba.nacos.common.remote.client.RpcClient$$Lambda$109/0x0000000801284e38
2025-09-19 15:13:02.839  ERROR [com.alibaba.nacos.client.remote.worker] c.a.n.c.r.c.g.GrpcClient - Server check fail, please check server 127.0.0.1 ,port 9848 is available , error ={}
java.util.concurrent.ExecutionException: com.alibaba.nacos.shaded.io.grpc.StatusRuntimeException: UNAVAILABLE: io exception
	at com.alibaba.nacos.shaded.com.google.common.util.concurrent.AbstractFuture.getDoneValue(AbstractFuture.java:566)
	at com.alibaba.nacos.shaded.com.google.common.util.concurrent.AbstractFuture.get(AbstractFuture.java:445)
	at com.alibaba.nacos.common.remote.client.grpc.GrpcClient.serverCheck(GrpcClient.java:148)
	at com.alibaba.nacos.common.remote.client.grpc.GrpcClient.connectToServer(GrpcClient.java:264)
	at com.alibaba.nacos.common.remote.client.RpcClient.reconnect(RpcClient.java:522)
	at com.alibaba.nacos.common.remote.client.RpcClient.lambda$start$2(RpcClient.java:370)
	at java.base/java.util.concurrent.Executors$RunnableAdapter.call(Executors.java:577)
	at java.base/java.util.concurrent.FutureTask.run(FutureTask.java:317)
	at java.base/java.util.concurrent.ScheduledThreadPoolExecutor$ScheduledFutureTask.run(ScheduledThreadPoolExecutor.java:304)
	at java.base/java.util.concurrent.ThreadPoolExecutor.runWorker(ThreadPoolExecutor.java:1144)
	at java.base/java.util.concurrent.ThreadPoolExecutor$Worker.run(ThreadPoolExecutor.java:642)
	at java.base/java.lang.Thread.run(Thread.java:1589)
Caused by: com.alibaba.nacos.shaded.io.grpc.StatusRuntimeException: UNAVAILABLE: io exception
	at com.alibaba.nacos.shaded.io.grpc.Status.asRuntimeException(Status.java:533)
	at com.alibaba.nacos.shaded.io.grpc.stub.ClientCalls$UnaryStreamToFuture.onClose(ClientCalls.java:490)
	at com.alibaba.nacos.shaded.io.grpc.PartialForwardingClientCallListener.onClose(PartialForwardingClientCallListener.java:39)
	at com.alibaba.nacos.shaded.io.grpc.ForwardingClientCallListener.onClose(ForwardingClientCallListener.java:23)
	at com.alibaba.nacos.shaded.io.grpc.ForwardingClientCallListener$SimpleForwardingClientCallListener.onClose(ForwardingClientCallListener.java:40)
	at com.alibaba.nacos.shaded.io.grpc.internal.CensusStatsModule$StatsClientInterceptor$1$1.onClose(CensusStatsModule.java:700)
	at com.alibaba.nacos.shaded.io.grpc.PartialForwardingClientCallListener.onClose(PartialForwardingClientCallListener.java:39)
	at com.alibaba.nacos.shaded.io.grpc.ForwardingClientCallListener.onClose(ForwardingClientCallListener.java:23)
	at com.alibaba.nacos.shaded.io.grpc.ForwardingClientCallListener$SimpleForwardingClientCallListener.onClose(ForwardingClientCallListener.java:40)
	at com.alibaba.nacos.shaded.io.grpc.internal.CensusTracingModule$TracingClientInterceptor$1$1.onClose(CensusTracingModule.java:399)
	at com.alibaba.nacos.shaded.io.grpc.internal.ClientCallImpl.closeObserver(ClientCallImpl.java:510)
	at com.alibaba.nacos.shaded.io.grpc.internal.ClientCallImpl.access$300(ClientCallImpl.java:66)
	at com.alibaba.nacos.shaded.io.grpc.internal.ClientCallImpl$ClientStreamListenerImpl.close(ClientCallImpl.java:630)
	at com.alibaba.nacos.shaded.io.grpc.internal.ClientCallImpl$ClientStreamListenerImpl.access$700(ClientCallImpl.java:518)
	at com.alibaba.nacos.shaded.io.grpc.internal.ClientCallImpl$ClientStreamListenerImpl$1StreamClosed.runInternal(ClientCallImpl.java:692)
	at com.alibaba.nacos.shaded.io.grpc.internal.ClientCallImpl$ClientStreamListenerImpl$1StreamClosed.runInContext(ClientCallImpl.java:681)
	at com.alibaba.nacos.shaded.io.grpc.internal.ContextRunnable.run(ContextRunnable.java:37)
	at com.alibaba.nacos.shaded.io.grpc.internal.SerializingExecutor.run(SerializingExecutor.java:123)
	... 3 common frames omitted
Caused by: com.alibaba.nacos.shaded.io.grpc.netty.shaded.io.netty.channel.AbstractChannel$AnnotatedConnectException: Connection refused: no further information: /127.0.0.1:9848
Caused by: java.net.ConnectException: Connection refused: no further information
	at java.base/sun.nio.ch.Net.pollConnect(Native Method)
	at java.base/sun.nio.ch.Net.pollConnectNow(Net.java:672)
	at java.base/sun.nio.ch.SocketChannelImpl.finishConnect(SocketChannelImpl.java:973)
	at com.alibaba.nacos.shaded.io.grpc.netty.shaded.io.netty.channel.socket.nio.NioSocketChannel.doFinishConnect(NioSocketChannel.java:327)
	at com.alibaba.nacos.shaded.io.grpc.netty.shaded.io.netty.channel.nio.AbstractNioChannel$AbstractNioUnsafe.finishConnect(AbstractNioChannel.java:336)
	at com.alibaba.nacos.shaded.io.grpc.netty.shaded.io.netty.channel.nio.NioEventLoop.processSelectedKey(NioEventLoop.java:685)
	at com.alibaba.nacos.shaded.io.grpc.netty.shaded.io.netty.channel.nio.NioEventLoop.processSelectedKeysOptimized(NioEventLoop.java:632)
	at com.alibaba.nacos.shaded.io.grpc.netty.shaded.io.netty.channel.nio.NioEventLoop.processSelectedKeys(NioEventLoop.java:549)
	at com.alibaba.nacos.shaded.io.grpc.netty.shaded.io.netty.channel.nio.NioEventLoop.run(NioEventLoop.java:511)
	at com.alibaba.nacos.shaded.io.grpc.netty.shaded.io.netty.util.concurrent.SingleThreadEventExecutor$5.run(SingleThreadEventExecutor.java:918)
	at com.alibaba.nacos.shaded.io.grpc.netty.shaded.io.netty.util.internal.ThreadExecutorMap$2.run(ThreadExecutorMap.java:74)
	at com.alibaba.nacos.shaded.io.grpc.netty.shaded.io.netty.util.concurrent.FastThreadLocalRunnable.run(FastThreadLocalRunnable.java:30)
	at java.base/java.lang.Thread.run(Thread.java:1589)
2025-09-19 15:13:02.948  ERROR [com.alibaba.nacos.client.remote.worker] c.a.n.c.r.c.g.GrpcClient - Server check fail, please check server 127.0.0.1 ,port 9848 is available , error ={}
java.util.concurrent.ExecutionException: com.alibaba.nacos.shaded.io.grpc.StatusRuntimeException: UNAVAILABLE: io exception
	at com.alibaba.nacos.shaded.com.google.common.util.concurrent.AbstractFuture.getDoneValue(AbstractFuture.java:566)
	at com.alibaba.nacos.shaded.com.google.common.util.concurrent.AbstractFuture.get(AbstractFuture.java:445)
	at com.alibaba.nacos.common.remote.client.grpc.GrpcClient.serverCheck(GrpcClient.java:148)
	at com.alibaba.nacos.common.remote.client.grpc.GrpcClient.connectToServer(GrpcClient.java:264)
	at com.alibaba.nacos.common.remote.client.RpcClient.reconnect(RpcClient.java:522)
	at com.alibaba.nacos.common.remote.client.RpcClient.lambda$start$2(RpcClient.java:370)
	at java.base/java.util.concurrent.Executors$RunnableAdapter.call(Executors.java:577)
	at java.base/java.util.concurrent.FutureTask.run(FutureTask.java:317)
	at java.base/java.util.concurrent.ScheduledThreadPoolExecutor$ScheduledFutureTask.run(ScheduledThreadPoolExecutor.java:304)
	at java.base/java.util.concurrent.ThreadPoolExecutor.runWorker(ThreadPoolExecutor.java:1144)
	at java.base/java.util.concurrent.ThreadPoolExecutor$Worker.run(ThreadPoolExecutor.java:642)
	at java.base/java.lang.Thread.run(Thread.java:1589)
Caused by: com.alibaba.nacos.shaded.io.grpc.StatusRuntimeException: UNAVAILABLE: io exception
	at com.alibaba.nacos.shaded.io.grpc.Status.asRuntimeException(Status.java:533)
	at com.alibaba.nacos.shaded.io.grpc.stub.ClientCalls$UnaryStreamToFuture.onClose(ClientCalls.java:490)
	at com.alibaba.nacos.shaded.io.grpc.PartialForwardingClientCallListener.onClose(PartialForwardingClientCallListener.java:39)
	at com.alibaba.nacos.shaded.io.grpc.ForwardingClientCallListener.onClose(ForwardingClientCallListener.java:23)
	at com.alibaba.nacos.shaded.io.grpc.ForwardingClientCallListener$SimpleForwardingClientCallListener.onClose(ForwardingClientCallListener.java:40)
	at com.alibaba.nacos.shaded.io.grpc.internal.CensusStatsModule$StatsClientInterceptor$1$1.onClose(CensusStatsModule.java:700)
	at com.alibaba.nacos.shaded.io.grpc.PartialForwardingClientCallListener.onClose(PartialForwardingClientCallListener.java:39)
	at com.alibaba.nacos.shaded.io.grpc.ForwardingClientCallListener.onClose(ForwardingClientCallListener.java:23)
	at com.alibaba.nacos.shaded.io.grpc.ForwardingClientCallListener$SimpleForwardingClientCallListener.onClose(ForwardingClientCallListener.java:40)
	at com.alibaba.nacos.shaded.io.grpc.internal.CensusTracingModule$TracingClientInterceptor$1$1.onClose(CensusTracingModule.java:399)
	at com.alibaba.nacos.shaded.io.grpc.internal.ClientCallImpl.closeObserver(ClientCallImpl.java:510)
	at com.alibaba.nacos.shaded.io.grpc.internal.ClientCallImpl.access$300(ClientCallImpl.java:66)
	at com.alibaba.nacos.shaded.io.grpc.internal.ClientCallImpl$ClientStreamListenerImpl.close(ClientCallImpl.java:630)
	at com.alibaba.nacos.shaded.io.grpc.internal.ClientCallImpl$ClientStreamListenerImpl.access$700(ClientCallImpl.java:518)
	at com.alibaba.nacos.shaded.io.grpc.internal.ClientCallImpl$ClientStreamListenerImpl$1StreamClosed.runInternal(ClientCallImpl.java:692)
	at com.alibaba.nacos.shaded.io.grpc.internal.ClientCallImpl$ClientStreamListenerImpl$1StreamClosed.runInContext(ClientCallImpl.java:681)
	at com.alibaba.nacos.shaded.io.grpc.internal.ContextRunnable.run(ContextRunnable.java:37)
	at com.alibaba.nacos.shaded.io.grpc.internal.SerializingExecutor.run(SerializingExecutor.java:123)
	... 3 common frames omitted
Caused by: com.alibaba.nacos.shaded.io.grpc.netty.shaded.io.netty.channel.AbstractChannel$AnnotatedConnectException: Connection refused: no further information: /127.0.0.1:9848
Caused by: java.net.ConnectException: Connection refused: no further information
	at java.base/sun.nio.ch.Net.pollConnect(Native Method)
	at java.base/sun.nio.ch.Net.pollConnectNow(Net.java:672)
	at java.base/sun.nio.ch.SocketChannelImpl.finishConnect(SocketChannelImpl.java:973)
	at com.alibaba.nacos.shaded.io.grpc.netty.shaded.io.netty.channel.socket.nio.NioSocketChannel.doFinishConnect(NioSocketChannel.java:327)
	at com.alibaba.nacos.shaded.io.grpc.netty.shaded.io.netty.channel.nio.AbstractNioChannel$AbstractNioUnsafe.finishConnect(AbstractNioChannel.java:336)
	at com.alibaba.nacos.shaded.io.grpc.netty.shaded.io.netty.channel.nio.NioEventLoop.processSelectedKey(NioEventLoop.java:685)
	at com.alibaba.nacos.shaded.io.grpc.netty.shaded.io.netty.channel.nio.NioEventLoop.processSelectedKeysOptimized(NioEventLoop.java:632)
	at com.alibaba.nacos.shaded.io.grpc.netty.shaded.io.netty.channel.nio.NioEventLoop.processSelectedKeys(NioEventLoop.java:549)
	at com.alibaba.nacos.shaded.io.grpc.netty.shaded.io.netty.channel.nio.NioEventLoop.run(NioEventLoop.java:511)
	at com.alibaba.nacos.shaded.io.grpc.netty.shaded.io.netty.util.concurrent.SingleThreadEventExecutor$5.run(SingleThreadEventExecutor.java:918)
	at com.alibaba.nacos.shaded.io.grpc.netty.shaded.io.netty.util.internal.ThreadExecutorMap$2.run(ThreadExecutorMap.java:74)
	at com.alibaba.nacos.shaded.io.grpc.netty.shaded.io.netty.util.concurrent.FastThreadLocalRunnable.run(FastThreadLocalRunnable.java:30)
	at java.base/java.lang.Thread.run(Thread.java:1589)
2025-09-19 15:13:02.949  INFO  [com.alibaba.nacos.client.remote.worker] c.a.n.c.r.client - [6557a64c-d3e6-481c-b159-daeb774ca1a6_config-0] Fail to connect server, after trying 1 times, last try server is {serverIp = '127.0.0.1', server main port = 8848}, error = unknown
2025-09-19 15:13:02.976  ERROR [main] c.a.n.c.r.client - Send request fail, request = ConfigQueryRequest{headers={charset=UTF-8, Client-AppName=unknown, Client-RequestToken=e98853b0acfc7e3f6cc890a99d84a24b, Client-RequestTS=1758265982837, exConfigInfo=true, notify=false, Timestamp=1758265982837}, requestId='null'}, retryTimes = 0, errorMessage = Client not connected, current status:STARTING
2025-09-19 15:13:03.086  ERROR [main] c.a.n.c.r.client - Send request fail, request = ConfigQueryRequest{headers={charset=UTF-8, Client-AppName=unknown, Client-RequestToken=e98853b0acfc7e3f6cc890a99d84a24b, Client-RequestTS=1758265982837, exConfigInfo=true, notify=false, Timestamp=1758265982837}, requestId='null'}, retryTimes = 1, errorMessage = Client not connected, current status:STARTING
2025-09-19 15:13:03.155  ERROR [com.alibaba.nacos.client.remote.worker] c.a.n.c.r.c.g.GrpcClient - Server check fail, please check server 127.0.0.1 ,port 9848 is available , error ={}
java.util.concurrent.ExecutionException: com.alibaba.nacos.shaded.io.grpc.StatusRuntimeException: UNAVAILABLE: io exception
	at com.alibaba.nacos.shaded.com.google.common.util.concurrent.AbstractFuture.getDoneValue(AbstractFuture.java:566)
	at com.alibaba.nacos.shaded.com.google.common.util.concurrent.AbstractFuture.get(AbstractFuture.java:445)
	at com.alibaba.nacos.common.remote.client.grpc.GrpcClient.serverCheck(GrpcClient.java:148)
	at com.alibaba.nacos.common.remote.client.grpc.GrpcClient.connectToServer(GrpcClient.java:264)
	at com.alibaba.nacos.common.remote.client.RpcClient.reconnect(RpcClient.java:522)
	at com.alibaba.nacos.common.remote.client.RpcClient.lambda$start$2(RpcClient.java:370)
	at java.base/java.util.concurrent.Executors$RunnableAdapter.call(Executors.java:577)
	at java.base/java.util.concurrent.FutureTask.run(FutureTask.java:317)
	at java.base/java.util.concurrent.ScheduledThreadPoolExecutor$ScheduledFutureTask.run(ScheduledThreadPoolExecutor.java:304)
	at java.base/java.util.concurrent.ThreadPoolExecutor.runWorker(ThreadPoolExecutor.java:1144)
	at java.base/java.util.concurrent.ThreadPoolExecutor$Worker.run(ThreadPoolExecutor.java:642)
	at java.base/java.lang.Thread.run(Thread.java:1589)
Caused by: com.alibaba.nacos.shaded.io.grpc.StatusRuntimeException: UNAVAILABLE: io exception
	at com.alibaba.nacos.shaded.io.grpc.Status.asRuntimeException(Status.java:533)
	at com.alibaba.nacos.shaded.io.grpc.stub.ClientCalls$UnaryStreamToFuture.onClose(ClientCalls.java:490)
	at com.alibaba.nacos.shaded.io.grpc.PartialForwardingClientCallListener.onClose(PartialForwardingClientCallListener.java:39)
	at com.alibaba.nacos.shaded.io.grpc.ForwardingClientCallListener.onClose(ForwardingClientCallListener.java:23)
	at com.alibaba.nacos.shaded.io.grpc.ForwardingClientCallListener$SimpleForwardingClientCallListener.onClose(ForwardingClientCallListener.java:40)
	at com.alibaba.nacos.shaded.io.grpc.internal.CensusStatsModule$StatsClientInterceptor$1$1.onClose(CensusStatsModule.java:700)
	at com.alibaba.nacos.shaded.io.grpc.PartialForwardingClientCallListener.onClose(PartialForwardingClientCallListener.java:39)
	at com.alibaba.nacos.shaded.io.grpc.ForwardingClientCallListener.onClose(ForwardingClientCallListener.java:23)
	at com.alibaba.nacos.shaded.io.grpc.ForwardingClientCallListener$SimpleForwardingClientCallListener.onClose(ForwardingClientCallListener.java:40)
	at com.alibaba.nacos.shaded.io.grpc.internal.CensusTracingModule$TracingClientInterceptor$1$1.onClose(CensusTracingModule.java:399)
	at com.alibaba.nacos.shaded.io.grpc.internal.ClientCallImpl.closeObserver(ClientCallImpl.java:510)
	at com.alibaba.nacos.shaded.io.grpc.internal.ClientCallImpl.access$300(ClientCallImpl.java:66)
	at com.alibaba.nacos.shaded.io.grpc.internal.ClientCallImpl$ClientStreamListenerImpl.close(ClientCallImpl.java:630)
	at com.alibaba.nacos.shaded.io.grpc.internal.ClientCallImpl$ClientStreamListenerImpl.access$700(ClientCallImpl.java:518)
	at com.alibaba.nacos.shaded.io.grpc.internal.ClientCallImpl$ClientStreamListenerImpl$1StreamClosed.runInternal(ClientCallImpl.java:692)
	at com.alibaba.nacos.shaded.io.grpc.internal.ClientCallImpl$ClientStreamListenerImpl$1StreamClosed.runInContext(ClientCallImpl.java:681)
	at com.alibaba.nacos.shaded.io.grpc.internal.ContextRunnable.run(ContextRunnable.java:37)
	at com.alibaba.nacos.shaded.io.grpc.internal.SerializingExecutor.run(SerializingExecutor.java:123)
	... 3 common frames omitted
Caused by: com.alibaba.nacos.shaded.io.grpc.netty.shaded.io.netty.channel.AbstractChannel$AnnotatedConnectException: Connection refused: no further information: /127.0.0.1:9848
Caused by: java.net.ConnectException: Connection refused: no further information
	at java.base/sun.nio.ch.Net.pollConnect(Native Method)
	at java.base/sun.nio.ch.Net.pollConnectNow(Net.java:672)
	at java.base/sun.nio.ch.SocketChannelImpl.finishConnect(SocketChannelImpl.java:973)
	at com.alibaba.nacos.shaded.io.grpc.netty.shaded.io.netty.channel.socket.nio.NioSocketChannel.doFinishConnect(NioSocketChannel.java:327)
	at com.alibaba.nacos.shaded.io.grpc.netty.shaded.io.netty.channel.nio.AbstractNioChannel$AbstractNioUnsafe.finishConnect(AbstractNioChannel.java:336)
	at com.alibaba.nacos.shaded.io.grpc.netty.shaded.io.netty.channel.nio.NioEventLoop.processSelectedKey(NioEventLoop.java:685)
	at com.alibaba.nacos.shaded.io.grpc.netty.shaded.io.netty.channel.nio.NioEventLoop.processSelectedKeysOptimized(NioEventLoop.java:632)
	at com.alibaba.nacos.shaded.io.grpc.netty.shaded.io.netty.channel.nio.NioEventLoop.processSelectedKeys(NioEventLoop.java:549)
	at com.alibaba.nacos.shaded.io.grpc.netty.shaded.io.netty.channel.nio.NioEventLoop.run(NioEventLoop.java:511)
	at com.alibaba.nacos.shaded.io.grpc.netty.shaded.io.netty.util.concurrent.SingleThreadEventExecutor$5.run(SingleThreadEventExecutor.java:918)
	at com.alibaba.nacos.shaded.io.grpc.netty.shaded.io.netty.util.internal.ThreadExecutorMap$2.run(ThreadExecutorMap.java:74)
	at com.alibaba.nacos.shaded.io.grpc.netty.shaded.io.netty.util.concurrent.FastThreadLocalRunnable.run(FastThreadLocalRunnable.java:30)
	at java.base/java.lang.Thread.run(Thread.java:1589)
2025-09-19 15:13:03.156  INFO  [com.alibaba.nacos.client.remote.worker] c.a.n.c.r.client - [6557a64c-d3e6-481c-b159-daeb774ca1a6_config-0] Fail to connect server, after trying 2 times, last try server is {serverIp = '127.0.0.1', server main port = 8848}, error = unknown
2025-09-19 15:13:03.195  ERROR [main] c.a.n.c.r.client - Send request fail, request = ConfigQueryRequest{headers={charset=UTF-8, Client-AppName=unknown, Client-RequestToken=e98853b0acfc7e3f6cc890a99d84a24b, Client-RequestTS=1758265982837, exConfigInfo=true, notify=false, Timestamp=1758265982837}, requestId='null'}, retryTimes = 2, errorMessage = Client not connected, current status:STARTING
2025-09-19 15:13:03.196  INFO  [main] c.y.g.c.c.n.i.NacosConfigCenter - Rules-Config From Nacos: null
2025-09-19 15:13:03.229  WARN  [main] c.y.g.c.c.n.i.NacosConfigCenter - Failed to parse config JSON from Nacos, result is null
2025-09-19 15:13:03.259  INFO  [main] c.y.g.c.f.GatewayFilterChainFactory - load filter success:class com.yu.gateway.core.filter.auth.AuthFilter,auth_filter,auth_filter,1
2025-09-19 15:13:03.262  INFO  [main] c.y.g.c.f.GatewayFilterChainFactory - load filter success:class com.yu.gateway.core.filter.loadBalance.LoadBalanceFilter,load_balance_filter,load_balance_filter,100
2025-09-19 15:13:03.264  INFO  [main] c.y.g.c.f.GatewayFilterChainFactory - load filter success:class com.yu.gateway.core.filter.router.RouterFilter,router_filter,router_filter,2147483647
2025-09-19 15:13:03.265  INFO  [main] c.y.g.c.f.GatewayFilterChainFactory - load filter success:class com.yu.gateway.core.filter.gray.GrayFilter,gray_filter,gray_filter,4
2025-09-19 15:13:03.265  INFO  [main] c.y.g.c.f.GatewayFilterChainFactory - load filter success:class com.yu.gateway.core.filter.flow.FlowControlFilter,flow_ctl_filter,flow_ctl_filter,50
2025-09-19 15:13:03.351  ERROR [com.alibaba.nacos.client.Worker] c.a.n.c.r.client - Send request fail, request = ConfigBatchListenRequest{headers={charset=UTF-8, Client-AppName=unknown, Client-RequestToken=971d139004974dc08e4cf0fd7fe48fc9, Client-RequestTS=1758265983237, exConfigInfo=true, Timestamp=1758265983237}, requestId='null'}, retryTimes = 0, errorMessage = Client not connected, current status:STARTING
2025-09-19 15:13:03.462  ERROR [com.alibaba.nacos.client.Worker] c.a.n.c.r.client - Send request fail, request = ConfigBatchListenRequest{headers={charset=UTF-8, Client-AppName=unknown, Client-RequestToken=971d139004974dc08e4cf0fd7fe48fc9, Client-RequestTS=1758265983237, exConfigInfo=true, Timestamp=1758265983237}, requestId='null'}, retryTimes = 1, errorMessage = Client not connected, current status:STARTING
2025-09-19 15:13:03.466  ERROR [com.alibaba.nacos.client.remote.worker] c.a.n.c.r.c.g.GrpcClient - Server check fail, please check server 127.0.0.1 ,port 9848 is available , error ={}
java.util.concurrent.ExecutionException: com.alibaba.nacos.shaded.io.grpc.StatusRuntimeException: UNAVAILABLE: io exception
	at com.alibaba.nacos.shaded.com.google.common.util.concurrent.AbstractFuture.getDoneValue(AbstractFuture.java:566)
	at com.alibaba.nacos.shaded.com.google.common.util.concurrent.AbstractFuture.get(AbstractFuture.java:445)
	at com.alibaba.nacos.common.remote.client.grpc.GrpcClient.serverCheck(GrpcClient.java:148)
	at com.alibaba.nacos.common.remote.client.grpc.GrpcClient.connectToServer(GrpcClient.java:264)
	at com.alibaba.nacos.common.remote.client.RpcClient.reconnect(RpcClient.java:522)
	at com.alibaba.nacos.common.remote.client.RpcClient.lambda$start$2(RpcClient.java:370)
	at java.base/java.util.concurrent.Executors$RunnableAdapter.call(Executors.java:577)
	at java.base/java.util.concurrent.FutureTask.run(FutureTask.java:317)
	at java.base/java.util.concurrent.ScheduledThreadPoolExecutor$ScheduledFutureTask.run(ScheduledThreadPoolExecutor.java:304)
	at java.base/java.util.concurrent.ThreadPoolExecutor.runWorker(ThreadPoolExecutor.java:1144)
	at java.base/java.util.concurrent.ThreadPoolExecutor$Worker.run(ThreadPoolExecutor.java:642)
	at java.base/java.lang.Thread.run(Thread.java:1589)
Caused by: com.alibaba.nacos.shaded.io.grpc.StatusRuntimeException: UNAVAILABLE: io exception
	at com.alibaba.nacos.shaded.io.grpc.Status.asRuntimeException(Status.java:533)
	at com.alibaba.nacos.shaded.io.grpc.stub.ClientCalls$UnaryStreamToFuture.onClose(ClientCalls.java:490)
	at com.alibaba.nacos.shaded.io.grpc.PartialForwardingClientCallListener.onClose(PartialForwardingClientCallListener.java:39)
	at com.alibaba.nacos.shaded.io.grpc.ForwardingClientCallListener.onClose(ForwardingClientCallListener.java:23)
	at com.alibaba.nacos.shaded.io.grpc.ForwardingClientCallListener$SimpleForwardingClientCallListener.onClose(ForwardingClientCallListener.java:40)
	at com.alibaba.nacos.shaded.io.grpc.internal.CensusStatsModule$StatsClientInterceptor$1$1.onClose(CensusStatsModule.java:700)
	at com.alibaba.nacos.shaded.io.grpc.PartialForwardingClientCallListener.onClose(PartialForwardingClientCallListener.java:39)
	at com.alibaba.nacos.shaded.io.grpc.ForwardingClientCallListener.onClose(ForwardingClientCallListener.java:23)
	at com.alibaba.nacos.shaded.io.grpc.ForwardingClientCallListener$SimpleForwardingClientCallListener.onClose(ForwardingClientCallListener.java:40)
	at com.alibaba.nacos.shaded.io.grpc.internal.CensusTracingModule$TracingClientInterceptor$1$1.onClose(CensusTracingModule.java:399)
	at com.alibaba.nacos.shaded.io.grpc.internal.ClientCallImpl.closeObserver(ClientCallImpl.java:510)
	at com.alibaba.nacos.shaded.io.grpc.internal.ClientCallImpl.access$300(ClientCallImpl.java:66)
	at com.alibaba.nacos.shaded.io.grpc.internal.ClientCallImpl$ClientStreamListenerImpl.close(ClientCallImpl.java:630)
	at com.alibaba.nacos.shaded.io.grpc.internal.ClientCallImpl$ClientStreamListenerImpl.access$700(ClientCallImpl.java:518)
	at com.alibaba.nacos.shaded.io.grpc.internal.ClientCallImpl$ClientStreamListenerImpl$1StreamClosed.runInternal(ClientCallImpl.java:692)
	at com.alibaba.nacos.shaded.io.grpc.internal.ClientCallImpl$ClientStreamListenerImpl$1StreamClosed.runInContext(ClientCallImpl.java:681)
	at com.alibaba.nacos.shaded.io.grpc.internal.ContextRunnable.run(ContextRunnable.java:37)
	at com.alibaba.nacos.shaded.io.grpc.internal.SerializingExecutor.run(SerializingExecutor.java:123)
	... 3 common frames omitted
Caused by: com.alibaba.nacos.shaded.io.grpc.netty.shaded.io.netty.channel.AbstractChannel$AnnotatedConnectException: Connection refused: no further information: /127.0.0.1:9848
Caused by: java.net.ConnectException: Connection refused: no further information
	at java.base/sun.nio.ch.Net.pollConnect(Native Method)
	at java.base/sun.nio.ch.Net.pollConnectNow(Net.java:672)
	at java.base/sun.nio.ch.SocketChannelImpl.finishConnect(SocketChannelImpl.java:973)
	at com.alibaba.nacos.shaded.io.grpc.netty.shaded.io.netty.channel.socket.nio.NioSocketChannel.doFinishConnect(NioSocketChannel.java:327)
	at com.alibaba.nacos.shaded.io.grpc.netty.shaded.io.netty.channel.nio.AbstractNioChannel$AbstractNioUnsafe.finishConnect(AbstractNioChannel.java:336)
	at com.alibaba.nacos.shaded.io.grpc.netty.shaded.io.netty.channel.nio.NioEventLoop.processSelectedKey(NioEventLoop.java:685)
	at com.alibaba.nacos.shaded.io.grpc.netty.shaded.io.netty.channel.nio.NioEventLoop.processSelectedKeysOptimized(NioEventLoop.java:632)
	at com.alibaba.nacos.shaded.io.grpc.netty.shaded.io.netty.channel.nio.NioEventLoop.processSelectedKeys(NioEventLoop.java:549)
	at com.alibaba.nacos.shaded.io.grpc.netty.shaded.io.netty.channel.nio.NioEventLoop.run(NioEventLoop.java:511)
	at com.alibaba.nacos.shaded.io.grpc.netty.shaded.io.netty.util.concurrent.SingleThreadEventExecutor$5.run(SingleThreadEventExecutor.java:918)
	at com.alibaba.nacos.shaded.io.grpc.netty.shaded.io.netty.util.internal.ThreadExecutorMap$2.run(ThreadExecutorMap.java:74)
	at com.alibaba.nacos.shaded.io.grpc.netty.shaded.io.netty.util.concurrent.FastThreadLocalRunnable.run(FastThreadLocalRunnable.java:30)
	at java.base/java.lang.Thread.run(Thread.java:1589)
2025-09-19 15:13:03.466  INFO  [com.alibaba.nacos.client.remote.worker] c.a.n.c.r.client - [6557a64c-d3e6-481c-b159-daeb774ca1a6_config-0] Fail to connect server, after trying 3 times, last try server is {serverIp = '127.0.0.1', server main port = 8848}, error = unknown
2025-09-19 15:13:03.571  ERROR [com.alibaba.nacos.client.Worker] c.a.n.c.r.client - Send request fail, request = ConfigBatchListenRequest{headers={charset=UTF-8, Client-AppName=unknown, Client-RequestToken=971d139004974dc08e4cf0fd7fe48fc9, Client-RequestTS=1758265983237, exConfigInfo=true, Timestamp=1758265983237}, requestId='null'}, retryTimes = 2, errorMessage = Client not connected, current status:STARTING
2025-09-19 15:13:03.598  WARN  [main] i.n.b.ServerBootstrap - Unknown channel option 'SO_KEEPALIVE' for channel '[id: 0x800dae0e]'
2025-09-19 15:13:03.605  INFO  [main] c.y.g.c.n.NettyHttpServer - server startup on port 8888
2025-09-19 15:13:03.606  INFO  [main] c.y.g.c.Container - api gateway starting!
2025-09-19 15:13:03.627  INFO  [main] c.a.n.c.r.client - [RpcClientFactory] create a new rpc client of 163007b4-b646-410a-bc60-e39b7011f5a8
2025-09-19 15:13:03.627  INFO  [main] c.a.n.c.r.client - [163007b4-b646-410a-bc60-e39b7011f5a8] RpcClient init label, labels = {module=naming, source=sdk}
2025-09-19 15:13:03.629  INFO  [main] c.a.n.c.r.client - [163007b4-b646-410a-bc60-e39b7011f5a8] RpcClient init, ServerListFactory = com.alibaba.nacos.client.naming.core.ServerListManager
2025-09-19 15:13:03.629  INFO  [main] c.a.n.c.r.client - [163007b4-b646-410a-bc60-e39b7011f5a8] Registry connection listener to current client:com.alibaba.nacos.client.naming.remote.gprc.redo.NamingGrpcRedoService
2025-09-19 15:13:03.629  INFO  [main] c.a.n.c.r.client - [163007b4-b646-410a-bc60-e39b7011f5a8] Register server push request handler:com.alibaba.nacos.client.naming.remote.gprc.NamingPushRequestHandler
2025-09-19 15:13:03.630  INFO  [main] c.a.n.c.r.client - [163007b4-b646-410a-bc60-e39b7011f5a8] Try to connect to server on start up, server: {serverIp = '127.0.0.1', server main port = 8848}
2025-09-19 15:13:03.633  ERROR [main] c.a.n.c.r.c.g.GrpcClient - Server check fail, please check server 127.0.0.1 ,port 9848 is available , error ={}
java.util.concurrent.ExecutionException: com.alibaba.nacos.shaded.io.grpc.StatusRuntimeException: UNAVAILABLE: io exception
	at com.alibaba.nacos.shaded.com.google.common.util.concurrent.AbstractFuture.getDoneValue(AbstractFuture.java:566)
	at com.alibaba.nacos.shaded.com.google.common.util.concurrent.AbstractFuture.get(AbstractFuture.java:445)
	at com.alibaba.nacos.common.remote.client.grpc.GrpcClient.serverCheck(GrpcClient.java:148)
	at com.alibaba.nacos.common.remote.client.grpc.GrpcClient.connectToServer(GrpcClient.java:264)
	at com.alibaba.nacos.common.remote.client.RpcClient.start(RpcClient.java:390)
	at com.alibaba.nacos.client.naming.remote.gprc.NamingGrpcClientProxy.start(NamingGrpcClientProxy.java:96)
	at com.alibaba.nacos.client.naming.remote.gprc.NamingGrpcClientProxy.<init>(NamingGrpcClientProxy.java:89)
	at com.alibaba.nacos.client.naming.remote.NamingClientProxyDelegate.<init>(NamingClientProxyDelegate.java:76)
	at com.alibaba.nacos.client.naming.NacosNamingService.init(NacosNamingService.java:95)
	at com.alibaba.nacos.client.naming.NacosNamingService.<init>(NacosNamingService.java:77)
	at java.base/jdk.internal.reflect.DirectConstructorHandleAccessor.newInstance(DirectConstructorHandleAccessor.java:67)
	at java.base/java.lang.reflect.Constructor.newInstanceWithCaller(Constructor.java:500)
	at java.base/java.lang.reflect.Constructor.newInstance(Constructor.java:484)
	at com.alibaba.nacos.api.naming.NamingFactory.createNamingService(NamingFactory.java:42)
	at com.yu.gateway.register.center.nacos.impl.NacosRegisterCenter.init(NacosRegisterCenter.java:75)
	at com.yu.gateway.core.BootStrap.registerAndSubscribe(BootStrap.java:85)
	at com.yu.gateway.core.BootStrap.main(BootStrap.java:55)
Caused by: com.alibaba.nacos.shaded.io.grpc.StatusRuntimeException: UNAVAILABLE: io exception
	at com.alibaba.nacos.shaded.io.grpc.Status.asRuntimeException(Status.java:533)
	at com.alibaba.nacos.shaded.io.grpc.stub.ClientCalls$UnaryStreamToFuture.onClose(ClientCalls.java:490)
	at com.alibaba.nacos.shaded.io.grpc.PartialForwardingClientCallListener.onClose(PartialForwardingClientCallListener.java:39)
	at com.alibaba.nacos.shaded.io.grpc.ForwardingClientCallListener.onClose(ForwardingClientCallListener.java:23)
	at com.alibaba.nacos.shaded.io.grpc.ForwardingClientCallListener$SimpleForwardingClientCallListener.onClose(ForwardingClientCallListener.java:40)
	at com.alibaba.nacos.shaded.io.grpc.internal.CensusStatsModule$StatsClientInterceptor$1$1.onClose(CensusStatsModule.java:700)
	at com.alibaba.nacos.shaded.io.grpc.PartialForwardingClientCallListener.onClose(PartialForwardingClientCallListener.java:39)
	at com.alibaba.nacos.shaded.io.grpc.ForwardingClientCallListener.onClose(ForwardingClientCallListener.java:23)
	at com.alibaba.nacos.shaded.io.grpc.ForwardingClientCallListener$SimpleForwardingClientCallListener.onClose(ForwardingClientCallListener.java:40)
	at com.alibaba.nacos.shaded.io.grpc.internal.CensusTracingModule$TracingClientInterceptor$1$1.onClose(CensusTracingModule.java:399)
	at com.alibaba.nacos.shaded.io.grpc.internal.ClientCallImpl.closeObserver(ClientCallImpl.java:510)
	at com.alibaba.nacos.shaded.io.grpc.internal.ClientCallImpl.access$300(ClientCallImpl.java:66)
	at com.alibaba.nacos.shaded.io.grpc.internal.ClientCallImpl$ClientStreamListenerImpl.close(ClientCallImpl.java:630)
	at com.alibaba.nacos.shaded.io.grpc.internal.ClientCallImpl$ClientStreamListenerImpl.access$700(ClientCallImpl.java:518)
	at com.alibaba.nacos.shaded.io.grpc.internal.ClientCallImpl$ClientStreamListenerImpl$1StreamClosed.runInternal(ClientCallImpl.java:692)
	at com.alibaba.nacos.shaded.io.grpc.internal.ClientCallImpl$ClientStreamListenerImpl$1StreamClosed.runInContext(ClientCallImpl.java:681)
	at com.alibaba.nacos.shaded.io.grpc.internal.ContextRunnable.run(ContextRunnable.java:37)
	at com.alibaba.nacos.shaded.io.grpc.internal.SerializingExecutor.run(SerializingExecutor.java:123)
	at java.base/java.util.concurrent.ThreadPoolExecutor.runWorker(ThreadPoolExecutor.java:1144)
	at java.base/java.util.concurrent.ThreadPoolExecutor$Worker.run(ThreadPoolExecutor.java:642)
	at java.base/java.lang.Thread.run(Thread.java:1589)
Caused by: com.alibaba.nacos.shaded.io.grpc.netty.shaded.io.netty.channel.AbstractChannel$AnnotatedConnectException: Connection refused: no further information: /127.0.0.1:9848
Caused by: java.net.ConnectException: Connection refused: no further information
	at java.base/sun.nio.ch.Net.pollConnect(Native Method)
	at java.base/sun.nio.ch.Net.pollConnectNow(Net.java:672)
	at java.base/sun.nio.ch.SocketChannelImpl.finishConnect(SocketChannelImpl.java:973)
	at com.alibaba.nacos.shaded.io.grpc.netty.shaded.io.netty.channel.socket.nio.NioSocketChannel.doFinishConnect(NioSocketChannel.java:327)
	at com.alibaba.nacos.shaded.io.grpc.netty.shaded.io.netty.channel.nio.AbstractNioChannel$AbstractNioUnsafe.finishConnect(AbstractNioChannel.java:336)
	at com.alibaba.nacos.shaded.io.grpc.netty.shaded.io.netty.channel.nio.NioEventLoop.processSelectedKey(NioEventLoop.java:685)
	at com.alibaba.nacos.shaded.io.grpc.netty.shaded.io.netty.channel.nio.NioEventLoop.processSelectedKeysOptimized(NioEventLoop.java:632)
	at com.alibaba.nacos.shaded.io.grpc.netty.shaded.io.netty.channel.nio.NioEventLoop.processSelectedKeys(NioEventLoop.java:549)
	at com.alibaba.nacos.shaded.io.grpc.netty.shaded.io.netty.channel.nio.NioEventLoop.run(NioEventLoop.java:511)
	at com.alibaba.nacos.shaded.io.grpc.netty.shaded.io.netty.util.concurrent.SingleThreadEventExecutor$5.run(SingleThreadEventExecutor.java:918)
	at com.alibaba.nacos.shaded.io.grpc.netty.shaded.io.netty.util.internal.ThreadExecutorMap$2.run(ThreadExecutorMap.java:74)
	at com.alibaba.nacos.shaded.io.grpc.netty.shaded.io.netty.util.concurrent.FastThreadLocalRunnable.run(FastThreadLocalRunnable.java:30)
	at java.base/java.lang.Thread.run(Thread.java:1589)
2025-09-19 15:13:03.634  INFO  [main] c.a.n.c.r.client - [163007b4-b646-410a-bc60-e39b7011f5a8] Try to connect to server on start up, server: {serverIp = '127.0.0.1', server main port = 8848}
2025-09-19 15:13:03.641  ERROR [main] c.a.n.c.r.c.g.GrpcClient - Server check fail, please check server 127.0.0.1 ,port 9848 is available , error ={}
java.util.concurrent.ExecutionException: com.alibaba.nacos.shaded.io.grpc.StatusRuntimeException: UNAVAILABLE: io exception
	at com.alibaba.nacos.shaded.com.google.common.util.concurrent.AbstractFuture.getDoneValue(AbstractFuture.java:566)
	at com.alibaba.nacos.shaded.com.google.common.util.concurrent.AbstractFuture.get(AbstractFuture.java:445)
	at com.alibaba.nacos.common.remote.client.grpc.GrpcClient.serverCheck(GrpcClient.java:148)
	at com.alibaba.nacos.common.remote.client.grpc.GrpcClient.connectToServer(GrpcClient.java:264)
	at com.alibaba.nacos.common.remote.client.RpcClient.start(RpcClient.java:390)
	at com.alibaba.nacos.client.naming.remote.gprc.NamingGrpcClientProxy.start(NamingGrpcClientProxy.java:96)
	at com.alibaba.nacos.client.naming.remote.gprc.NamingGrpcClientProxy.<init>(NamingGrpcClientProxy.java:89)
	at com.alibaba.nacos.client.naming.remote.NamingClientProxyDelegate.<init>(NamingClientProxyDelegate.java:76)
	at com.alibaba.nacos.client.naming.NacosNamingService.init(NacosNamingService.java:95)
	at com.alibaba.nacos.client.naming.NacosNamingService.<init>(NacosNamingService.java:77)
	at java.base/jdk.internal.reflect.DirectConstructorHandleAccessor.newInstance(DirectConstructorHandleAccessor.java:67)
	at java.base/java.lang.reflect.Constructor.newInstanceWithCaller(Constructor.java:500)
	at java.base/java.lang.reflect.Constructor.newInstance(Constructor.java:484)
	at com.alibaba.nacos.api.naming.NamingFactory.createNamingService(NamingFactory.java:42)
	at com.yu.gateway.register.center.nacos.impl.NacosRegisterCenter.init(NacosRegisterCenter.java:75)
	at com.yu.gateway.core.BootStrap.registerAndSubscribe(BootStrap.java:85)
	at com.yu.gateway.core.BootStrap.main(BootStrap.java:55)
Caused by: com.alibaba.nacos.shaded.io.grpc.StatusRuntimeException: UNAVAILABLE: io exception
	at com.alibaba.nacos.shaded.io.grpc.Status.asRuntimeException(Status.java:533)
	at com.alibaba.nacos.shaded.io.grpc.stub.ClientCalls$UnaryStreamToFuture.onClose(ClientCalls.java:490)
	at com.alibaba.nacos.shaded.io.grpc.PartialForwardingClientCallListener.onClose(PartialForwardingClientCallListener.java:39)
	at com.alibaba.nacos.shaded.io.grpc.ForwardingClientCallListener.onClose(ForwardingClientCallListener.java:23)
	at com.alibaba.nacos.shaded.io.grpc.ForwardingClientCallListener$SimpleForwardingClientCallListener.onClose(ForwardingClientCallListener.java:40)
	at com.alibaba.nacos.shaded.io.grpc.internal.CensusStatsModule$StatsClientInterceptor$1$1.onClose(CensusStatsModule.java:700)
	at com.alibaba.nacos.shaded.io.grpc.PartialForwardingClientCallListener.onClose(PartialForwardingClientCallListener.java:39)
	at com.alibaba.nacos.shaded.io.grpc.ForwardingClientCallListener.onClose(ForwardingClientCallListener.java:23)
	at com.alibaba.nacos.shaded.io.grpc.ForwardingClientCallListener$SimpleForwardingClientCallListener.onClose(ForwardingClientCallListener.java:40)
	at com.alibaba.nacos.shaded.io.grpc.internal.CensusTracingModule$TracingClientInterceptor$1$1.onClose(CensusTracingModule.java:399)
	at com.alibaba.nacos.shaded.io.grpc.internal.ClientCallImpl.closeObserver(ClientCallImpl.java:510)
	at com.alibaba.nacos.shaded.io.grpc.internal.ClientCallImpl.access$300(ClientCallImpl.java:66)
	at com.alibaba.nacos.shaded.io.grpc.internal.ClientCallImpl$ClientStreamListenerImpl.close(ClientCallImpl.java:630)
	at com.alibaba.nacos.shaded.io.grpc.internal.ClientCallImpl$ClientStreamListenerImpl.access$700(ClientCallImpl.java:518)
	at com.alibaba.nacos.shaded.io.grpc.internal.ClientCallImpl$ClientStreamListenerImpl$1StreamClosed.runInternal(ClientCallImpl.java:692)
	at com.alibaba.nacos.shaded.io.grpc.internal.ClientCallImpl$ClientStreamListenerImpl$1StreamClosed.runInContext(ClientCallImpl.java:681)
	at com.alibaba.nacos.shaded.io.grpc.internal.ContextRunnable.run(ContextRunnable.java:37)
	at com.alibaba.nacos.shaded.io.grpc.internal.SerializingExecutor.run(SerializingExecutor.java:123)
	at java.base/java.util.concurrent.ThreadPoolExecutor.runWorker(ThreadPoolExecutor.java:1144)
	at java.base/java.util.concurrent.ThreadPoolExecutor$Worker.run(ThreadPoolExecutor.java:642)
	at java.base/java.lang.Thread.run(Thread.java:1589)
Caused by: com.alibaba.nacos.shaded.io.grpc.netty.shaded.io.netty.channel.AbstractChannel$AnnotatedConnectException: Connection refused: no further information: /127.0.0.1:9848
Caused by: java.net.ConnectException: Connection refused: no further information
	at java.base/sun.nio.ch.Net.pollConnect(Native Method)
	at java.base/sun.nio.ch.Net.pollConnectNow(Net.java:672)
	at java.base/sun.nio.ch.SocketChannelImpl.finishConnect(SocketChannelImpl.java:973)
	at com.alibaba.nacos.shaded.io.grpc.netty.shaded.io.netty.channel.socket.nio.NioSocketChannel.doFinishConnect(NioSocketChannel.java:327)
	at com.alibaba.nacos.shaded.io.grpc.netty.shaded.io.netty.channel.nio.AbstractNioChannel$AbstractNioUnsafe.finishConnect(AbstractNioChannel.java:336)
	at com.alibaba.nacos.shaded.io.grpc.netty.shaded.io.netty.channel.nio.NioEventLoop.processSelectedKey(NioEventLoop.java:685)
	at com.alibaba.nacos.shaded.io.grpc.netty.shaded.io.netty.channel.nio.NioEventLoop.processSelectedKeysOptimized(NioEventLoop.java:632)
	at com.alibaba.nacos.shaded.io.grpc.netty.shaded.io.netty.channel.nio.NioEventLoop.processSelectedKeys(NioEventLoop.java:549)
	at com.alibaba.nacos.shaded.io.grpc.netty.shaded.io.netty.channel.nio.NioEventLoop.run(NioEventLoop.java:511)
	at com.alibaba.nacos.shaded.io.grpc.netty.shaded.io.netty.util.concurrent.SingleThreadEventExecutor$5.run(SingleThreadEventExecutor.java:918)
	at com.alibaba.nacos.shaded.io.grpc.netty.shaded.io.netty.util.internal.ThreadExecutorMap$2.run(ThreadExecutorMap.java:74)
	at com.alibaba.nacos.shaded.io.grpc.netty.shaded.io.netty.util.concurrent.FastThreadLocalRunnable.run(FastThreadLocalRunnable.java:30)
	at java.base/java.lang.Thread.run(Thread.java:1589)
2025-09-19 15:13:03.642  INFO  [main] c.a.n.c.r.client - [163007b4-b646-410a-bc60-e39b7011f5a8] Try to connect to server on start up, server: {serverIp = '127.0.0.1', server main port = 8848}
2025-09-19 15:13:03.651  ERROR [main] c.a.n.c.r.c.g.GrpcClient - Server check fail, please check server 127.0.0.1 ,port 9848 is available , error ={}
java.util.concurrent.ExecutionException: com.alibaba.nacos.shaded.io.grpc.StatusRuntimeException: UNAVAILABLE: io exception
	at com.alibaba.nacos.shaded.com.google.common.util.concurrent.AbstractFuture.getDoneValue(AbstractFuture.java:566)
	at com.alibaba.nacos.shaded.com.google.common.util.concurrent.AbstractFuture.get(AbstractFuture.java:445)
	at com.alibaba.nacos.common.remote.client.grpc.GrpcClient.serverCheck(GrpcClient.java:148)
	at com.alibaba.nacos.common.remote.client.grpc.GrpcClient.connectToServer(GrpcClient.java:264)
	at com.alibaba.nacos.common.remote.client.RpcClient.start(RpcClient.java:390)
	at com.alibaba.nacos.client.naming.remote.gprc.NamingGrpcClientProxy.start(NamingGrpcClientProxy.java:96)
	at com.alibaba.nacos.client.naming.remote.gprc.NamingGrpcClientProxy.<init>(NamingGrpcClientProxy.java:89)
	at com.alibaba.nacos.client.naming.remote.NamingClientProxyDelegate.<init>(NamingClientProxyDelegate.java:76)
	at com.alibaba.nacos.client.naming.NacosNamingService.init(NacosNamingService.java:95)
	at com.alibaba.nacos.client.naming.NacosNamingService.<init>(NacosNamingService.java:77)
	at java.base/jdk.internal.reflect.DirectConstructorHandleAccessor.newInstance(DirectConstructorHandleAccessor.java:67)
	at java.base/java.lang.reflect.Constructor.newInstanceWithCaller(Constructor.java:500)
	at java.base/java.lang.reflect.Constructor.newInstance(Constructor.java:484)
	at com.alibaba.nacos.api.naming.NamingFactory.createNamingService(NamingFactory.java:42)
	at com.yu.gateway.register.center.nacos.impl.NacosRegisterCenter.init(NacosRegisterCenter.java:75)
	at com.yu.gateway.core.BootStrap.registerAndSubscribe(BootStrap.java:85)
	at com.yu.gateway.core.BootStrap.main(BootStrap.java:55)
Caused by: com.alibaba.nacos.shaded.io.grpc.StatusRuntimeException: UNAVAILABLE: io exception
	at com.alibaba.nacos.shaded.io.grpc.Status.asRuntimeException(Status.java:533)
	at com.alibaba.nacos.shaded.io.grpc.stub.ClientCalls$UnaryStreamToFuture.onClose(ClientCalls.java:490)
	at com.alibaba.nacos.shaded.io.grpc.PartialForwardingClientCallListener.onClose(PartialForwardingClientCallListener.java:39)
	at com.alibaba.nacos.shaded.io.grpc.ForwardingClientCallListener.onClose(ForwardingClientCallListener.java:23)
	at com.alibaba.nacos.shaded.io.grpc.ForwardingClientCallListener$SimpleForwardingClientCallListener.onClose(ForwardingClientCallListener.java:40)
	at com.alibaba.nacos.shaded.io.grpc.internal.CensusStatsModule$StatsClientInterceptor$1$1.onClose(CensusStatsModule.java:700)
	at com.alibaba.nacos.shaded.io.grpc.PartialForwardingClientCallListener.onClose(PartialForwardingClientCallListener.java:39)
	at com.alibaba.nacos.shaded.io.grpc.ForwardingClientCallListener.onClose(ForwardingClientCallListener.java:23)
	at com.alibaba.nacos.shaded.io.grpc.ForwardingClientCallListener$SimpleForwardingClientCallListener.onClose(ForwardingClientCallListener.java:40)
	at com.alibaba.nacos.shaded.io.grpc.internal.CensusTracingModule$TracingClientInterceptor$1$1.onClose(CensusTracingModule.java:399)
	at com.alibaba.nacos.shaded.io.grpc.internal.ClientCallImpl.closeObserver(ClientCallImpl.java:510)
	at com.alibaba.nacos.shaded.io.grpc.internal.ClientCallImpl.access$300(ClientCallImpl.java:66)
	at com.alibaba.nacos.shaded.io.grpc.internal.ClientCallImpl$ClientStreamListenerImpl.close(ClientCallImpl.java:630)
	at com.alibaba.nacos.shaded.io.grpc.internal.ClientCallImpl$ClientStreamListenerImpl.access$700(ClientCallImpl.java:518)
	at com.alibaba.nacos.shaded.io.grpc.internal.ClientCallImpl$ClientStreamListenerImpl$1StreamClosed.runInternal(ClientCallImpl.java:692)
	at com.alibaba.nacos.shaded.io.grpc.internal.ClientCallImpl$ClientStreamListenerImpl$1StreamClosed.runInContext(ClientCallImpl.java:681)
	at com.alibaba.nacos.shaded.io.grpc.internal.ContextRunnable.run(ContextRunnable.java:37)
	at com.alibaba.nacos.shaded.io.grpc.internal.SerializingExecutor.run(SerializingExecutor.java:123)
	at java.base/java.util.concurrent.ThreadPoolExecutor.runWorker(ThreadPoolExecutor.java:1144)
	at java.base/java.util.concurrent.ThreadPoolExecutor$Worker.run(ThreadPoolExecutor.java:642)
	at java.base/java.lang.Thread.run(Thread.java:1589)
Caused by: com.alibaba.nacos.shaded.io.grpc.netty.shaded.io.netty.channel.AbstractChannel$AnnotatedConnectException: Connection refused: no further information: /127.0.0.1:9848
Caused by: java.net.ConnectException: Connection refused: no further information
	at java.base/sun.nio.ch.Net.pollConnect(Native Method)
	at java.base/sun.nio.ch.Net.pollConnectNow(Net.java:672)
	at java.base/sun.nio.ch.SocketChannelImpl.finishConnect(SocketChannelImpl.java:973)
	at com.alibaba.nacos.shaded.io.grpc.netty.shaded.io.netty.channel.socket.nio.NioSocketChannel.doFinishConnect(NioSocketChannel.java:327)
	at com.alibaba.nacos.shaded.io.grpc.netty.shaded.io.netty.channel.nio.AbstractNioChannel$AbstractNioUnsafe.finishConnect(AbstractNioChannel.java:336)
	at com.alibaba.nacos.shaded.io.grpc.netty.shaded.io.netty.channel.nio.NioEventLoop.processSelectedKey(NioEventLoop.java:685)
	at com.alibaba.nacos.shaded.io.grpc.netty.shaded.io.netty.channel.nio.NioEventLoop.processSelectedKeysOptimized(NioEventLoop.java:632)
	at com.alibaba.nacos.shaded.io.grpc.netty.shaded.io.netty.channel.nio.NioEventLoop.processSelectedKeys(NioEventLoop.java:549)
	at com.alibaba.nacos.shaded.io.grpc.netty.shaded.io.netty.channel.nio.NioEventLoop.run(NioEventLoop.java:511)
	at com.alibaba.nacos.shaded.io.grpc.netty.shaded.io.netty.util.concurrent.SingleThreadEventExecutor$5.run(SingleThreadEventExecutor.java:918)
	at com.alibaba.nacos.shaded.io.grpc.netty.shaded.io.netty.util.internal.ThreadExecutorMap$2.run(ThreadExecutorMap.java:74)
	at com.alibaba.nacos.shaded.io.grpc.netty.shaded.io.netty.util.concurrent.FastThreadLocalRunnable.run(FastThreadLocalRunnable.java:30)
	at java.base/java.lang.Thread.run(Thread.java:1589)
2025-09-19 15:13:03.651  INFO  [main] c.a.n.c.r.client - [163007b4-b646-410a-bc60-e39b7011f5a8] Register server push request handler:com.alibaba.nacos.common.remote.client.RpcClient$ConnectResetRequestHandler
2025-09-19 15:13:03.651  INFO  [com.alibaba.nacos.client.remote.worker] c.a.n.c.r.client - [163007b4-b646-410a-bc60-e39b7011f5a8] Try to reconnect to a new server, server is  not appointed, will choose a random server.
2025-09-19 15:13:03.652  INFO  [main] c.a.n.c.r.client - [163007b4-b646-410a-bc60-e39b7011f5a8] Register server push request handler:com.alibaba.nacos.common.remote.client.RpcClient$$Lambda$109/0x0000000801284e38
2025-09-19 15:13:03.656  ERROR [com.alibaba.nacos.client.remote.worker] c.a.n.c.r.c.g.GrpcClient - Server check fail, please check server 127.0.0.1 ,port 9848 is available , error ={}
java.util.concurrent.ExecutionException: com.alibaba.nacos.shaded.io.grpc.StatusRuntimeException: UNAVAILABLE: io exception
	at com.alibaba.nacos.shaded.com.google.common.util.concurrent.AbstractFuture.getDoneValue(AbstractFuture.java:566)
	at com.alibaba.nacos.shaded.com.google.common.util.concurrent.AbstractFuture.get(AbstractFuture.java:445)
	at com.alibaba.nacos.common.remote.client.grpc.GrpcClient.serverCheck(GrpcClient.java:148)
	at com.alibaba.nacos.common.remote.client.grpc.GrpcClient.connectToServer(GrpcClient.java:264)
	at com.alibaba.nacos.common.remote.client.RpcClient.reconnect(RpcClient.java:522)
	at com.alibaba.nacos.common.remote.client.RpcClient.lambda$start$2(RpcClient.java:370)
	at java.base/java.util.concurrent.Executors$RunnableAdapter.call(Executors.java:577)
	at java.base/java.util.concurrent.FutureTask.run(FutureTask.java:317)
	at java.base/java.util.concurrent.ScheduledThreadPoolExecutor$ScheduledFutureTask.run(ScheduledThreadPoolExecutor.java:304)
	at java.base/java.util.concurrent.ThreadPoolExecutor.runWorker(ThreadPoolExecutor.java:1144)
	at java.base/java.util.concurrent.ThreadPoolExecutor$Worker.run(ThreadPoolExecutor.java:642)
	at java.base/java.lang.Thread.run(Thread.java:1589)
Caused by: com.alibaba.nacos.shaded.io.grpc.StatusRuntimeException: UNAVAILABLE: io exception
	at com.alibaba.nacos.shaded.io.grpc.Status.asRuntimeException(Status.java:533)
	at com.alibaba.nacos.shaded.io.grpc.stub.ClientCalls$UnaryStreamToFuture.onClose(ClientCalls.java:490)
	at com.alibaba.nacos.shaded.io.grpc.PartialForwardingClientCallListener.onClose(PartialForwardingClientCallListener.java:39)
	at com.alibaba.nacos.shaded.io.grpc.ForwardingClientCallListener.onClose(ForwardingClientCallListener.java:23)
	at com.alibaba.nacos.shaded.io.grpc.ForwardingClientCallListener$SimpleForwardingClientCallListener.onClose(ForwardingClientCallListener.java:40)
	at com.alibaba.nacos.shaded.io.grpc.internal.CensusStatsModule$StatsClientInterceptor$1$1.onClose(CensusStatsModule.java:700)
	at com.alibaba.nacos.shaded.io.grpc.PartialForwardingClientCallListener.onClose(PartialForwardingClientCallListener.java:39)
	at com.alibaba.nacos.shaded.io.grpc.ForwardingClientCallListener.onClose(ForwardingClientCallListener.java:23)
	at com.alibaba.nacos.shaded.io.grpc.ForwardingClientCallListener$SimpleForwardingClientCallListener.onClose(ForwardingClientCallListener.java:40)
	at com.alibaba.nacos.shaded.io.grpc.internal.CensusTracingModule$TracingClientInterceptor$1$1.onClose(CensusTracingModule.java:399)
	at com.alibaba.nacos.shaded.io.grpc.internal.ClientCallImpl.closeObserver(ClientCallImpl.java:510)
	at com.alibaba.nacos.shaded.io.grpc.internal.ClientCallImpl.access$300(ClientCallImpl.java:66)
	at com.alibaba.nacos.shaded.io.grpc.internal.ClientCallImpl$ClientStreamListenerImpl.close(ClientCallImpl.java:630)
	at com.alibaba.nacos.shaded.io.grpc.internal.ClientCallImpl$ClientStreamListenerImpl.access$700(ClientCallImpl.java:518)
	at com.alibaba.nacos.shaded.io.grpc.internal.ClientCallImpl$ClientStreamListenerImpl$1StreamClosed.runInternal(ClientCallImpl.java:692)
	at com.alibaba.nacos.shaded.io.grpc.internal.ClientCallImpl$ClientStreamListenerImpl$1StreamClosed.runInContext(ClientCallImpl.java:681)
	at com.alibaba.nacos.shaded.io.grpc.internal.ContextRunnable.run(ContextRunnable.java:37)
	at com.alibaba.nacos.shaded.io.grpc.internal.SerializingExecutor.run(SerializingExecutor.java:123)
	... 3 common frames omitted
Caused by: com.alibaba.nacos.shaded.io.grpc.netty.shaded.io.netty.channel.AbstractChannel$AnnotatedConnectException: Connection refused: no further information: /127.0.0.1:9848
Caused by: java.net.ConnectException: Connection refused: no further information
	at java.base/sun.nio.ch.Net.pollConnect(Native Method)
	at java.base/sun.nio.ch.Net.pollConnectNow(Net.java:672)
	at java.base/sun.nio.ch.SocketChannelImpl.finishConnect(SocketChannelImpl.java:973)
	at com.alibaba.nacos.shaded.io.grpc.netty.shaded.io.netty.channel.socket.nio.NioSocketChannel.doFinishConnect(NioSocketChannel.java:327)
	at com.alibaba.nacos.shaded.io.grpc.netty.shaded.io.netty.channel.nio.AbstractNioChannel$AbstractNioUnsafe.finishConnect(AbstractNioChannel.java:336)
	at com.alibaba.nacos.shaded.io.grpc.netty.shaded.io.netty.channel.nio.NioEventLoop.processSelectedKey(NioEventLoop.java:685)
	at com.alibaba.nacos.shaded.io.grpc.netty.shaded.io.netty.channel.nio.NioEventLoop.processSelectedKeysOptimized(NioEventLoop.java:632)
	at com.alibaba.nacos.shaded.io.grpc.netty.shaded.io.netty.channel.nio.NioEventLoop.processSelectedKeys(NioEventLoop.java:549)
	at com.alibaba.nacos.shaded.io.grpc.netty.shaded.io.netty.channel.nio.NioEventLoop.run(NioEventLoop.java:511)
	at com.alibaba.nacos.shaded.io.grpc.netty.shaded.io.netty.util.concurrent.SingleThreadEventExecutor$5.run(SingleThreadEventExecutor.java:918)
	at com.alibaba.nacos.shaded.io.grpc.netty.shaded.io.netty.util.internal.ThreadExecutorMap$2.run(ThreadExecutorMap.java:74)
	at com.alibaba.nacos.shaded.io.grpc.netty.shaded.io.netty.util.concurrent.FastThreadLocalRunnable.run(FastThreadLocalRunnable.java:30)
	at java.base/java.lang.Thread.run(Thread.java:1589)
2025-09-19 15:13:03.766  ERROR [com.alibaba.nacos.client.remote.worker] c.a.n.c.r.c.g.GrpcClient - Server check fail, please check server 127.0.0.1 ,port 9848 is available , error ={}
java.util.concurrent.ExecutionException: com.alibaba.nacos.shaded.io.grpc.StatusRuntimeException: UNAVAILABLE: io exception
	at com.alibaba.nacos.shaded.com.google.common.util.concurrent.AbstractFuture.getDoneValue(AbstractFuture.java:566)
	at com.alibaba.nacos.shaded.com.google.common.util.concurrent.AbstractFuture.get(AbstractFuture.java:445)
	at com.alibaba.nacos.common.remote.client.grpc.GrpcClient.serverCheck(GrpcClient.java:148)
	at com.alibaba.nacos.common.remote.client.grpc.GrpcClient.connectToServer(GrpcClient.java:264)
	at com.alibaba.nacos.common.remote.client.RpcClient.reconnect(RpcClient.java:522)
	at com.alibaba.nacos.common.remote.client.RpcClient.lambda$start$2(RpcClient.java:370)
	at java.base/java.util.concurrent.Executors$RunnableAdapter.call(Executors.java:577)
	at java.base/java.util.concurrent.FutureTask.run(FutureTask.java:317)
	at java.base/java.util.concurrent.ScheduledThreadPoolExecutor$ScheduledFutureTask.run(ScheduledThreadPoolExecutor.java:304)
	at java.base/java.util.concurrent.ThreadPoolExecutor.runWorker(ThreadPoolExecutor.java:1144)
	at java.base/java.util.concurrent.ThreadPoolExecutor$Worker.run(ThreadPoolExecutor.java:642)
	at java.base/java.lang.Thread.run(Thread.java:1589)
Caused by: com.alibaba.nacos.shaded.io.grpc.StatusRuntimeException: UNAVAILABLE: io exception
	at com.alibaba.nacos.shaded.io.grpc.Status.asRuntimeException(Status.java:533)
	at com.alibaba.nacos.shaded.io.grpc.stub.ClientCalls$UnaryStreamToFuture.onClose(ClientCalls.java:490)
	at com.alibaba.nacos.shaded.io.grpc.PartialForwardingClientCallListener.onClose(PartialForwardingClientCallListener.java:39)
	at com.alibaba.nacos.shaded.io.grpc.ForwardingClientCallListener.onClose(ForwardingClientCallListener.java:23)
	at com.alibaba.nacos.shaded.io.grpc.ForwardingClientCallListener$SimpleForwardingClientCallListener.onClose(ForwardingClientCallListener.java:40)
	at com.alibaba.nacos.shaded.io.grpc.internal.CensusStatsModule$StatsClientInterceptor$1$1.onClose(CensusStatsModule.java:700)
	at com.alibaba.nacos.shaded.io.grpc.PartialForwardingClientCallListener.onClose(PartialForwardingClientCallListener.java:39)
	at com.alibaba.nacos.shaded.io.grpc.ForwardingClientCallListener.onClose(ForwardingClientCallListener.java:23)
	at com.alibaba.nacos.shaded.io.grpc.ForwardingClientCallListener$SimpleForwardingClientCallListener.onClose(ForwardingClientCallListener.java:40)
	at com.alibaba.nacos.shaded.io.grpc.internal.CensusTracingModule$TracingClientInterceptor$1$1.onClose(CensusTracingModule.java:399)
	at com.alibaba.nacos.shaded.io.grpc.internal.ClientCallImpl.closeObserver(ClientCallImpl.java:510)
	at com.alibaba.nacos.shaded.io.grpc.internal.ClientCallImpl.access$300(ClientCallImpl.java:66)
	at com.alibaba.nacos.shaded.io.grpc.internal.ClientCallImpl$ClientStreamListenerImpl.close(ClientCallImpl.java:630)
	at com.alibaba.nacos.shaded.io.grpc.internal.ClientCallImpl$ClientStreamListenerImpl.access$700(ClientCallImpl.java:518)
	at com.alibaba.nacos.shaded.io.grpc.internal.ClientCallImpl$ClientStreamListenerImpl$1StreamClosed.runInternal(ClientCallImpl.java:692)
	at com.alibaba.nacos.shaded.io.grpc.internal.ClientCallImpl$ClientStreamListenerImpl$1StreamClosed.runInContext(ClientCallImpl.java:681)
	at com.alibaba.nacos.shaded.io.grpc.internal.ContextRunnable.run(ContextRunnable.java:37)
	at com.alibaba.nacos.shaded.io.grpc.internal.SerializingExecutor.run(SerializingExecutor.java:123)
	... 3 common frames omitted
Caused by: com.alibaba.nacos.shaded.io.grpc.netty.shaded.io.netty.channel.AbstractChannel$AnnotatedConnectException: Connection refused: no further information: /127.0.0.1:9848
Caused by: java.net.ConnectException: Connection refused: no further information
	at java.base/sun.nio.ch.Net.pollConnect(Native Method)
	at java.base/sun.nio.ch.Net.pollConnectNow(Net.java:672)
	at java.base/sun.nio.ch.SocketChannelImpl.finishConnect(SocketChannelImpl.java:973)
	at com.alibaba.nacos.shaded.io.grpc.netty.shaded.io.netty.channel.socket.nio.NioSocketChannel.doFinishConnect(NioSocketChannel.java:327)
	at com.alibaba.nacos.shaded.io.grpc.netty.shaded.io.netty.channel.nio.AbstractNioChannel$AbstractNioUnsafe.finishConnect(AbstractNioChannel.java:336)
	at com.alibaba.nacos.shaded.io.grpc.netty.shaded.io.netty.channel.nio.NioEventLoop.processSelectedKey(NioEventLoop.java:685)
	at com.alibaba.nacos.shaded.io.grpc.netty.shaded.io.netty.channel.nio.NioEventLoop.processSelectedKeysOptimized(NioEventLoop.java:632)
	at com.alibaba.nacos.shaded.io.grpc.netty.shaded.io.netty.channel.nio.NioEventLoop.processSelectedKeys(NioEventLoop.java:549)
	at com.alibaba.nacos.shaded.io.grpc.netty.shaded.io.netty.channel.nio.NioEventLoop.run(NioEventLoop.java:511)
	at com.alibaba.nacos.shaded.io.grpc.netty.shaded.io.netty.util.concurrent.SingleThreadEventExecutor$5.run(SingleThreadEventExecutor.java:918)
	at com.alibaba.nacos.shaded.io.grpc.netty.shaded.io.netty.util.internal.ThreadExecutorMap$2.run(ThreadExecutorMap.java:74)
	at com.alibaba.nacos.shaded.io.grpc.netty.shaded.io.netty.util.concurrent.FastThreadLocalRunnable.run(FastThreadLocalRunnable.java:30)
	at java.base/java.lang.Thread.run(Thread.java:1589)
2025-09-19 15:13:03.766  INFO  [com.alibaba.nacos.client.remote.worker] c.a.n.c.r.client - [163007b4-b646-410a-bc60-e39b7011f5a8] Fail to connect server, after trying 1 times, last try server is {serverIp = '127.0.0.1', server main port = 8848}, error = unknown
2025-09-19 15:13:03.874  ERROR [com.alibaba.nacos.client.remote.worker] c.a.n.c.r.c.g.GrpcClient - Server check fail, please check server 127.0.0.1 ,port 9848 is available , error ={}
java.util.concurrent.ExecutionException: com.alibaba.nacos.shaded.io.grpc.StatusRuntimeException: UNAVAILABLE: io exception
	at com.alibaba.nacos.shaded.com.google.common.util.concurrent.AbstractFuture.getDoneValue(AbstractFuture.java:566)
	at com.alibaba.nacos.shaded.com.google.common.util.concurrent.AbstractFuture.get(AbstractFuture.java:445)
	at com.alibaba.nacos.common.remote.client.grpc.GrpcClient.serverCheck(GrpcClient.java:148)
	at com.alibaba.nacos.common.remote.client.grpc.GrpcClient.connectToServer(GrpcClient.java:264)
	at com.alibaba.nacos.common.remote.client.RpcClient.reconnect(RpcClient.java:522)
	at com.alibaba.nacos.common.remote.client.RpcClient.lambda$start$2(RpcClient.java:370)
	at java.base/java.util.concurrent.Executors$RunnableAdapter.call(Executors.java:577)
	at java.base/java.util.concurrent.FutureTask.run(FutureTask.java:317)
	at java.base/java.util.concurrent.ScheduledThreadPoolExecutor$ScheduledFutureTask.run(ScheduledThreadPoolExecutor.java:304)
	at java.base/java.util.concurrent.ThreadPoolExecutor.runWorker(ThreadPoolExecutor.java:1144)
	at java.base/java.util.concurrent.ThreadPoolExecutor$Worker.run(ThreadPoolExecutor.java:642)
	at java.base/java.lang.Thread.run(Thread.java:1589)
Caused by: com.alibaba.nacos.shaded.io.grpc.StatusRuntimeException: UNAVAILABLE: io exception
	at com.alibaba.nacos.shaded.io.grpc.Status.asRuntimeException(Status.java:533)
	at com.alibaba.nacos.shaded.io.grpc.stub.ClientCalls$UnaryStreamToFuture.onClose(ClientCalls.java:490)
	at com.alibaba.nacos.shaded.io.grpc.PartialForwardingClientCallListener.onClose(PartialForwardingClientCallListener.java:39)
	at com.alibaba.nacos.shaded.io.grpc.ForwardingClientCallListener.onClose(ForwardingClientCallListener.java:23)
	at com.alibaba.nacos.shaded.io.grpc.ForwardingClientCallListener$SimpleForwardingClientCallListener.onClose(ForwardingClientCallListener.java:40)
	at com.alibaba.nacos.shaded.io.grpc.internal.CensusStatsModule$StatsClientInterceptor$1$1.onClose(CensusStatsModule.java:700)
	at com.alibaba.nacos.shaded.io.grpc.PartialForwardingClientCallListener.onClose(PartialForwardingClientCallListener.java:39)
	at com.alibaba.nacos.shaded.io.grpc.ForwardingClientCallListener.onClose(ForwardingClientCallListener.java:23)
	at com.alibaba.nacos.shaded.io.grpc.ForwardingClientCallListener$SimpleForwardingClientCallListener.onClose(ForwardingClientCallListener.java:40)
	at com.alibaba.nacos.shaded.io.grpc.internal.CensusTracingModule$TracingClientInterceptor$1$1.onClose(CensusTracingModule.java:399)
	at com.alibaba.nacos.shaded.io.grpc.internal.ClientCallImpl.closeObserver(ClientCallImpl.java:510)
	at com.alibaba.nacos.shaded.io.grpc.internal.ClientCallImpl.access$300(ClientCallImpl.java:66)
	at com.alibaba.nacos.shaded.io.grpc.internal.ClientCallImpl$ClientStreamListenerImpl.close(ClientCallImpl.java:630)
	at com.alibaba.nacos.shaded.io.grpc.internal.ClientCallImpl$ClientStreamListenerImpl.access$700(ClientCallImpl.java:518)
	at com.alibaba.nacos.shaded.io.grpc.internal.ClientCallImpl$ClientStreamListenerImpl$1StreamClosed.runInternal(ClientCallImpl.java:692)
	at com.alibaba.nacos.shaded.io.grpc.internal.ClientCallImpl$ClientStreamListenerImpl$1StreamClosed.runInContext(ClientCallImpl.java:681)
	at com.alibaba.nacos.shaded.io.grpc.internal.ContextRunnable.run(ContextRunnable.java:37)
	at com.alibaba.nacos.shaded.io.grpc.internal.SerializingExecutor.run(SerializingExecutor.java:123)
	... 3 common frames omitted
Caused by: com.alibaba.nacos.shaded.io.grpc.netty.shaded.io.netty.channel.AbstractChannel$AnnotatedConnectException: Connection refused: no further information: /127.0.0.1:9848
Caused by: java.net.ConnectException: Connection refused: no further information
	at java.base/sun.nio.ch.Net.pollConnect(Native Method)
	at java.base/sun.nio.ch.Net.pollConnectNow(Net.java:672)
	at java.base/sun.nio.ch.SocketChannelImpl.finishConnect(SocketChannelImpl.java:973)
	at com.alibaba.nacos.shaded.io.grpc.netty.shaded.io.netty.channel.socket.nio.NioSocketChannel.doFinishConnect(NioSocketChannel.java:327)
	at com.alibaba.nacos.shaded.io.grpc.netty.shaded.io.netty.channel.nio.AbstractNioChannel$AbstractNioUnsafe.finishConnect(AbstractNioChannel.java:336)
	at com.alibaba.nacos.shaded.io.grpc.netty.shaded.io.netty.channel.nio.NioEventLoop.processSelectedKey(NioEventLoop.java:685)
	at com.alibaba.nacos.shaded.io.grpc.netty.shaded.io.netty.channel.nio.NioEventLoop.processSelectedKeysOptimized(NioEventLoop.java:632)
	at com.alibaba.nacos.shaded.io.grpc.netty.shaded.io.netty.channel.nio.NioEventLoop.processSelectedKeys(NioEventLoop.java:549)
	at com.alibaba.nacos.shaded.io.grpc.netty.shaded.io.netty.channel.nio.NioEventLoop.run(NioEventLoop.java:511)
	at com.alibaba.nacos.shaded.io.grpc.netty.shaded.io.netty.util.concurrent.SingleThreadEventExecutor$5.run(SingleThreadEventExecutor.java:918)
	at com.alibaba.nacos.shaded.io.grpc.netty.shaded.io.netty.util.internal.ThreadExecutorMap$2.run(ThreadExecutorMap.java:74)
	at com.alibaba.nacos.shaded.io.grpc.netty.shaded.io.netty.util.concurrent.FastThreadLocalRunnable.run(FastThreadLocalRunnable.java:30)
	at java.base/java.lang.Thread.run(Thread.java:1589)
2025-09-19 15:13:03.875  INFO  [com.alibaba.nacos.client.remote.worker] c.a.n.c.r.client - [6557a64c-d3e6-481c-b159-daeb774ca1a6_config-0] Fail to connect server, after trying 4 times, last try server is {serverIp = '127.0.0.1', server main port = 8848}, error = unknown
2025-09-19 15:13:03.940  ERROR [main] c.a.n.c.r.client - Send request fail, request = InstanceRequest{headers={app=unknown}, requestId='null'}, retryTimes = 0, errorMessage = Client not connected, current status:STARTING
2025-09-19 15:13:03.969  ERROR [com.alibaba.nacos.client.remote.worker] c.a.n.c.r.c.g.GrpcClient - Server check fail, please check server 127.0.0.1 ,port 9848 is available , error ={}
java.util.concurrent.ExecutionException: com.alibaba.nacos.shaded.io.grpc.StatusRuntimeException: UNAVAILABLE: io exception
	at com.alibaba.nacos.shaded.com.google.common.util.concurrent.AbstractFuture.getDoneValue(AbstractFuture.java:566)
	at com.alibaba.nacos.shaded.com.google.common.util.concurrent.AbstractFuture.get(AbstractFuture.java:445)
	at com.alibaba.nacos.common.remote.client.grpc.GrpcClient.serverCheck(GrpcClient.java:148)
	at com.alibaba.nacos.common.remote.client.grpc.GrpcClient.connectToServer(GrpcClient.java:264)
	at com.alibaba.nacos.common.remote.client.RpcClient.reconnect(RpcClient.java:522)
	at com.alibaba.nacos.common.remote.client.RpcClient.lambda$start$2(RpcClient.java:370)
	at java.base/java.util.concurrent.Executors$RunnableAdapter.call(Executors.java:577)
	at java.base/java.util.concurrent.FutureTask.run(FutureTask.java:317)
	at java.base/java.util.concurrent.ScheduledThreadPoolExecutor$ScheduledFutureTask.run(ScheduledThreadPoolExecutor.java:304)
	at java.base/java.util.concurrent.ThreadPoolExecutor.runWorker(ThreadPoolExecutor.java:1144)
	at java.base/java.util.concurrent.ThreadPoolExecutor$Worker.run(ThreadPoolExecutor.java:642)
	at java.base/java.lang.Thread.run(Thread.java:1589)
Caused by: com.alibaba.nacos.shaded.io.grpc.StatusRuntimeException: UNAVAILABLE: io exception
	at com.alibaba.nacos.shaded.io.grpc.Status.asRuntimeException(Status.java:533)
	at com.alibaba.nacos.shaded.io.grpc.stub.ClientCalls$UnaryStreamToFuture.onClose(ClientCalls.java:490)
	at com.alibaba.nacos.shaded.io.grpc.PartialForwardingClientCallListener.onClose(PartialForwardingClientCallListener.java:39)
	at com.alibaba.nacos.shaded.io.grpc.ForwardingClientCallListener.onClose(ForwardingClientCallListener.java:23)
	at com.alibaba.nacos.shaded.io.grpc.ForwardingClientCallListener$SimpleForwardingClientCallListener.onClose(ForwardingClientCallListener.java:40)
	at com.alibaba.nacos.shaded.io.grpc.internal.CensusStatsModule$StatsClientInterceptor$1$1.onClose(CensusStatsModule.java:700)
	at com.alibaba.nacos.shaded.io.grpc.PartialForwardingClientCallListener.onClose(PartialForwardingClientCallListener.java:39)
	at com.alibaba.nacos.shaded.io.grpc.ForwardingClientCallListener.onClose(ForwardingClientCallListener.java:23)
	at com.alibaba.nacos.shaded.io.grpc.ForwardingClientCallListener$SimpleForwardingClientCallListener.onClose(ForwardingClientCallListener.java:40)
	at com.alibaba.nacos.shaded.io.grpc.internal.CensusTracingModule$TracingClientInterceptor$1$1.onClose(CensusTracingModule.java:399)
	at com.alibaba.nacos.shaded.io.grpc.internal.ClientCallImpl.closeObserver(ClientCallImpl.java:510)
	at com.alibaba.nacos.shaded.io.grpc.internal.ClientCallImpl.access$300(ClientCallImpl.java:66)
	at com.alibaba.nacos.shaded.io.grpc.internal.ClientCallImpl$ClientStreamListenerImpl.close(ClientCallImpl.java:630)
	at com.alibaba.nacos.shaded.io.grpc.internal.ClientCallImpl$ClientStreamListenerImpl.access$700(ClientCallImpl.java:518)
	at com.alibaba.nacos.shaded.io.grpc.internal.ClientCallImpl$ClientStreamListenerImpl$1StreamClosed.runInternal(ClientCallImpl.java:692)
	at com.alibaba.nacos.shaded.io.grpc.internal.ClientCallImpl$ClientStreamListenerImpl$1StreamClosed.runInContext(ClientCallImpl.java:681)
	at com.alibaba.nacos.shaded.io.grpc.internal.ContextRunnable.run(ContextRunnable.java:37)
	at com.alibaba.nacos.shaded.io.grpc.internal.SerializingExecutor.run(SerializingExecutor.java:123)
	... 3 common frames omitted
Caused by: com.alibaba.nacos.shaded.io.grpc.netty.shaded.io.netty.channel.AbstractChannel$AnnotatedConnectException: Connection refused: no further information: /127.0.0.1:9848
Caused by: java.net.ConnectException: Connection refused: no further information
	at java.base/sun.nio.ch.Net.pollConnect(Native Method)
	at java.base/sun.nio.ch.Net.pollConnectNow(Net.java:672)
	at java.base/sun.nio.ch.SocketChannelImpl.finishConnect(SocketChannelImpl.java:973)
	at com.alibaba.nacos.shaded.io.grpc.netty.shaded.io.netty.channel.socket.nio.NioSocketChannel.doFinishConnect(NioSocketChannel.java:327)
	at com.alibaba.nacos.shaded.io.grpc.netty.shaded.io.netty.channel.nio.AbstractNioChannel$AbstractNioUnsafe.finishConnect(AbstractNioChannel.java:336)
	at com.alibaba.nacos.shaded.io.grpc.netty.shaded.io.netty.channel.nio.NioEventLoop.processSelectedKey(NioEventLoop.java:685)
	at com.alibaba.nacos.shaded.io.grpc.netty.shaded.io.netty.channel.nio.NioEventLoop.processSelectedKeysOptimized(NioEventLoop.java:632)
	at com.alibaba.nacos.shaded.io.grpc.netty.shaded.io.netty.channel.nio.NioEventLoop.processSelectedKeys(NioEventLoop.java:549)
	at com.alibaba.nacos.shaded.io.grpc.netty.shaded.io.netty.channel.nio.NioEventLoop.run(NioEventLoop.java:511)
	at com.alibaba.nacos.shaded.io.grpc.netty.shaded.io.netty.util.concurrent.SingleThreadEventExecutor$5.run(SingleThreadEventExecutor.java:918)
	at com.alibaba.nacos.shaded.io.grpc.netty.shaded.io.netty.util.internal.ThreadExecutorMap$2.run(ThreadExecutorMap.java:74)
	at com.alibaba.nacos.shaded.io.grpc.netty.shaded.io.netty.util.concurrent.FastThreadLocalRunnable.run(FastThreadLocalRunnable.java:30)
	at java.base/java.lang.Thread.run(Thread.java:1589)
2025-09-19 15:13:03.971  INFO  [com.alibaba.nacos.client.remote.worker] c.a.n.c.r.client - [163007b4-b646-410a-bc60-e39b7011f5a8] Fail to connect server, after trying 2 times, last try server is {serverIp = '127.0.0.1', server main port = 8848}, error = unknown
2025-09-19 15:13:04.041  ERROR [main] c.a.n.c.r.client - Send request fail, request = InstanceRequest{headers={app=unknown}, requestId='null'}, retryTimes = 1, errorMessage = Client not connected, current status:STARTING
2025-09-19 15:13:04.142  ERROR [main] c.a.n.c.r.client - Send request fail, request = InstanceRequest{headers={app=unknown}, requestId='null'}, retryTimes = 2, errorMessage = Client not connected, current status:STARTING
2025-09-19 15:13:04.142  ERROR [main] c.y.g.r.c.n.i.NacosRegisterCenter - register com.yu.gateway.common.config.ServiceDefinition@5229e9b0 failed
com.alibaba.nacos.api.exception.NacosException: Request nacos server failed: 
	at com.alibaba.nacos.client.naming.remote.gprc.NamingGrpcClientProxy.requestToServer(NamingGrpcClientProxy.java:290)
	at com.alibaba.nacos.client.naming.remote.gprc.NamingGrpcClientProxy.doRegisterService(NamingGrpcClientProxy.java:129)
	at com.alibaba.nacos.client.naming.remote.gprc.NamingGrpcClientProxy.registerService(NamingGrpcClientProxy.java:115)
	at com.alibaba.nacos.client.naming.remote.NamingClientProxyDelegate.registerService(NamingClientProxyDelegate.java:94)
	at com.alibaba.nacos.client.naming.NacosNamingService.registerInstance(NacosNamingService.java:145)
	at com.yu.gateway.register.center.nacos.impl.NacosRegisterCenter.register(NacosRegisterCenter.java:101)
	at com.yu.gateway.core.BootStrap.registerAndSubscribe(BootStrap.java:92)
	at com.yu.gateway.core.BootStrap.main(BootStrap.java:55)
Caused by: com.alibaba.nacos.api.exception.NacosException: Client not connected, current status:STARTING
	at com.alibaba.nacos.common.remote.client.RpcClient.request(RpcClient.java:650)
	at com.alibaba.nacos.common.remote.client.RpcClient.request(RpcClient.java:630)
	at com.alibaba.nacos.client.naming.remote.gprc.NamingGrpcClientProxy.requestToServer(NamingGrpcClientProxy.java:280)
	... 7 common frames omitted
2025-09-19 15:13:04.277  ERROR [com.alibaba.nacos.client.remote.worker] c.a.n.c.r.c.g.GrpcClient - Server check fail, please check server 127.0.0.1 ,port 9848 is available , error ={}
java.util.concurrent.ExecutionException: com.alibaba.nacos.shaded.io.grpc.StatusRuntimeException: UNAVAILABLE: io exception
	at com.alibaba.nacos.shaded.com.google.common.util.concurrent.AbstractFuture.getDoneValue(AbstractFuture.java:566)
	at com.alibaba.nacos.shaded.com.google.common.util.concurrent.AbstractFuture.get(AbstractFuture.java:445)
	at com.alibaba.nacos.common.remote.client.grpc.GrpcClient.serverCheck(GrpcClient.java:148)
	at com.alibaba.nacos.common.remote.client.grpc.GrpcClient.connectToServer(GrpcClient.java:264)
	at com.alibaba.nacos.common.remote.client.RpcClient.reconnect(RpcClient.java:522)
	at com.alibaba.nacos.common.remote.client.RpcClient.lambda$start$2(RpcClient.java:370)
	at java.base/java.util.concurrent.Executors$RunnableAdapter.call(Executors.java:577)
	at java.base/java.util.concurrent.FutureTask.run(FutureTask.java:317)
	at java.base/java.util.concurrent.ScheduledThreadPoolExecutor$ScheduledFutureTask.run(ScheduledThreadPoolExecutor.java:304)
	at java.base/java.util.concurrent.ThreadPoolExecutor.runWorker(ThreadPoolExecutor.java:1144)
	at java.base/java.util.concurrent.ThreadPoolExecutor$Worker.run(ThreadPoolExecutor.java:642)
	at java.base/java.lang.Thread.run(Thread.java:1589)
Caused by: com.alibaba.nacos.shaded.io.grpc.StatusRuntimeException: UNAVAILABLE: io exception
	at com.alibaba.nacos.shaded.io.grpc.Status.asRuntimeException(Status.java:533)
	at com.alibaba.nacos.shaded.io.grpc.stub.ClientCalls$UnaryStreamToFuture.onClose(ClientCalls.java:490)
	at com.alibaba.nacos.shaded.io.grpc.PartialForwardingClientCallListener.onClose(PartialForwardingClientCallListener.java:39)
	at com.alibaba.nacos.shaded.io.grpc.ForwardingClientCallListener.onClose(ForwardingClientCallListener.java:23)
	at com.alibaba.nacos.shaded.io.grpc.ForwardingClientCallListener$SimpleForwardingClientCallListener.onClose(ForwardingClientCallListener.java:40)
	at com.alibaba.nacos.shaded.io.grpc.internal.CensusStatsModule$StatsClientInterceptor$1$1.onClose(CensusStatsModule.java:700)
	at com.alibaba.nacos.shaded.io.grpc.PartialForwardingClientCallListener.onClose(PartialForwardingClientCallListener.java:39)
	at com.alibaba.nacos.shaded.io.grpc.ForwardingClientCallListener.onClose(ForwardingClientCallListener.java:23)
	at com.alibaba.nacos.shaded.io.grpc.ForwardingClientCallListener$SimpleForwardingClientCallListener.onClose(ForwardingClientCallListener.java:40)
	at com.alibaba.nacos.shaded.io.grpc.internal.CensusTracingModule$TracingClientInterceptor$1$1.onClose(CensusTracingModule.java:399)
	at com.alibaba.nacos.shaded.io.grpc.internal.ClientCallImpl.closeObserver(ClientCallImpl.java:510)
	at com.alibaba.nacos.shaded.io.grpc.internal.ClientCallImpl.access$300(ClientCallImpl.java:66)
	at com.alibaba.nacos.shaded.io.grpc.internal.ClientCallImpl$ClientStreamListenerImpl.close(ClientCallImpl.java:630)
	at com.alibaba.nacos.shaded.io.grpc.internal.ClientCallImpl$ClientStreamListenerImpl.access$700(ClientCallImpl.java:518)
	at com.alibaba.nacos.shaded.io.grpc.internal.ClientCallImpl$ClientStreamListenerImpl$1StreamClosed.runInternal(ClientCallImpl.java:692)
	at com.alibaba.nacos.shaded.io.grpc.internal.ClientCallImpl$ClientStreamListenerImpl$1StreamClosed.runInContext(ClientCallImpl.java:681)
	at com.alibaba.nacos.shaded.io.grpc.internal.ContextRunnable.run(ContextRunnable.java:37)
	at com.alibaba.nacos.shaded.io.grpc.internal.SerializingExecutor.run(SerializingExecutor.java:123)
	... 3 common frames omitted
Caused by: com.alibaba.nacos.shaded.io.grpc.netty.shaded.io.netty.channel.AbstractChannel$AnnotatedConnectException: Connection refused: no further information: /127.0.0.1:9848
Caused by: java.net.ConnectException: Connection refused: no further information
	at java.base/sun.nio.ch.Net.pollConnect(Native Method)
	at java.base/sun.nio.ch.Net.pollConnectNow(Net.java:672)
	at java.base/sun.nio.ch.SocketChannelImpl.finishConnect(SocketChannelImpl.java:973)
	at com.alibaba.nacos.shaded.io.grpc.netty.shaded.io.netty.channel.socket.nio.NioSocketChannel.doFinishConnect(NioSocketChannel.java:327)
	at com.alibaba.nacos.shaded.io.grpc.netty.shaded.io.netty.channel.nio.AbstractNioChannel$AbstractNioUnsafe.finishConnect(AbstractNioChannel.java:336)
	at com.alibaba.nacos.shaded.io.grpc.netty.shaded.io.netty.channel.nio.NioEventLoop.processSelectedKey(NioEventLoop.java:685)
	at com.alibaba.nacos.shaded.io.grpc.netty.shaded.io.netty.channel.nio.NioEventLoop.processSelectedKeysOptimized(NioEventLoop.java:632)
	at com.alibaba.nacos.shaded.io.grpc.netty.shaded.io.netty.channel.nio.NioEventLoop.processSelectedKeys(NioEventLoop.java:549)
	at com.alibaba.nacos.shaded.io.grpc.netty.shaded.io.netty.channel.nio.NioEventLoop.run(NioEventLoop.java:511)
	at com.alibaba.nacos.shaded.io.grpc.netty.shaded.io.netty.util.concurrent.SingleThreadEventExecutor$5.run(SingleThreadEventExecutor.java:918)
	at com.alibaba.nacos.shaded.io.grpc.netty.shaded.io.netty.util.internal.ThreadExecutorMap$2.run(ThreadExecutorMap.java:74)
	at com.alibaba.nacos.shaded.io.grpc.netty.shaded.io.netty.util.concurrent.FastThreadLocalRunnable.run(FastThreadLocalRunnable.java:30)
	at java.base/java.lang.Thread.run(Thread.java:1589)
2025-09-19 15:13:04.278  INFO  [com.alibaba.nacos.client.remote.worker] c.a.n.c.r.client - [163007b4-b646-410a-bc60-e39b7011f5a8] Fail to connect server, after trying 3 times, last try server is {serverIp = '127.0.0.1', server main port = 8848}, error = unknown
2025-09-19 15:13:04.381  ERROR [com.alibaba.nacos.client.remote.worker] c.a.n.c.r.c.g.GrpcClient - Server check fail, please check server 127.0.0.1 ,port 9848 is available , error ={}
java.util.concurrent.ExecutionException: com.alibaba.nacos.shaded.io.grpc.StatusRuntimeException: UNAVAILABLE: io exception
	at com.alibaba.nacos.shaded.com.google.common.util.concurrent.AbstractFuture.getDoneValue(AbstractFuture.java:566)
	at com.alibaba.nacos.shaded.com.google.common.util.concurrent.AbstractFuture.get(AbstractFuture.java:445)
	at com.alibaba.nacos.common.remote.client.grpc.GrpcClient.serverCheck(GrpcClient.java:148)
	at com.alibaba.nacos.common.remote.client.grpc.GrpcClient.connectToServer(GrpcClient.java:264)
	at com.alibaba.nacos.common.remote.client.RpcClient.reconnect(RpcClient.java:522)
	at com.alibaba.nacos.common.remote.client.RpcClient.lambda$start$2(RpcClient.java:370)
	at java.base/java.util.concurrent.Executors$RunnableAdapter.call(Executors.java:577)
	at java.base/java.util.concurrent.FutureTask.run(FutureTask.java:317)
	at java.base/java.util.concurrent.ScheduledThreadPoolExecutor$ScheduledFutureTask.run(ScheduledThreadPoolExecutor.java:304)
	at java.base/java.util.concurrent.ThreadPoolExecutor.runWorker(ThreadPoolExecutor.java:1144)
	at java.base/java.util.concurrent.ThreadPoolExecutor$Worker.run(ThreadPoolExecutor.java:642)
	at java.base/java.lang.Thread.run(Thread.java:1589)
Caused by: com.alibaba.nacos.shaded.io.grpc.StatusRuntimeException: UNAVAILABLE: io exception
	at com.alibaba.nacos.shaded.io.grpc.Status.asRuntimeException(Status.java:533)
	at com.alibaba.nacos.shaded.io.grpc.stub.ClientCalls$UnaryStreamToFuture.onClose(ClientCalls.java:490)
	at com.alibaba.nacos.shaded.io.grpc.PartialForwardingClientCallListener.onClose(PartialForwardingClientCallListener.java:39)
	at com.alibaba.nacos.shaded.io.grpc.ForwardingClientCallListener.onClose(ForwardingClientCallListener.java:23)
	at com.alibaba.nacos.shaded.io.grpc.ForwardingClientCallListener$SimpleForwardingClientCallListener.onClose(ForwardingClientCallListener.java:40)
	at com.alibaba.nacos.shaded.io.grpc.internal.CensusStatsModule$StatsClientInterceptor$1$1.onClose(CensusStatsModule.java:700)
	at com.alibaba.nacos.shaded.io.grpc.PartialForwardingClientCallListener.onClose(PartialForwardingClientCallListener.java:39)
	at com.alibaba.nacos.shaded.io.grpc.ForwardingClientCallListener.onClose(ForwardingClientCallListener.java:23)
	at com.alibaba.nacos.shaded.io.grpc.ForwardingClientCallListener$SimpleForwardingClientCallListener.onClose(ForwardingClientCallListener.java:40)
	at com.alibaba.nacos.shaded.io.grpc.internal.CensusTracingModule$TracingClientInterceptor$1$1.onClose(CensusTracingModule.java:399)
	at com.alibaba.nacos.shaded.io.grpc.internal.ClientCallImpl.closeObserver(ClientCallImpl.java:510)
	at com.alibaba.nacos.shaded.io.grpc.internal.ClientCallImpl.access$300(ClientCallImpl.java:66)
	at com.alibaba.nacos.shaded.io.grpc.internal.ClientCallImpl$ClientStreamListenerImpl.close(ClientCallImpl.java:630)
	at com.alibaba.nacos.shaded.io.grpc.internal.ClientCallImpl$ClientStreamListenerImpl.access$700(ClientCallImpl.java:518)
	at com.alibaba.nacos.shaded.io.grpc.internal.ClientCallImpl$ClientStreamListenerImpl$1StreamClosed.runInternal(ClientCallImpl.java:692)
	at com.alibaba.nacos.shaded.io.grpc.internal.ClientCallImpl$ClientStreamListenerImpl$1StreamClosed.runInContext(ClientCallImpl.java:681)
	at com.alibaba.nacos.shaded.io.grpc.internal.ContextRunnable.run(ContextRunnable.java:37)
	at com.alibaba.nacos.shaded.io.grpc.internal.SerializingExecutor.run(SerializingExecutor.java:123)
	... 3 common frames omitted
Caused by: com.alibaba.nacos.shaded.io.grpc.netty.shaded.io.netty.channel.AbstractChannel$AnnotatedConnectException: Connection refused: no further information: /127.0.0.1:9848
Caused by: java.net.ConnectException: Connection refused: no further information
	at java.base/sun.nio.ch.Net.pollConnect(Native Method)
	at java.base/sun.nio.ch.Net.pollConnectNow(Net.java:672)
	at java.base/sun.nio.ch.SocketChannelImpl.finishConnect(SocketChannelImpl.java:973)
	at com.alibaba.nacos.shaded.io.grpc.netty.shaded.io.netty.channel.socket.nio.NioSocketChannel.doFinishConnect(NioSocketChannel.java:327)
	at com.alibaba.nacos.shaded.io.grpc.netty.shaded.io.netty.channel.nio.AbstractNioChannel$AbstractNioUnsafe.finishConnect(AbstractNioChannel.java:336)
	at com.alibaba.nacos.shaded.io.grpc.netty.shaded.io.netty.channel.nio.NioEventLoop.processSelectedKey(NioEventLoop.java:685)
	at com.alibaba.nacos.shaded.io.grpc.netty.shaded.io.netty.channel.nio.NioEventLoop.processSelectedKeysOptimized(NioEventLoop.java:632)
	at com.alibaba.nacos.shaded.io.grpc.netty.shaded.io.netty.channel.nio.NioEventLoop.processSelectedKeys(NioEventLoop.java:549)
	at com.alibaba.nacos.shaded.io.grpc.netty.shaded.io.netty.channel.nio.NioEventLoop.run(NioEventLoop.java:511)
	at com.alibaba.nacos.shaded.io.grpc.netty.shaded.io.netty.util.concurrent.SingleThreadEventExecutor$5.run(SingleThreadEventExecutor.java:918)
	at com.alibaba.nacos.shaded.io.grpc.netty.shaded.io.netty.util.internal.ThreadExecutorMap$2.run(ThreadExecutorMap.java:74)
	at com.alibaba.nacos.shaded.io.grpc.netty.shaded.io.netty.util.concurrent.FastThreadLocalRunnable.run(FastThreadLocalRunnable.java:30)
	at java.base/java.lang.Thread.run(Thread.java:1589)
2025-09-19 15:13:04.382  INFO  [com.alibaba.nacos.client.remote.worker] c.a.n.c.r.client - [6557a64c-d3e6-481c-b159-daeb774ca1a6_config-0] Fail to connect server, after trying 5 times, last try server is {serverIp = '127.0.0.1', server main port = 8848}, error = unknown
2025-09-19 15:13:04.683  ERROR [com.alibaba.nacos.client.remote.worker] c.a.n.c.r.c.g.GrpcClient - Server check fail, please check server 127.0.0.1 ,port 9848 is available , error ={}
java.util.concurrent.ExecutionException: com.alibaba.nacos.shaded.io.grpc.StatusRuntimeException: UNAVAILABLE: io exception
	at com.alibaba.nacos.shaded.com.google.common.util.concurrent.AbstractFuture.getDoneValue(AbstractFuture.java:566)
	at com.alibaba.nacos.shaded.com.google.common.util.concurrent.AbstractFuture.get(AbstractFuture.java:445)
	at com.alibaba.nacos.common.remote.client.grpc.GrpcClient.serverCheck(GrpcClient.java:148)
	at com.alibaba.nacos.common.remote.client.grpc.GrpcClient.connectToServer(GrpcClient.java:264)
	at com.alibaba.nacos.common.remote.client.RpcClient.reconnect(RpcClient.java:522)
	at com.alibaba.nacos.common.remote.client.RpcClient.lambda$start$2(RpcClient.java:370)
	at java.base/java.util.concurrent.Executors$RunnableAdapter.call(Executors.java:577)
	at java.base/java.util.concurrent.FutureTask.run(FutureTask.java:317)
	at java.base/java.util.concurrent.ScheduledThreadPoolExecutor$ScheduledFutureTask.run(ScheduledThreadPoolExecutor.java:304)
	at java.base/java.util.concurrent.ThreadPoolExecutor.runWorker(ThreadPoolExecutor.java:1144)
	at java.base/java.util.concurrent.ThreadPoolExecutor$Worker.run(ThreadPoolExecutor.java:642)
	at java.base/java.lang.Thread.run(Thread.java:1589)
Caused by: com.alibaba.nacos.shaded.io.grpc.StatusRuntimeException: UNAVAILABLE: io exception
	at com.alibaba.nacos.shaded.io.grpc.Status.asRuntimeException(Status.java:533)
	at com.alibaba.nacos.shaded.io.grpc.stub.ClientCalls$UnaryStreamToFuture.onClose(ClientCalls.java:490)
	at com.alibaba.nacos.shaded.io.grpc.PartialForwardingClientCallListener.onClose(PartialForwardingClientCallListener.java:39)
	at com.alibaba.nacos.shaded.io.grpc.ForwardingClientCallListener.onClose(ForwardingClientCallListener.java:23)
	at com.alibaba.nacos.shaded.io.grpc.ForwardingClientCallListener$SimpleForwardingClientCallListener.onClose(ForwardingClientCallListener.java:40)
	at com.alibaba.nacos.shaded.io.grpc.internal.CensusStatsModule$StatsClientInterceptor$1$1.onClose(CensusStatsModule.java:700)
	at com.alibaba.nacos.shaded.io.grpc.PartialForwardingClientCallListener.onClose(PartialForwardingClientCallListener.java:39)
	at com.alibaba.nacos.shaded.io.grpc.ForwardingClientCallListener.onClose(ForwardingClientCallListener.java:23)
	at com.alibaba.nacos.shaded.io.grpc.ForwardingClientCallListener$SimpleForwardingClientCallListener.onClose(ForwardingClientCallListener.java:40)
	at com.alibaba.nacos.shaded.io.grpc.internal.CensusTracingModule$TracingClientInterceptor$1$1.onClose(CensusTracingModule.java:399)
	at com.alibaba.nacos.shaded.io.grpc.internal.ClientCallImpl.closeObserver(ClientCallImpl.java:510)
	at com.alibaba.nacos.shaded.io.grpc.internal.ClientCallImpl.access$300(ClientCallImpl.java:66)
	at com.alibaba.nacos.shaded.io.grpc.internal.ClientCallImpl$ClientStreamListenerImpl.close(ClientCallImpl.java:630)
	at com.alibaba.nacos.shaded.io.grpc.internal.ClientCallImpl$ClientStreamListenerImpl.access$700(ClientCallImpl.java:518)
	at com.alibaba.nacos.shaded.io.grpc.internal.ClientCallImpl$ClientStreamListenerImpl$1StreamClosed.runInternal(ClientCallImpl.java:692)
	at com.alibaba.nacos.shaded.io.grpc.internal.ClientCallImpl$ClientStreamListenerImpl$1StreamClosed.runInContext(ClientCallImpl.java:681)
	at com.alibaba.nacos.shaded.io.grpc.internal.ContextRunnable.run(ContextRunnable.java:37)
	at com.alibaba.nacos.shaded.io.grpc.internal.SerializingExecutor.run(SerializingExecutor.java:123)
	... 3 common frames omitted
Caused by: com.alibaba.nacos.shaded.io.grpc.netty.shaded.io.netty.channel.AbstractChannel$AnnotatedConnectException: Connection refused: no further information: /127.0.0.1:9848
Caused by: java.net.ConnectException: Connection refused: no further information
	at java.base/sun.nio.ch.Net.pollConnect(Native Method)
	at java.base/sun.nio.ch.Net.pollConnectNow(Net.java:672)
	at java.base/sun.nio.ch.SocketChannelImpl.finishConnect(SocketChannelImpl.java:973)
	at com.alibaba.nacos.shaded.io.grpc.netty.shaded.io.netty.channel.socket.nio.NioSocketChannel.doFinishConnect(NioSocketChannel.java:327)
	at com.alibaba.nacos.shaded.io.grpc.netty.shaded.io.netty.channel.nio.AbstractNioChannel$AbstractNioUnsafe.finishConnect(AbstractNioChannel.java:336)
	at com.alibaba.nacos.shaded.io.grpc.netty.shaded.io.netty.channel.nio.NioEventLoop.processSelectedKey(NioEventLoop.java:685)
	at com.alibaba.nacos.shaded.io.grpc.netty.shaded.io.netty.channel.nio.NioEventLoop.processSelectedKeysOptimized(NioEventLoop.java:632)
	at com.alibaba.nacos.shaded.io.grpc.netty.shaded.io.netty.channel.nio.NioEventLoop.processSelectedKeys(NioEventLoop.java:549)
	at com.alibaba.nacos.shaded.io.grpc.netty.shaded.io.netty.channel.nio.NioEventLoop.run(NioEventLoop.java:511)
	at com.alibaba.nacos.shaded.io.grpc.netty.shaded.io.netty.util.concurrent.SingleThreadEventExecutor$5.run(SingleThreadEventExecutor.java:918)
	at com.alibaba.nacos.shaded.io.grpc.netty.shaded.io.netty.util.internal.ThreadExecutorMap$2.run(ThreadExecutorMap.java:74)
	at com.alibaba.nacos.shaded.io.grpc.netty.shaded.io.netty.util.concurrent.FastThreadLocalRunnable.run(FastThreadLocalRunnable.java:30)
	at java.base/java.lang.Thread.run(Thread.java:1589)
2025-09-19 15:13:04.684  INFO  [com.alibaba.nacos.client.remote.worker] c.a.n.c.r.client - [163007b4-b646-410a-bc60-e39b7011f5a8] Fail to connect server, after trying 4 times, last try server is {serverIp = '127.0.0.1', server main port = 8848}, error = unknown
2025-09-19 15:13:04.988  ERROR [com.alibaba.nacos.client.remote.worker] c.a.n.c.r.c.g.GrpcClient - Server check fail, please check server 127.0.0.1 ,port 9848 is available , error ={}
java.util.concurrent.ExecutionException: com.alibaba.nacos.shaded.io.grpc.StatusRuntimeException: UNAVAILABLE: io exception
	at com.alibaba.nacos.shaded.com.google.common.util.concurrent.AbstractFuture.getDoneValue(AbstractFuture.java:566)
	at com.alibaba.nacos.shaded.com.google.common.util.concurrent.AbstractFuture.get(AbstractFuture.java:445)
	at com.alibaba.nacos.common.remote.client.grpc.GrpcClient.serverCheck(GrpcClient.java:148)
	at com.alibaba.nacos.common.remote.client.grpc.GrpcClient.connectToServer(GrpcClient.java:264)
	at com.alibaba.nacos.common.remote.client.RpcClient.reconnect(RpcClient.java:522)
	at com.alibaba.nacos.common.remote.client.RpcClient.lambda$start$2(RpcClient.java:370)
	at java.base/java.util.concurrent.Executors$RunnableAdapter.call(Executors.java:577)
	at java.base/java.util.concurrent.FutureTask.run(FutureTask.java:317)
	at java.base/java.util.concurrent.ScheduledThreadPoolExecutor$ScheduledFutureTask.run(ScheduledThreadPoolExecutor.java:304)
	at java.base/java.util.concurrent.ThreadPoolExecutor.runWorker(ThreadPoolExecutor.java:1144)
	at java.base/java.util.concurrent.ThreadPoolExecutor$Worker.run(ThreadPoolExecutor.java:642)
	at java.base/java.lang.Thread.run(Thread.java:1589)
Caused by: com.alibaba.nacos.shaded.io.grpc.StatusRuntimeException: UNAVAILABLE: io exception
	at com.alibaba.nacos.shaded.io.grpc.Status.asRuntimeException(Status.java:533)
	at com.alibaba.nacos.shaded.io.grpc.stub.ClientCalls$UnaryStreamToFuture.onClose(ClientCalls.java:490)
	at com.alibaba.nacos.shaded.io.grpc.PartialForwardingClientCallListener.onClose(PartialForwardingClientCallListener.java:39)
	at com.alibaba.nacos.shaded.io.grpc.ForwardingClientCallListener.onClose(ForwardingClientCallListener.java:23)
	at com.alibaba.nacos.shaded.io.grpc.ForwardingClientCallListener$SimpleForwardingClientCallListener.onClose(ForwardingClientCallListener.java:40)
	at com.alibaba.nacos.shaded.io.grpc.internal.CensusStatsModule$StatsClientInterceptor$1$1.onClose(CensusStatsModule.java:700)
	at com.alibaba.nacos.shaded.io.grpc.PartialForwardingClientCallListener.onClose(PartialForwardingClientCallListener.java:39)
	at com.alibaba.nacos.shaded.io.grpc.ForwardingClientCallListener.onClose(ForwardingClientCallListener.java:23)
	at com.alibaba.nacos.shaded.io.grpc.ForwardingClientCallListener$SimpleForwardingClientCallListener.onClose(ForwardingClientCallListener.java:40)
	at com.alibaba.nacos.shaded.io.grpc.internal.CensusTracingModule$TracingClientInterceptor$1$1.onClose(CensusTracingModule.java:399)
	at com.alibaba.nacos.shaded.io.grpc.internal.ClientCallImpl.closeObserver(ClientCallImpl.java:510)
	at com.alibaba.nacos.shaded.io.grpc.internal.ClientCallImpl.access$300(ClientCallImpl.java:66)
	at com.alibaba.nacos.shaded.io.grpc.internal.ClientCallImpl$ClientStreamListenerImpl.close(ClientCallImpl.java:630)
	at com.alibaba.nacos.shaded.io.grpc.internal.ClientCallImpl$ClientStreamListenerImpl.access$700(ClientCallImpl.java:518)
	at com.alibaba.nacos.shaded.io.grpc.internal.ClientCallImpl$ClientStreamListenerImpl$1StreamClosed.runInternal(ClientCallImpl.java:692)
	at com.alibaba.nacos.shaded.io.grpc.internal.ClientCallImpl$ClientStreamListenerImpl$1StreamClosed.runInContext(ClientCallImpl.java:681)
	at com.alibaba.nacos.shaded.io.grpc.internal.ContextRunnable.run(ContextRunnable.java:37)
	at com.alibaba.nacos.shaded.io.grpc.internal.SerializingExecutor.run(SerializingExecutor.java:123)
	... 3 common frames omitted
Caused by: com.alibaba.nacos.shaded.io.grpc.netty.shaded.io.netty.channel.AbstractChannel$AnnotatedConnectException: Connection refused: no further information: /127.0.0.1:9848
Caused by: java.net.ConnectException: Connection refused: no further information
	at java.base/sun.nio.ch.Net.pollConnect(Native Method)
	at java.base/sun.nio.ch.Net.pollConnectNow(Net.java:672)
	at java.base/sun.nio.ch.SocketChannelImpl.finishConnect(SocketChannelImpl.java:973)
	at com.alibaba.nacos.shaded.io.grpc.netty.shaded.io.netty.channel.socket.nio.NioSocketChannel.doFinishConnect(NioSocketChannel.java:327)
	at com.alibaba.nacos.shaded.io.grpc.netty.shaded.io.netty.channel.nio.AbstractNioChannel$AbstractNioUnsafe.finishConnect(AbstractNioChannel.java:336)
	at com.alibaba.nacos.shaded.io.grpc.netty.shaded.io.netty.channel.nio.NioEventLoop.processSelectedKey(NioEventLoop.java:685)
	at com.alibaba.nacos.shaded.io.grpc.netty.shaded.io.netty.channel.nio.NioEventLoop.processSelectedKeysOptimized(NioEventLoop.java:632)
	at com.alibaba.nacos.shaded.io.grpc.netty.shaded.io.netty.channel.nio.NioEventLoop.processSelectedKeys(NioEventLoop.java:549)
	at com.alibaba.nacos.shaded.io.grpc.netty.shaded.io.netty.channel.nio.NioEventLoop.run(NioEventLoop.java:511)
	at com.alibaba.nacos.shaded.io.grpc.netty.shaded.io.netty.util.concurrent.SingleThreadEventExecutor$5.run(SingleThreadEventExecutor.java:918)
	at com.alibaba.nacos.shaded.io.grpc.netty.shaded.io.netty.util.internal.ThreadExecutorMap$2.run(ThreadExecutorMap.java:74)
	at com.alibaba.nacos.shaded.io.grpc.netty.shaded.io.netty.util.concurrent.FastThreadLocalRunnable.run(FastThreadLocalRunnable.java:30)
	at java.base/java.lang.Thread.run(Thread.java:1589)
2025-09-19 15:13:04.988  INFO  [com.alibaba.nacos.client.remote.worker] c.a.n.c.r.client - [6557a64c-d3e6-481c-b159-daeb774ca1a6_config-0] Fail to connect server, after trying 6 times, last try server is {serverIp = '127.0.0.1', server main port = 8848}, error = unknown
2025-09-19 15:13:05.188  ERROR [com.alibaba.nacos.client.remote.worker] c.a.n.c.r.c.g.GrpcClient - Server check fail, please check server 127.0.0.1 ,port 9848 is available , error ={}
java.util.concurrent.ExecutionException: com.alibaba.nacos.shaded.io.grpc.StatusRuntimeException: UNAVAILABLE: io exception
	at com.alibaba.nacos.shaded.com.google.common.util.concurrent.AbstractFuture.getDoneValue(AbstractFuture.java:566)
	at com.alibaba.nacos.shaded.com.google.common.util.concurrent.AbstractFuture.get(AbstractFuture.java:445)
	at com.alibaba.nacos.common.remote.client.grpc.GrpcClient.serverCheck(GrpcClient.java:148)
	at com.alibaba.nacos.common.remote.client.grpc.GrpcClient.connectToServer(GrpcClient.java:264)
	at com.alibaba.nacos.common.remote.client.RpcClient.reconnect(RpcClient.java:522)
	at com.alibaba.nacos.common.remote.client.RpcClient.lambda$start$2(RpcClient.java:370)
	at java.base/java.util.concurrent.Executors$RunnableAdapter.call(Executors.java:577)
	at java.base/java.util.concurrent.FutureTask.run(FutureTask.java:317)
	at java.base/java.util.concurrent.ScheduledThreadPoolExecutor$ScheduledFutureTask.run(ScheduledThreadPoolExecutor.java:304)
	at java.base/java.util.concurrent.ThreadPoolExecutor.runWorker(ThreadPoolExecutor.java:1144)
	at java.base/java.util.concurrent.ThreadPoolExecutor$Worker.run(ThreadPoolExecutor.java:642)
	at java.base/java.lang.Thread.run(Thread.java:1589)
Caused by: com.alibaba.nacos.shaded.io.grpc.StatusRuntimeException: UNAVAILABLE: io exception
	at com.alibaba.nacos.shaded.io.grpc.Status.asRuntimeException(Status.java:533)
	at com.alibaba.nacos.shaded.io.grpc.stub.ClientCalls$UnaryStreamToFuture.onClose(ClientCalls.java:490)
	at com.alibaba.nacos.shaded.io.grpc.PartialForwardingClientCallListener.onClose(PartialForwardingClientCallListener.java:39)
	at com.alibaba.nacos.shaded.io.grpc.ForwardingClientCallListener.onClose(ForwardingClientCallListener.java:23)
	at com.alibaba.nacos.shaded.io.grpc.ForwardingClientCallListener$SimpleForwardingClientCallListener.onClose(ForwardingClientCallListener.java:40)
	at com.alibaba.nacos.shaded.io.grpc.internal.CensusStatsModule$StatsClientInterceptor$1$1.onClose(CensusStatsModule.java:700)
	at com.alibaba.nacos.shaded.io.grpc.PartialForwardingClientCallListener.onClose(PartialForwardingClientCallListener.java:39)
	at com.alibaba.nacos.shaded.io.grpc.ForwardingClientCallListener.onClose(ForwardingClientCallListener.java:23)
	at com.alibaba.nacos.shaded.io.grpc.ForwardingClientCallListener$SimpleForwardingClientCallListener.onClose(ForwardingClientCallListener.java:40)
	at com.alibaba.nacos.shaded.io.grpc.internal.CensusTracingModule$TracingClientInterceptor$1$1.onClose(CensusTracingModule.java:399)
	at com.alibaba.nacos.shaded.io.grpc.internal.ClientCallImpl.closeObserver(ClientCallImpl.java:510)
	at com.alibaba.nacos.shaded.io.grpc.internal.ClientCallImpl.access$300(ClientCallImpl.java:66)
	at com.alibaba.nacos.shaded.io.grpc.internal.ClientCallImpl$ClientStreamListenerImpl.close(ClientCallImpl.java:630)
	at com.alibaba.nacos.shaded.io.grpc.internal.ClientCallImpl$ClientStreamListenerImpl.access$700(ClientCallImpl.java:518)
	at com.alibaba.nacos.shaded.io.grpc.internal.ClientCallImpl$ClientStreamListenerImpl$1StreamClosed.runInternal(ClientCallImpl.java:692)
	at com.alibaba.nacos.shaded.io.grpc.internal.ClientCallImpl$ClientStreamListenerImpl$1StreamClosed.runInContext(ClientCallImpl.java:681)
	at com.alibaba.nacos.shaded.io.grpc.internal.ContextRunnable.run(ContextRunnable.java:37)
	at com.alibaba.nacos.shaded.io.grpc.internal.SerializingExecutor.run(SerializingExecutor.java:123)
	... 3 common frames omitted
Caused by: com.alibaba.nacos.shaded.io.grpc.netty.shaded.io.netty.channel.AbstractChannel$AnnotatedConnectException: Connection refused: no further information: /127.0.0.1:9848
Caused by: java.net.ConnectException: Connection refused: no further information
	at java.base/sun.nio.ch.Net.pollConnect(Native Method)
	at java.base/sun.nio.ch.Net.pollConnectNow(Net.java:672)
	at java.base/sun.nio.ch.SocketChannelImpl.finishConnect(SocketChannelImpl.java:973)
	at com.alibaba.nacos.shaded.io.grpc.netty.shaded.io.netty.channel.socket.nio.NioSocketChannel.doFinishConnect(NioSocketChannel.java:327)
	at com.alibaba.nacos.shaded.io.grpc.netty.shaded.io.netty.channel.nio.AbstractNioChannel$AbstractNioUnsafe.finishConnect(AbstractNioChannel.java:336)
	at com.alibaba.nacos.shaded.io.grpc.netty.shaded.io.netty.channel.nio.NioEventLoop.processSelectedKey(NioEventLoop.java:685)
	at com.alibaba.nacos.shaded.io.grpc.netty.shaded.io.netty.channel.nio.NioEventLoop.processSelectedKeysOptimized(NioEventLoop.java:632)
	at com.alibaba.nacos.shaded.io.grpc.netty.shaded.io.netty.channel.nio.NioEventLoop.processSelectedKeys(NioEventLoop.java:549)
	at com.alibaba.nacos.shaded.io.grpc.netty.shaded.io.netty.channel.nio.NioEventLoop.run(NioEventLoop.java:511)
	at com.alibaba.nacos.shaded.io.grpc.netty.shaded.io.netty.util.concurrent.SingleThreadEventExecutor$5.run(SingleThreadEventExecutor.java:918)
	at com.alibaba.nacos.shaded.io.grpc.netty.shaded.io.netty.util.internal.ThreadExecutorMap$2.run(ThreadExecutorMap.java:74)
	at com.alibaba.nacos.shaded.io.grpc.netty.shaded.io.netty.util.concurrent.FastThreadLocalRunnable.run(FastThreadLocalRunnable.java:30)
	at java.base/java.lang.Thread.run(Thread.java:1589)
2025-09-19 15:13:05.190  INFO  [com.alibaba.nacos.client.remote.worker] c.a.n.c.r.client - [163007b4-b646-410a-bc60-e39b7011f5a8] Fail to connect server, after trying 5 times, last try server is {serverIp = '127.0.0.1', server main port = 8848}, error = unknown
2025-09-19 15:13:05.695  ERROR [com.alibaba.nacos.client.remote.worker] c.a.n.c.r.c.g.GrpcClient - Server check fail, please check server 127.0.0.1 ,port 9848 is available , error ={}
java.util.concurrent.ExecutionException: com.alibaba.nacos.shaded.io.grpc.StatusRuntimeException: UNAVAILABLE: io exception
	at com.alibaba.nacos.shaded.com.google.common.util.concurrent.AbstractFuture.getDoneValue(AbstractFuture.java:566)
	at com.alibaba.nacos.shaded.com.google.common.util.concurrent.AbstractFuture.get(AbstractFuture.java:445)
	at com.alibaba.nacos.common.remote.client.grpc.GrpcClient.serverCheck(GrpcClient.java:148)
	at com.alibaba.nacos.common.remote.client.grpc.GrpcClient.connectToServer(GrpcClient.java:264)
	at com.alibaba.nacos.common.remote.client.RpcClient.reconnect(RpcClient.java:522)
	at com.alibaba.nacos.common.remote.client.RpcClient.lambda$start$2(RpcClient.java:370)
	at java.base/java.util.concurrent.Executors$RunnableAdapter.call(Executors.java:577)
	at java.base/java.util.concurrent.FutureTask.run(FutureTask.java:317)
	at java.base/java.util.concurrent.ScheduledThreadPoolExecutor$ScheduledFutureTask.run(ScheduledThreadPoolExecutor.java:304)
	at java.base/java.util.concurrent.ThreadPoolExecutor.runWorker(ThreadPoolExecutor.java:1144)
	at java.base/java.util.concurrent.ThreadPoolExecutor$Worker.run(ThreadPoolExecutor.java:642)
	at java.base/java.lang.Thread.run(Thread.java:1589)
Caused by: com.alibaba.nacos.shaded.io.grpc.StatusRuntimeException: UNAVAILABLE: io exception
	at com.alibaba.nacos.shaded.io.grpc.Status.asRuntimeException(Status.java:533)
	at com.alibaba.nacos.shaded.io.grpc.stub.ClientCalls$UnaryStreamToFuture.onClose(ClientCalls.java:490)
	at com.alibaba.nacos.shaded.io.grpc.PartialForwardingClientCallListener.onClose(PartialForwardingClientCallListener.java:39)
	at com.alibaba.nacos.shaded.io.grpc.ForwardingClientCallListener.onClose(ForwardingClientCallListener.java:23)
	at com.alibaba.nacos.shaded.io.grpc.ForwardingClientCallListener$SimpleForwardingClientCallListener.onClose(ForwardingClientCallListener.java:40)
	at com.alibaba.nacos.shaded.io.grpc.internal.CensusStatsModule$StatsClientInterceptor$1$1.onClose(CensusStatsModule.java:700)
	at com.alibaba.nacos.shaded.io.grpc.PartialForwardingClientCallListener.onClose(PartialForwardingClientCallListener.java:39)
	at com.alibaba.nacos.shaded.io.grpc.ForwardingClientCallListener.onClose(ForwardingClientCallListener.java:23)
	at com.alibaba.nacos.shaded.io.grpc.ForwardingClientCallListener$SimpleForwardingClientCallListener.onClose(ForwardingClientCallListener.java:40)
	at com.alibaba.nacos.shaded.io.grpc.internal.CensusTracingModule$TracingClientInterceptor$1$1.onClose(CensusTracingModule.java:399)
	at com.alibaba.nacos.shaded.io.grpc.internal.ClientCallImpl.closeObserver(ClientCallImpl.java:510)
	at com.alibaba.nacos.shaded.io.grpc.internal.ClientCallImpl.access$300(ClientCallImpl.java:66)
	at com.alibaba.nacos.shaded.io.grpc.internal.ClientCallImpl$ClientStreamListenerImpl.close(ClientCallImpl.java:630)
	at com.alibaba.nacos.shaded.io.grpc.internal.ClientCallImpl$ClientStreamListenerImpl.access$700(ClientCallImpl.java:518)
	at com.alibaba.nacos.shaded.io.grpc.internal.ClientCallImpl$ClientStreamListenerImpl$1StreamClosed.runInternal(ClientCallImpl.java:692)
	at com.alibaba.nacos.shaded.io.grpc.internal.ClientCallImpl$ClientStreamListenerImpl$1StreamClosed.runInContext(ClientCallImpl.java:681)
	at com.alibaba.nacos.shaded.io.grpc.internal.ContextRunnable.run(ContextRunnable.java:37)
	at com.alibaba.nacos.shaded.io.grpc.internal.SerializingExecutor.run(SerializingExecutor.java:123)
	... 3 common frames omitted
Caused by: com.alibaba.nacos.shaded.io.grpc.netty.shaded.io.netty.channel.AbstractChannel$AnnotatedConnectException: Connection refused: no further information: /127.0.0.1:9848
Caused by: java.net.ConnectException: Connection refused: no further information
	at java.base/sun.nio.ch.Net.pollConnect(Native Method)
	at java.base/sun.nio.ch.Net.pollConnectNow(Net.java:672)
	at java.base/sun.nio.ch.SocketChannelImpl.finishConnect(SocketChannelImpl.java:973)
	at com.alibaba.nacos.shaded.io.grpc.netty.shaded.io.netty.channel.socket.nio.NioSocketChannel.doFinishConnect(NioSocketChannel.java:327)
	at com.alibaba.nacos.shaded.io.grpc.netty.shaded.io.netty.channel.nio.AbstractNioChannel$AbstractNioUnsafe.finishConnect(AbstractNioChannel.java:336)
	at com.alibaba.nacos.shaded.io.grpc.netty.shaded.io.netty.channel.nio.NioEventLoop.processSelectedKey(NioEventLoop.java:685)
	at com.alibaba.nacos.shaded.io.grpc.netty.shaded.io.netty.channel.nio.NioEventLoop.processSelectedKeysOptimized(NioEventLoop.java:632)
	at com.alibaba.nacos.shaded.io.grpc.netty.shaded.io.netty.channel.nio.NioEventLoop.processSelectedKeys(NioEventLoop.java:549)
	at com.alibaba.nacos.shaded.io.grpc.netty.shaded.io.netty.channel.nio.NioEventLoop.run(NioEventLoop.java:511)
	at com.alibaba.nacos.shaded.io.grpc.netty.shaded.io.netty.util.concurrent.SingleThreadEventExecutor$5.run(SingleThreadEventExecutor.java:918)
	at com.alibaba.nacos.shaded.io.grpc.netty.shaded.io.netty.util.internal.ThreadExecutorMap$2.run(ThreadExecutorMap.java:74)
	at com.alibaba.nacos.shaded.io.grpc.netty.shaded.io.netty.util.concurrent.FastThreadLocalRunnable.run(FastThreadLocalRunnable.java:30)
	at java.base/java.lang.Thread.run(Thread.java:1589)
2025-09-19 15:13:05.695  INFO  [com.alibaba.nacos.client.remote.worker] c.a.n.c.r.client - [6557a64c-d3e6-481c-b159-daeb774ca1a6_config-0] Fail to connect server, after trying 7 times, last try server is {serverIp = '127.0.0.1', server main port = 8848}, error = unknown
2025-09-19 15:13:05.804  ERROR [com.alibaba.nacos.client.remote.worker] c.a.n.c.r.c.g.GrpcClient - Server check fail, please check server 127.0.0.1 ,port 9848 is available , error ={}
java.util.concurrent.ExecutionException: com.alibaba.nacos.shaded.io.grpc.StatusRuntimeException: UNAVAILABLE: io exception
	at com.alibaba.nacos.shaded.com.google.common.util.concurrent.AbstractFuture.getDoneValue(AbstractFuture.java:566)
	at com.alibaba.nacos.shaded.com.google.common.util.concurrent.AbstractFuture.get(AbstractFuture.java:445)
	at com.alibaba.nacos.common.remote.client.grpc.GrpcClient.serverCheck(GrpcClient.java:148)
	at com.alibaba.nacos.common.remote.client.grpc.GrpcClient.connectToServer(GrpcClient.java:264)
	at com.alibaba.nacos.common.remote.client.RpcClient.reconnect(RpcClient.java:522)
	at com.alibaba.nacos.common.remote.client.RpcClient.lambda$start$2(RpcClient.java:370)
	at java.base/java.util.concurrent.Executors$RunnableAdapter.call(Executors.java:577)
	at java.base/java.util.concurrent.FutureTask.run(FutureTask.java:317)
	at java.base/java.util.concurrent.ScheduledThreadPoolExecutor$ScheduledFutureTask.run(ScheduledThreadPoolExecutor.java:304)
	at java.base/java.util.concurrent.ThreadPoolExecutor.runWorker(ThreadPoolExecutor.java:1144)
	at java.base/java.util.concurrent.ThreadPoolExecutor$Worker.run(ThreadPoolExecutor.java:642)
	at java.base/java.lang.Thread.run(Thread.java:1589)
Caused by: com.alibaba.nacos.shaded.io.grpc.StatusRuntimeException: UNAVAILABLE: io exception
	at com.alibaba.nacos.shaded.io.grpc.Status.asRuntimeException(Status.java:533)
	at com.alibaba.nacos.shaded.io.grpc.stub.ClientCalls$UnaryStreamToFuture.onClose(ClientCalls.java:490)
	at com.alibaba.nacos.shaded.io.grpc.PartialForwardingClientCallListener.onClose(PartialForwardingClientCallListener.java:39)
	at com.alibaba.nacos.shaded.io.grpc.ForwardingClientCallListener.onClose(ForwardingClientCallListener.java:23)
	at com.alibaba.nacos.shaded.io.grpc.ForwardingClientCallListener$SimpleForwardingClientCallListener.onClose(ForwardingClientCallListener.java:40)
	at com.alibaba.nacos.shaded.io.grpc.internal.CensusStatsModule$StatsClientInterceptor$1$1.onClose(CensusStatsModule.java:700)
	at com.alibaba.nacos.shaded.io.grpc.PartialForwardingClientCallListener.onClose(PartialForwardingClientCallListener.java:39)
	at com.alibaba.nacos.shaded.io.grpc.ForwardingClientCallListener.onClose(ForwardingClientCallListener.java:23)
	at com.alibaba.nacos.shaded.io.grpc.ForwardingClientCallListener$SimpleForwardingClientCallListener.onClose(ForwardingClientCallListener.java:40)
	at com.alibaba.nacos.shaded.io.grpc.internal.CensusTracingModule$TracingClientInterceptor$1$1.onClose(CensusTracingModule.java:399)
	at com.alibaba.nacos.shaded.io.grpc.internal.ClientCallImpl.closeObserver(ClientCallImpl.java:510)
	at com.alibaba.nacos.shaded.io.grpc.internal.ClientCallImpl.access$300(ClientCallImpl.java:66)
	at com.alibaba.nacos.shaded.io.grpc.internal.ClientCallImpl$ClientStreamListenerImpl.close(ClientCallImpl.java:630)
	at com.alibaba.nacos.shaded.io.grpc.internal.ClientCallImpl$ClientStreamListenerImpl.access$700(ClientCallImpl.java:518)
	at com.alibaba.nacos.shaded.io.grpc.internal.ClientCallImpl$ClientStreamListenerImpl$1StreamClosed.runInternal(ClientCallImpl.java:692)
	at com.alibaba.nacos.shaded.io.grpc.internal.ClientCallImpl$ClientStreamListenerImpl$1StreamClosed.runInContext(ClientCallImpl.java:681)
	at com.alibaba.nacos.shaded.io.grpc.internal.ContextRunnable.run(ContextRunnable.java:37)
	at com.alibaba.nacos.shaded.io.grpc.internal.SerializingExecutor.run(SerializingExecutor.java:123)
	... 3 common frames omitted
Caused by: com.alibaba.nacos.shaded.io.grpc.netty.shaded.io.netty.channel.AbstractChannel$AnnotatedConnectException: Connection refused: no further information: /127.0.0.1:9848
Caused by: java.net.ConnectException: Connection refused: no further information
	at java.base/sun.nio.ch.Net.pollConnect(Native Method)
	at java.base/sun.nio.ch.Net.pollConnectNow(Net.java:672)
	at java.base/sun.nio.ch.SocketChannelImpl.finishConnect(SocketChannelImpl.java:973)
	at com.alibaba.nacos.shaded.io.grpc.netty.shaded.io.netty.channel.socket.nio.NioSocketChannel.doFinishConnect(NioSocketChannel.java:327)
	at com.alibaba.nacos.shaded.io.grpc.netty.shaded.io.netty.channel.nio.AbstractNioChannel$AbstractNioUnsafe.finishConnect(AbstractNioChannel.java:336)
	at com.alibaba.nacos.shaded.io.grpc.netty.shaded.io.netty.channel.nio.NioEventLoop.processSelectedKey(NioEventLoop.java:685)
	at com.alibaba.nacos.shaded.io.grpc.netty.shaded.io.netty.channel.nio.NioEventLoop.processSelectedKeysOptimized(NioEventLoop.java:632)
	at com.alibaba.nacos.shaded.io.grpc.netty.shaded.io.netty.channel.nio.NioEventLoop.processSelectedKeys(NioEventLoop.java:549)
	at com.alibaba.nacos.shaded.io.grpc.netty.shaded.io.netty.channel.nio.NioEventLoop.run(NioEventLoop.java:511)
	at com.alibaba.nacos.shaded.io.grpc.netty.shaded.io.netty.util.concurrent.SingleThreadEventExecutor$5.run(SingleThreadEventExecutor.java:918)
	at com.alibaba.nacos.shaded.io.grpc.netty.shaded.io.netty.util.internal.ThreadExecutorMap$2.run(ThreadExecutorMap.java:74)
	at com.alibaba.nacos.shaded.io.grpc.netty.shaded.io.netty.util.concurrent.FastThreadLocalRunnable.run(FastThreadLocalRunnable.java:30)
	at java.base/java.lang.Thread.run(Thread.java:1589)
2025-09-19 15:13:05.804  INFO  [com.alibaba.nacos.client.remote.worker] c.a.n.c.r.client - [163007b4-b646-410a-bc60-e39b7011f5a8] Fail to connect server, after trying 6 times, last try server is {serverIp = '127.0.0.1', server main port = 8848}, error = unknown
2025-09-19 15:13:06.501  ERROR [com.alibaba.nacos.client.remote.worker] c.a.n.c.r.c.g.GrpcClient - Server check fail, please check server 127.0.0.1 ,port 9848 is available , error ={}
java.util.concurrent.ExecutionException: com.alibaba.nacos.shaded.io.grpc.StatusRuntimeException: UNAVAILABLE: io exception
	at com.alibaba.nacos.shaded.com.google.common.util.concurrent.AbstractFuture.getDoneValue(AbstractFuture.java:566)
	at com.alibaba.nacos.shaded.com.google.common.util.concurrent.AbstractFuture.get(AbstractFuture.java:445)
	at com.alibaba.nacos.common.remote.client.grpc.GrpcClient.serverCheck(GrpcClient.java:148)
	at com.alibaba.nacos.common.remote.client.grpc.GrpcClient.connectToServer(GrpcClient.java:264)
	at com.alibaba.nacos.common.remote.client.RpcClient.reconnect(RpcClient.java:522)
	at com.alibaba.nacos.common.remote.client.RpcClient.lambda$start$2(RpcClient.java:370)
	at java.base/java.util.concurrent.Executors$RunnableAdapter.call(Executors.java:577)
	at java.base/java.util.concurrent.FutureTask.run(FutureTask.java:317)
	at java.base/java.util.concurrent.ScheduledThreadPoolExecutor$ScheduledFutureTask.run(ScheduledThreadPoolExecutor.java:304)
	at java.base/java.util.concurrent.ThreadPoolExecutor.runWorker(ThreadPoolExecutor.java:1144)
	at java.base/java.util.concurrent.ThreadPoolExecutor$Worker.run(ThreadPoolExecutor.java:642)
	at java.base/java.lang.Thread.run(Thread.java:1589)
Caused by: com.alibaba.nacos.shaded.io.grpc.StatusRuntimeException: UNAVAILABLE: io exception
	at com.alibaba.nacos.shaded.io.grpc.Status.asRuntimeException(Status.java:533)
	at com.alibaba.nacos.shaded.io.grpc.stub.ClientCalls$UnaryStreamToFuture.onClose(ClientCalls.java:490)
	at com.alibaba.nacos.shaded.io.grpc.PartialForwardingClientCallListener.onClose(PartialForwardingClientCallListener.java:39)
	at com.alibaba.nacos.shaded.io.grpc.ForwardingClientCallListener.onClose(ForwardingClientCallListener.java:23)
	at com.alibaba.nacos.shaded.io.grpc.ForwardingClientCallListener$SimpleForwardingClientCallListener.onClose(ForwardingClientCallListener.java:40)
	at com.alibaba.nacos.shaded.io.grpc.internal.CensusStatsModule$StatsClientInterceptor$1$1.onClose(CensusStatsModule.java:700)
	at com.alibaba.nacos.shaded.io.grpc.PartialForwardingClientCallListener.onClose(PartialForwardingClientCallListener.java:39)
	at com.alibaba.nacos.shaded.io.grpc.ForwardingClientCallListener.onClose(ForwardingClientCallListener.java:23)
	at com.alibaba.nacos.shaded.io.grpc.ForwardingClientCallListener$SimpleForwardingClientCallListener.onClose(ForwardingClientCallListener.java:40)
	at com.alibaba.nacos.shaded.io.grpc.internal.CensusTracingModule$TracingClientInterceptor$1$1.onClose(CensusTracingModule.java:399)
	at com.alibaba.nacos.shaded.io.grpc.internal.ClientCallImpl.closeObserver(ClientCallImpl.java:510)
	at com.alibaba.nacos.shaded.io.grpc.internal.ClientCallImpl.access$300(ClientCallImpl.java:66)
	at com.alibaba.nacos.shaded.io.grpc.internal.ClientCallImpl$ClientStreamListenerImpl.close(ClientCallImpl.java:630)
	at com.alibaba.nacos.shaded.io.grpc.internal.ClientCallImpl$ClientStreamListenerImpl.access$700(ClientCallImpl.java:518)
	at com.alibaba.nacos.shaded.io.grpc.internal.ClientCallImpl$ClientStreamListenerImpl$1StreamClosed.runInternal(ClientCallImpl.java:692)
	at com.alibaba.nacos.shaded.io.grpc.internal.ClientCallImpl$ClientStreamListenerImpl$1StreamClosed.runInContext(ClientCallImpl.java:681)
	at com.alibaba.nacos.shaded.io.grpc.internal.ContextRunnable.run(ContextRunnable.java:37)
	at com.alibaba.nacos.shaded.io.grpc.internal.SerializingExecutor.run(SerializingExecutor.java:123)
	... 3 common frames omitted
Caused by: com.alibaba.nacos.shaded.io.grpc.netty.shaded.io.netty.channel.AbstractChannel$AnnotatedConnectException: Connection refused: no further information: /127.0.0.1:9848
Caused by: java.net.ConnectException: Connection refused: no further information
	at java.base/sun.nio.ch.Net.pollConnect(Native Method)
	at java.base/sun.nio.ch.Net.pollConnectNow(Net.java:672)
	at java.base/sun.nio.ch.SocketChannelImpl.finishConnect(SocketChannelImpl.java:973)
	at com.alibaba.nacos.shaded.io.grpc.netty.shaded.io.netty.channel.socket.nio.NioSocketChannel.doFinishConnect(NioSocketChannel.java:327)
	at com.alibaba.nacos.shaded.io.grpc.netty.shaded.io.netty.channel.nio.AbstractNioChannel$AbstractNioUnsafe.finishConnect(AbstractNioChannel.java:336)
	at com.alibaba.nacos.shaded.io.grpc.netty.shaded.io.netty.channel.nio.NioEventLoop.processSelectedKey(NioEventLoop.java:685)
	at com.alibaba.nacos.shaded.io.grpc.netty.shaded.io.netty.channel.nio.NioEventLoop.processSelectedKeysOptimized(NioEventLoop.java:632)
	at com.alibaba.nacos.shaded.io.grpc.netty.shaded.io.netty.channel.nio.NioEventLoop.processSelectedKeys(NioEventLoop.java:549)
	at com.alibaba.nacos.shaded.io.grpc.netty.shaded.io.netty.channel.nio.NioEventLoop.run(NioEventLoop.java:511)
	at com.alibaba.nacos.shaded.io.grpc.netty.shaded.io.netty.util.concurrent.SingleThreadEventExecutor$5.run(SingleThreadEventExecutor.java:918)
	at com.alibaba.nacos.shaded.io.grpc.netty.shaded.io.netty.util.internal.ThreadExecutorMap$2.run(ThreadExecutorMap.java:74)
	at com.alibaba.nacos.shaded.io.grpc.netty.shaded.io.netty.util.concurrent.FastThreadLocalRunnable.run(FastThreadLocalRunnable.java:30)
	at java.base/java.lang.Thread.run(Thread.java:1589)
2025-09-19 15:13:06.501  INFO  [com.alibaba.nacos.client.remote.worker] c.a.n.c.r.client - [6557a64c-d3e6-481c-b159-daeb774ca1a6_config-0] Fail to connect server, after trying 8 times, last try server is {serverIp = '127.0.0.1', server main port = 8848}, error = unknown
2025-09-19 15:13:06.508  ERROR [com.alibaba.nacos.client.remote.worker] c.a.n.c.r.c.g.GrpcClient - Server check fail, please check server 127.0.0.1 ,port 9848 is available , error ={}
java.util.concurrent.ExecutionException: com.alibaba.nacos.shaded.io.grpc.StatusRuntimeException: UNAVAILABLE: io exception
	at com.alibaba.nacos.shaded.com.google.common.util.concurrent.AbstractFuture.getDoneValue(AbstractFuture.java:566)
	at com.alibaba.nacos.shaded.com.google.common.util.concurrent.AbstractFuture.get(AbstractFuture.java:445)
	at com.alibaba.nacos.common.remote.client.grpc.GrpcClient.serverCheck(GrpcClient.java:148)
	at com.alibaba.nacos.common.remote.client.grpc.GrpcClient.connectToServer(GrpcClient.java:264)
	at com.alibaba.nacos.common.remote.client.RpcClient.reconnect(RpcClient.java:522)
	at com.alibaba.nacos.common.remote.client.RpcClient.lambda$start$2(RpcClient.java:370)
	at java.base/java.util.concurrent.Executors$RunnableAdapter.call(Executors.java:577)
	at java.base/java.util.concurrent.FutureTask.run(FutureTask.java:317)
	at java.base/java.util.concurrent.ScheduledThreadPoolExecutor$ScheduledFutureTask.run(ScheduledThreadPoolExecutor.java:304)
	at java.base/java.util.concurrent.ThreadPoolExecutor.runWorker(ThreadPoolExecutor.java:1144)
	at java.base/java.util.concurrent.ThreadPoolExecutor$Worker.run(ThreadPoolExecutor.java:642)
	at java.base/java.lang.Thread.run(Thread.java:1589)
Caused by: com.alibaba.nacos.shaded.io.grpc.StatusRuntimeException: UNAVAILABLE: io exception
	at com.alibaba.nacos.shaded.io.grpc.Status.asRuntimeException(Status.java:533)
	at com.alibaba.nacos.shaded.io.grpc.stub.ClientCalls$UnaryStreamToFuture.onClose(ClientCalls.java:490)
	at com.alibaba.nacos.shaded.io.grpc.PartialForwardingClientCallListener.onClose(PartialForwardingClientCallListener.java:39)
	at com.alibaba.nacos.shaded.io.grpc.ForwardingClientCallListener.onClose(ForwardingClientCallListener.java:23)
	at com.alibaba.nacos.shaded.io.grpc.ForwardingClientCallListener$SimpleForwardingClientCallListener.onClose(ForwardingClientCallListener.java:40)
	at com.alibaba.nacos.shaded.io.grpc.internal.CensusStatsModule$StatsClientInterceptor$1$1.onClose(CensusStatsModule.java:700)
	at com.alibaba.nacos.shaded.io.grpc.PartialForwardingClientCallListener.onClose(PartialForwardingClientCallListener.java:39)
	at com.alibaba.nacos.shaded.io.grpc.ForwardingClientCallListener.onClose(ForwardingClientCallListener.java:23)
	at com.alibaba.nacos.shaded.io.grpc.ForwardingClientCallListener$SimpleForwardingClientCallListener.onClose(ForwardingClientCallListener.java:40)
	at com.alibaba.nacos.shaded.io.grpc.internal.CensusTracingModule$TracingClientInterceptor$1$1.onClose(CensusTracingModule.java:399)
	at com.alibaba.nacos.shaded.io.grpc.internal.ClientCallImpl.closeObserver(ClientCallImpl.java:510)
	at com.alibaba.nacos.shaded.io.grpc.internal.ClientCallImpl.access$300(ClientCallImpl.java:66)
	at com.alibaba.nacos.shaded.io.grpc.internal.ClientCallImpl$ClientStreamListenerImpl.close(ClientCallImpl.java:630)
	at com.alibaba.nacos.shaded.io.grpc.internal.ClientCallImpl$ClientStreamListenerImpl.access$700(ClientCallImpl.java:518)
	at com.alibaba.nacos.shaded.io.grpc.internal.ClientCallImpl$ClientStreamListenerImpl$1StreamClosed.runInternal(ClientCallImpl.java:692)
	at com.alibaba.nacos.shaded.io.grpc.internal.ClientCallImpl$ClientStreamListenerImpl$1StreamClosed.runInContext(ClientCallImpl.java:681)
	at com.alibaba.nacos.shaded.io.grpc.internal.ContextRunnable.run(ContextRunnable.java:37)
	at com.alibaba.nacos.shaded.io.grpc.internal.SerializingExecutor.run(SerializingExecutor.java:123)
	... 3 common frames omitted
Caused by: com.alibaba.nacos.shaded.io.grpc.netty.shaded.io.netty.channel.AbstractChannel$AnnotatedConnectException: Connection refused: no further information: /127.0.0.1:9848
Caused by: java.net.ConnectException: Connection refused: no further information
	at java.base/sun.nio.ch.Net.pollConnect(Native Method)
	at java.base/sun.nio.ch.Net.pollConnectNow(Net.java:672)
	at java.base/sun.nio.ch.SocketChannelImpl.finishConnect(SocketChannelImpl.java:973)
	at com.alibaba.nacos.shaded.io.grpc.netty.shaded.io.netty.channel.socket.nio.NioSocketChannel.doFinishConnect(NioSocketChannel.java:327)
	at com.alibaba.nacos.shaded.io.grpc.netty.shaded.io.netty.channel.nio.AbstractNioChannel$AbstractNioUnsafe.finishConnect(AbstractNioChannel.java:336)
	at com.alibaba.nacos.shaded.io.grpc.netty.shaded.io.netty.channel.nio.NioEventLoop.processSelectedKey(NioEventLoop.java:685)
	at com.alibaba.nacos.shaded.io.grpc.netty.shaded.io.netty.channel.nio.NioEventLoop.processSelectedKeysOptimized(NioEventLoop.java:632)
	at com.alibaba.nacos.shaded.io.grpc.netty.shaded.io.netty.channel.nio.NioEventLoop.processSelectedKeys(NioEventLoop.java:549)
	at com.alibaba.nacos.shaded.io.grpc.netty.shaded.io.netty.channel.nio.NioEventLoop.run(NioEventLoop.java:511)
	at com.alibaba.nacos.shaded.io.grpc.netty.shaded.io.netty.util.concurrent.SingleThreadEventExecutor$5.run(SingleThreadEventExecutor.java:918)
	at com.alibaba.nacos.shaded.io.grpc.netty.shaded.io.netty.util.internal.ThreadExecutorMap$2.run(ThreadExecutorMap.java:74)
	at com.alibaba.nacos.shaded.io.grpc.netty.shaded.io.netty.util.concurrent.FastThreadLocalRunnable.run(FastThreadLocalRunnable.java:30)
	at java.base/java.lang.Thread.run(Thread.java:1589)
2025-09-19 15:13:06.509  INFO  [com.alibaba.nacos.client.remote.worker] c.a.n.c.r.client - [163007b4-b646-410a-bc60-e39b7011f5a8] Fail to connect server, after trying 7 times, last try server is {serverIp = '127.0.0.1', server main port = 8848}, error = unknown
2025-09-19 15:13:07.322  ERROR [com.alibaba.nacos.client.remote.worker] c.a.n.c.r.c.g.GrpcClient - Server check fail, please check server 127.0.0.1 ,port 9848 is available , error ={}
java.util.concurrent.ExecutionException: com.alibaba.nacos.shaded.io.grpc.StatusRuntimeException: UNAVAILABLE: io exception
	at com.alibaba.nacos.shaded.com.google.common.util.concurrent.AbstractFuture.getDoneValue(AbstractFuture.java:566)
	at com.alibaba.nacos.shaded.com.google.common.util.concurrent.AbstractFuture.get(AbstractFuture.java:445)
	at com.alibaba.nacos.common.remote.client.grpc.GrpcClient.serverCheck(GrpcClient.java:148)
	at com.alibaba.nacos.common.remote.client.grpc.GrpcClient.connectToServer(GrpcClient.java:264)
	at com.alibaba.nacos.common.remote.client.RpcClient.reconnect(RpcClient.java:522)
	at com.alibaba.nacos.common.remote.client.RpcClient.lambda$start$2(RpcClient.java:370)
	at java.base/java.util.concurrent.Executors$RunnableAdapter.call(Executors.java:577)
	at java.base/java.util.concurrent.FutureTask.run(FutureTask.java:317)
	at java.base/java.util.concurrent.ScheduledThreadPoolExecutor$ScheduledFutureTask.run(ScheduledThreadPoolExecutor.java:304)
	at java.base/java.util.concurrent.ThreadPoolExecutor.runWorker(ThreadPoolExecutor.java:1144)
	at java.base/java.util.concurrent.ThreadPoolExecutor$Worker.run(ThreadPoolExecutor.java:642)
	at java.base/java.lang.Thread.run(Thread.java:1589)
Caused by: com.alibaba.nacos.shaded.io.grpc.StatusRuntimeException: UNAVAILABLE: io exception
	at com.alibaba.nacos.shaded.io.grpc.Status.asRuntimeException(Status.java:533)
	at com.alibaba.nacos.shaded.io.grpc.stub.ClientCalls$UnaryStreamToFuture.onClose(ClientCalls.java:490)
	at com.alibaba.nacos.shaded.io.grpc.PartialForwardingClientCallListener.onClose(PartialForwardingClientCallListener.java:39)
	at com.alibaba.nacos.shaded.io.grpc.ForwardingClientCallListener.onClose(ForwardingClientCallListener.java:23)
	at com.alibaba.nacos.shaded.io.grpc.ForwardingClientCallListener$SimpleForwardingClientCallListener.onClose(ForwardingClientCallListener.java:40)
	at com.alibaba.nacos.shaded.io.grpc.internal.CensusStatsModule$StatsClientInterceptor$1$1.onClose(CensusStatsModule.java:700)
	at com.alibaba.nacos.shaded.io.grpc.PartialForwardingClientCallListener.onClose(PartialForwardingClientCallListener.java:39)
	at com.alibaba.nacos.shaded.io.grpc.ForwardingClientCallListener.onClose(ForwardingClientCallListener.java:23)
	at com.alibaba.nacos.shaded.io.grpc.ForwardingClientCallListener$SimpleForwardingClientCallListener.onClose(ForwardingClientCallListener.java:40)
	at com.alibaba.nacos.shaded.io.grpc.internal.CensusTracingModule$TracingClientInterceptor$1$1.onClose(CensusTracingModule.java:399)
	at com.alibaba.nacos.shaded.io.grpc.internal.ClientCallImpl.closeObserver(ClientCallImpl.java:510)
	at com.alibaba.nacos.shaded.io.grpc.internal.ClientCallImpl.access$300(ClientCallImpl.java:66)
	at com.alibaba.nacos.shaded.io.grpc.internal.ClientCallImpl$ClientStreamListenerImpl.close(ClientCallImpl.java:630)
	at com.alibaba.nacos.shaded.io.grpc.internal.ClientCallImpl$ClientStreamListenerImpl.access$700(ClientCallImpl.java:518)
	at com.alibaba.nacos.shaded.io.grpc.internal.ClientCallImpl$ClientStreamListenerImpl$1StreamClosed.runInternal(ClientCallImpl.java:692)
	at com.alibaba.nacos.shaded.io.grpc.internal.ClientCallImpl$ClientStreamListenerImpl$1StreamClosed.runInContext(ClientCallImpl.java:681)
	at com.alibaba.nacos.shaded.io.grpc.internal.ContextRunnable.run(ContextRunnable.java:37)
	at com.alibaba.nacos.shaded.io.grpc.internal.SerializingExecutor.run(SerializingExecutor.java:123)
	... 3 common frames omitted
Caused by: com.alibaba.nacos.shaded.io.grpc.netty.shaded.io.netty.channel.AbstractChannel$AnnotatedConnectException: Connection refused: no further information: /127.0.0.1:9848
Caused by: java.net.ConnectException: Connection refused: no further information
	at java.base/sun.nio.ch.Net.pollConnect(Native Method)
	at java.base/sun.nio.ch.Net.pollConnectNow(Net.java:672)
	at java.base/sun.nio.ch.SocketChannelImpl.finishConnect(SocketChannelImpl.java:973)
	at com.alibaba.nacos.shaded.io.grpc.netty.shaded.io.netty.channel.socket.nio.NioSocketChannel.doFinishConnect(NioSocketChannel.java:327)
	at com.alibaba.nacos.shaded.io.grpc.netty.shaded.io.netty.channel.nio.AbstractNioChannel$AbstractNioUnsafe.finishConnect(AbstractNioChannel.java:336)
	at com.alibaba.nacos.shaded.io.grpc.netty.shaded.io.netty.channel.nio.NioEventLoop.processSelectedKey(NioEventLoop.java:685)
	at com.alibaba.nacos.shaded.io.grpc.netty.shaded.io.netty.channel.nio.NioEventLoop.processSelectedKeysOptimized(NioEventLoop.java:632)
	at com.alibaba.nacos.shaded.io.grpc.netty.shaded.io.netty.channel.nio.NioEventLoop.processSelectedKeys(NioEventLoop.java:549)
	at com.alibaba.nacos.shaded.io.grpc.netty.shaded.io.netty.channel.nio.NioEventLoop.run(NioEventLoop.java:511)
	at com.alibaba.nacos.shaded.io.grpc.netty.shaded.io.netty.util.concurrent.SingleThreadEventExecutor$5.run(SingleThreadEventExecutor.java:918)
	at com.alibaba.nacos.shaded.io.grpc.netty.shaded.io.netty.util.internal.ThreadExecutorMap$2.run(ThreadExecutorMap.java:74)
	at com.alibaba.nacos.shaded.io.grpc.netty.shaded.io.netty.util.concurrent.FastThreadLocalRunnable.run(FastThreadLocalRunnable.java:30)
	at java.base/java.lang.Thread.run(Thread.java:1589)
2025-09-19 15:13:07.323  INFO  [com.alibaba.nacos.client.remote.worker] c.a.n.c.r.client - [163007b4-b646-410a-bc60-e39b7011f5a8] Fail to connect server, after trying 8 times, last try server is {serverIp = '127.0.0.1', server main port = 8848}, error = unknown
2025-09-19 15:13:07.404  ERROR [com.alibaba.nacos.client.remote.worker] c.a.n.c.r.c.g.GrpcClient - Server check fail, please check server 127.0.0.1 ,port 9848 is available , error ={}
java.util.concurrent.ExecutionException: com.alibaba.nacos.shaded.io.grpc.StatusRuntimeException: UNAVAILABLE: io exception
	at com.alibaba.nacos.shaded.com.google.common.util.concurrent.AbstractFuture.getDoneValue(AbstractFuture.java:566)
	at com.alibaba.nacos.shaded.com.google.common.util.concurrent.AbstractFuture.get(AbstractFuture.java:445)
	at com.alibaba.nacos.common.remote.client.grpc.GrpcClient.serverCheck(GrpcClient.java:148)
	at com.alibaba.nacos.common.remote.client.grpc.GrpcClient.connectToServer(GrpcClient.java:264)
	at com.alibaba.nacos.common.remote.client.RpcClient.reconnect(RpcClient.java:522)
	at com.alibaba.nacos.common.remote.client.RpcClient.lambda$start$2(RpcClient.java:370)
	at java.base/java.util.concurrent.Executors$RunnableAdapter.call(Executors.java:577)
	at java.base/java.util.concurrent.FutureTask.run(FutureTask.java:317)
	at java.base/java.util.concurrent.ScheduledThreadPoolExecutor$ScheduledFutureTask.run(ScheduledThreadPoolExecutor.java:304)
	at java.base/java.util.concurrent.ThreadPoolExecutor.runWorker(ThreadPoolExecutor.java:1144)
	at java.base/java.util.concurrent.ThreadPoolExecutor$Worker.run(ThreadPoolExecutor.java:642)
	at java.base/java.lang.Thread.run(Thread.java:1589)
Caused by: com.alibaba.nacos.shaded.io.grpc.StatusRuntimeException: UNAVAILABLE: io exception
	at com.alibaba.nacos.shaded.io.grpc.Status.asRuntimeException(Status.java:533)
	at com.alibaba.nacos.shaded.io.grpc.stub.ClientCalls$UnaryStreamToFuture.onClose(ClientCalls.java:490)
	at com.alibaba.nacos.shaded.io.grpc.PartialForwardingClientCallListener.onClose(PartialForwardingClientCallListener.java:39)
	at com.alibaba.nacos.shaded.io.grpc.ForwardingClientCallListener.onClose(ForwardingClientCallListener.java:23)
	at com.alibaba.nacos.shaded.io.grpc.ForwardingClientCallListener$SimpleForwardingClientCallListener.onClose(ForwardingClientCallListener.java:40)
	at com.alibaba.nacos.shaded.io.grpc.internal.CensusStatsModule$StatsClientInterceptor$1$1.onClose(CensusStatsModule.java:700)
	at com.alibaba.nacos.shaded.io.grpc.PartialForwardingClientCallListener.onClose(PartialForwardingClientCallListener.java:39)
	at com.alibaba.nacos.shaded.io.grpc.ForwardingClientCallListener.onClose(ForwardingClientCallListener.java:23)
	at com.alibaba.nacos.shaded.io.grpc.ForwardingClientCallListener$SimpleForwardingClientCallListener.onClose(ForwardingClientCallListener.java:40)
	at com.alibaba.nacos.shaded.io.grpc.internal.CensusTracingModule$TracingClientInterceptor$1$1.onClose(CensusTracingModule.java:399)
	at com.alibaba.nacos.shaded.io.grpc.internal.ClientCallImpl.closeObserver(ClientCallImpl.java:510)
	at com.alibaba.nacos.shaded.io.grpc.internal.ClientCallImpl.access$300(ClientCallImpl.java:66)
	at com.alibaba.nacos.shaded.io.grpc.internal.ClientCallImpl$ClientStreamListenerImpl.close(ClientCallImpl.java:630)
	at com.alibaba.nacos.shaded.io.grpc.internal.ClientCallImpl$ClientStreamListenerImpl.access$700(ClientCallImpl.java:518)
	at com.alibaba.nacos.shaded.io.grpc.internal.ClientCallImpl$ClientStreamListenerImpl$1StreamClosed.runInternal(ClientCallImpl.java:692)
	at com.alibaba.nacos.shaded.io.grpc.internal.ClientCallImpl$ClientStreamListenerImpl$1StreamClosed.runInContext(ClientCallImpl.java:681)
	at com.alibaba.nacos.shaded.io.grpc.internal.ContextRunnable.run(ContextRunnable.java:37)
	at com.alibaba.nacos.shaded.io.grpc.internal.SerializingExecutor.run(SerializingExecutor.java:123)
	... 3 common frames omitted
Caused by: com.alibaba.nacos.shaded.io.grpc.netty.shaded.io.netty.channel.AbstractChannel$AnnotatedConnectException: Connection refused: no further information: /127.0.0.1:9848
Caused by: java.net.ConnectException: Connection refused: no further information
	at java.base/sun.nio.ch.Net.pollConnect(Native Method)
	at java.base/sun.nio.ch.Net.pollConnectNow(Net.java:672)
	at java.base/sun.nio.ch.SocketChannelImpl.finishConnect(SocketChannelImpl.java:973)
	at com.alibaba.nacos.shaded.io.grpc.netty.shaded.io.netty.channel.socket.nio.NioSocketChannel.doFinishConnect(NioSocketChannel.java:327)
	at com.alibaba.nacos.shaded.io.grpc.netty.shaded.io.netty.channel.nio.AbstractNioChannel$AbstractNioUnsafe.finishConnect(AbstractNioChannel.java:336)
	at com.alibaba.nacos.shaded.io.grpc.netty.shaded.io.netty.channel.nio.NioEventLoop.processSelectedKey(NioEventLoop.java:685)
	at com.alibaba.nacos.shaded.io.grpc.netty.shaded.io.netty.channel.nio.NioEventLoop.processSelectedKeysOptimized(NioEventLoop.java:632)
	at com.alibaba.nacos.shaded.io.grpc.netty.shaded.io.netty.channel.nio.NioEventLoop.processSelectedKeys(NioEventLoop.java:549)
	at com.alibaba.nacos.shaded.io.grpc.netty.shaded.io.netty.channel.nio.NioEventLoop.run(NioEventLoop.java:511)
	at com.alibaba.nacos.shaded.io.grpc.netty.shaded.io.netty.util.concurrent.SingleThreadEventExecutor$5.run(SingleThreadEventExecutor.java:918)
	at com.alibaba.nacos.shaded.io.grpc.netty.shaded.io.netty.util.internal.ThreadExecutorMap$2.run(ThreadExecutorMap.java:74)
	at com.alibaba.nacos.shaded.io.grpc.netty.shaded.io.netty.util.concurrent.FastThreadLocalRunnable.run(FastThreadLocalRunnable.java:30)
	at java.base/java.lang.Thread.run(Thread.java:1589)
2025-09-19 15:13:07.405  INFO  [com.alibaba.nacos.client.remote.worker] c.a.n.c.r.client - [6557a64c-d3e6-481c-b159-daeb774ca1a6_config-0] Fail to connect server, after trying 9 times, last try server is {serverIp = '127.0.0.1', server main port = 8848}, error = unknown
2025-09-19 15:13:08.227  ERROR [com.alibaba.nacos.client.remote.worker] c.a.n.c.r.c.g.GrpcClient - Server check fail, please check server 127.0.0.1 ,port 9848 is available , error ={}
java.util.concurrent.ExecutionException: com.alibaba.nacos.shaded.io.grpc.StatusRuntimeException: UNAVAILABLE: io exception
	at com.alibaba.nacos.shaded.com.google.common.util.concurrent.AbstractFuture.getDoneValue(AbstractFuture.java:566)
	at com.alibaba.nacos.shaded.com.google.common.util.concurrent.AbstractFuture.get(AbstractFuture.java:445)
	at com.alibaba.nacos.common.remote.client.grpc.GrpcClient.serverCheck(GrpcClient.java:148)
	at com.alibaba.nacos.common.remote.client.grpc.GrpcClient.connectToServer(GrpcClient.java:264)
	at com.alibaba.nacos.common.remote.client.RpcClient.reconnect(RpcClient.java:522)
	at com.alibaba.nacos.common.remote.client.RpcClient.lambda$start$2(RpcClient.java:370)
	at java.base/java.util.concurrent.Executors$RunnableAdapter.call(Executors.java:577)
	at java.base/java.util.concurrent.FutureTask.run(FutureTask.java:317)
	at java.base/java.util.concurrent.ScheduledThreadPoolExecutor$ScheduledFutureTask.run(ScheduledThreadPoolExecutor.java:304)
	at java.base/java.util.concurrent.ThreadPoolExecutor.runWorker(ThreadPoolExecutor.java:1144)
	at java.base/java.util.concurrent.ThreadPoolExecutor$Worker.run(ThreadPoolExecutor.java:642)
	at java.base/java.lang.Thread.run(Thread.java:1589)
Caused by: com.alibaba.nacos.shaded.io.grpc.StatusRuntimeException: UNAVAILABLE: io exception
	at com.alibaba.nacos.shaded.io.grpc.Status.asRuntimeException(Status.java:533)
	at com.alibaba.nacos.shaded.io.grpc.stub.ClientCalls$UnaryStreamToFuture.onClose(ClientCalls.java:490)
	at com.alibaba.nacos.shaded.io.grpc.PartialForwardingClientCallListener.onClose(PartialForwardingClientCallListener.java:39)
	at com.alibaba.nacos.shaded.io.grpc.ForwardingClientCallListener.onClose(ForwardingClientCallListener.java:23)
	at com.alibaba.nacos.shaded.io.grpc.ForwardingClientCallListener$SimpleForwardingClientCallListener.onClose(ForwardingClientCallListener.java:40)
	at com.alibaba.nacos.shaded.io.grpc.internal.CensusStatsModule$StatsClientInterceptor$1$1.onClose(CensusStatsModule.java:700)
	at com.alibaba.nacos.shaded.io.grpc.PartialForwardingClientCallListener.onClose(PartialForwardingClientCallListener.java:39)
	at com.alibaba.nacos.shaded.io.grpc.ForwardingClientCallListener.onClose(ForwardingClientCallListener.java:23)
	at com.alibaba.nacos.shaded.io.grpc.ForwardingClientCallListener$SimpleForwardingClientCallListener.onClose(ForwardingClientCallListener.java:40)
	at com.alibaba.nacos.shaded.io.grpc.internal.CensusTracingModule$TracingClientInterceptor$1$1.onClose(CensusTracingModule.java:399)
	at com.alibaba.nacos.shaded.io.grpc.internal.ClientCallImpl.closeObserver(ClientCallImpl.java:510)
	at com.alibaba.nacos.shaded.io.grpc.internal.ClientCallImpl.access$300(ClientCallImpl.java:66)
	at com.alibaba.nacos.shaded.io.grpc.internal.ClientCallImpl$ClientStreamListenerImpl.close(ClientCallImpl.java:630)
	at com.alibaba.nacos.shaded.io.grpc.internal.ClientCallImpl$ClientStreamListenerImpl.access$700(ClientCallImpl.java:518)
	at com.alibaba.nacos.shaded.io.grpc.internal.ClientCallImpl$ClientStreamListenerImpl$1StreamClosed.runInternal(ClientCallImpl.java:692)
	at com.alibaba.nacos.shaded.io.grpc.internal.ClientCallImpl$ClientStreamListenerImpl$1StreamClosed.runInContext(ClientCallImpl.java:681)
	at com.alibaba.nacos.shaded.io.grpc.internal.ContextRunnable.run(ContextRunnable.java:37)
	at com.alibaba.nacos.shaded.io.grpc.internal.SerializingExecutor.run(SerializingExecutor.java:123)
	... 3 common frames omitted
Caused by: com.alibaba.nacos.shaded.io.grpc.netty.shaded.io.netty.channel.AbstractChannel$AnnotatedConnectException: Connection refused: no further information: /127.0.0.1:9848
Caused by: java.net.ConnectException: Connection refused: no further information
	at java.base/sun.nio.ch.Net.pollConnect(Native Method)
	at java.base/sun.nio.ch.Net.pollConnectNow(Net.java:672)
	at java.base/sun.nio.ch.SocketChannelImpl.finishConnect(SocketChannelImpl.java:973)
	at com.alibaba.nacos.shaded.io.grpc.netty.shaded.io.netty.channel.socket.nio.NioSocketChannel.doFinishConnect(NioSocketChannel.java:327)
	at com.alibaba.nacos.shaded.io.grpc.netty.shaded.io.netty.channel.nio.AbstractNioChannel$AbstractNioUnsafe.finishConnect(AbstractNioChannel.java:336)
	at com.alibaba.nacos.shaded.io.grpc.netty.shaded.io.netty.channel.nio.NioEventLoop.processSelectedKey(NioEventLoop.java:685)
	at com.alibaba.nacos.shaded.io.grpc.netty.shaded.io.netty.channel.nio.NioEventLoop.processSelectedKeysOptimized(NioEventLoop.java:632)
	at com.alibaba.nacos.shaded.io.grpc.netty.shaded.io.netty.channel.nio.NioEventLoop.processSelectedKeys(NioEventLoop.java:549)
	at com.alibaba.nacos.shaded.io.grpc.netty.shaded.io.netty.channel.nio.NioEventLoop.run(NioEventLoop.java:511)
	at com.alibaba.nacos.shaded.io.grpc.netty.shaded.io.netty.util.concurrent.SingleThreadEventExecutor$5.run(SingleThreadEventExecutor.java:918)
	at com.alibaba.nacos.shaded.io.grpc.netty.shaded.io.netty.util.internal.ThreadExecutorMap$2.run(ThreadExecutorMap.java:74)
	at com.alibaba.nacos.shaded.io.grpc.netty.shaded.io.netty.util.concurrent.FastThreadLocalRunnable.run(FastThreadLocalRunnable.java:30)
	at java.base/java.lang.Thread.run(Thread.java:1589)
2025-09-19 15:13:08.227  INFO  [com.alibaba.nacos.client.remote.worker] c.a.n.c.r.client - [163007b4-b646-410a-bc60-e39b7011f5a8] Fail to connect server, after trying 9 times, last try server is {serverIp = '127.0.0.1', server main port = 8848}, error = unknown
2025-09-19 15:13:08.409  ERROR [com.alibaba.nacos.client.remote.worker] c.a.n.c.r.c.g.GrpcClient - Server check fail, please check server 127.0.0.1 ,port 9848 is available , error ={}
java.util.concurrent.ExecutionException: com.alibaba.nacos.shaded.io.grpc.StatusRuntimeException: UNAVAILABLE: io exception
	at com.alibaba.nacos.shaded.com.google.common.util.concurrent.AbstractFuture.getDoneValue(AbstractFuture.java:566)
	at com.alibaba.nacos.shaded.com.google.common.util.concurrent.AbstractFuture.get(AbstractFuture.java:445)
	at com.alibaba.nacos.common.remote.client.grpc.GrpcClient.serverCheck(GrpcClient.java:148)
	at com.alibaba.nacos.common.remote.client.grpc.GrpcClient.connectToServer(GrpcClient.java:264)
	at com.alibaba.nacos.common.remote.client.RpcClient.reconnect(RpcClient.java:522)
	at com.alibaba.nacos.common.remote.client.RpcClient.lambda$start$2(RpcClient.java:370)
	at java.base/java.util.concurrent.Executors$RunnableAdapter.call(Executors.java:577)
	at java.base/java.util.concurrent.FutureTask.run(FutureTask.java:317)
	at java.base/java.util.concurrent.ScheduledThreadPoolExecutor$ScheduledFutureTask.run(ScheduledThreadPoolExecutor.java:304)
	at java.base/java.util.concurrent.ThreadPoolExecutor.runWorker(ThreadPoolExecutor.java:1144)
	at java.base/java.util.concurrent.ThreadPoolExecutor$Worker.run(ThreadPoolExecutor.java:642)
	at java.base/java.lang.Thread.run(Thread.java:1589)
Caused by: com.alibaba.nacos.shaded.io.grpc.StatusRuntimeException: UNAVAILABLE: io exception
	at com.alibaba.nacos.shaded.io.grpc.Status.asRuntimeException(Status.java:533)
	at com.alibaba.nacos.shaded.io.grpc.stub.ClientCalls$UnaryStreamToFuture.onClose(ClientCalls.java:490)
	at com.alibaba.nacos.shaded.io.grpc.PartialForwardingClientCallListener.onClose(PartialForwardingClientCallListener.java:39)
	at com.alibaba.nacos.shaded.io.grpc.ForwardingClientCallListener.onClose(ForwardingClientCallListener.java:23)
	at com.alibaba.nacos.shaded.io.grpc.ForwardingClientCallListener$SimpleForwardingClientCallListener.onClose(ForwardingClientCallListener.java:40)
	at com.alibaba.nacos.shaded.io.grpc.internal.CensusStatsModule$StatsClientInterceptor$1$1.onClose(CensusStatsModule.java:700)
	at com.alibaba.nacos.shaded.io.grpc.PartialForwardingClientCallListener.onClose(PartialForwardingClientCallListener.java:39)
	at com.alibaba.nacos.shaded.io.grpc.ForwardingClientCallListener.onClose(ForwardingClientCallListener.java:23)
	at com.alibaba.nacos.shaded.io.grpc.ForwardingClientCallListener$SimpleForwardingClientCallListener.onClose(ForwardingClientCallListener.java:40)
	at com.alibaba.nacos.shaded.io.grpc.internal.CensusTracingModule$TracingClientInterceptor$1$1.onClose(CensusTracingModule.java:399)
	at com.alibaba.nacos.shaded.io.grpc.internal.ClientCallImpl.closeObserver(ClientCallImpl.java:510)
	at com.alibaba.nacos.shaded.io.grpc.internal.ClientCallImpl.access$300(ClientCallImpl.java:66)
	at com.alibaba.nacos.shaded.io.grpc.internal.ClientCallImpl$ClientStreamListenerImpl.close(ClientCallImpl.java:630)
	at com.alibaba.nacos.shaded.io.grpc.internal.ClientCallImpl$ClientStreamListenerImpl.access$700(ClientCallImpl.java:518)
	at com.alibaba.nacos.shaded.io.grpc.internal.ClientCallImpl$ClientStreamListenerImpl$1StreamClosed.runInternal(ClientCallImpl.java:692)
	at com.alibaba.nacos.shaded.io.grpc.internal.ClientCallImpl$ClientStreamListenerImpl$1StreamClosed.runInContext(ClientCallImpl.java:681)
	at com.alibaba.nacos.shaded.io.grpc.internal.ContextRunnable.run(ContextRunnable.java:37)
	at com.alibaba.nacos.shaded.io.grpc.internal.SerializingExecutor.run(SerializingExecutor.java:123)
	... 3 common frames omitted
Caused by: com.alibaba.nacos.shaded.io.grpc.netty.shaded.io.netty.channel.AbstractChannel$AnnotatedConnectException: Connection refused: no further information: /127.0.0.1:9848
Caused by: java.net.ConnectException: Connection refused: no further information
	at java.base/sun.nio.ch.Net.pollConnect(Native Method)
	at java.base/sun.nio.ch.Net.pollConnectNow(Net.java:672)
	at java.base/sun.nio.ch.SocketChannelImpl.finishConnect(SocketChannelImpl.java:973)
	at com.alibaba.nacos.shaded.io.grpc.netty.shaded.io.netty.channel.socket.nio.NioSocketChannel.doFinishConnect(NioSocketChannel.java:327)
	at com.alibaba.nacos.shaded.io.grpc.netty.shaded.io.netty.channel.nio.AbstractNioChannel$AbstractNioUnsafe.finishConnect(AbstractNioChannel.java:336)
	at com.alibaba.nacos.shaded.io.grpc.netty.shaded.io.netty.channel.nio.NioEventLoop.processSelectedKey(NioEventLoop.java:685)
	at com.alibaba.nacos.shaded.io.grpc.netty.shaded.io.netty.channel.nio.NioEventLoop.processSelectedKeysOptimized(NioEventLoop.java:632)
	at com.alibaba.nacos.shaded.io.grpc.netty.shaded.io.netty.channel.nio.NioEventLoop.processSelectedKeys(NioEventLoop.java:549)
	at com.alibaba.nacos.shaded.io.grpc.netty.shaded.io.netty.channel.nio.NioEventLoop.run(NioEventLoop.java:511)
	at com.alibaba.nacos.shaded.io.grpc.netty.shaded.io.netty.util.concurrent.SingleThreadEventExecutor$5.run(SingleThreadEventExecutor.java:918)
	at com.alibaba.nacos.shaded.io.grpc.netty.shaded.io.netty.util.internal.ThreadExecutorMap$2.run(ThreadExecutorMap.java:74)
	at com.alibaba.nacos.shaded.io.grpc.netty.shaded.io.netty.util.concurrent.FastThreadLocalRunnable.run(FastThreadLocalRunnable.java:30)
	at java.base/java.lang.Thread.run(Thread.java:1589)
2025-09-19 15:13:08.410  INFO  [com.alibaba.nacos.client.remote.worker] c.a.n.c.r.client - [6557a64c-d3e6-481c-b159-daeb774ca1a6_config-0] Fail to connect server, after trying 10 times, last try server is {serverIp = '127.0.0.1', server main port = 8848}, error = unknown
2025-09-19 15:13:08.744  ERROR [com.alibaba.nacos.client.Worker] c.a.n.c.r.client - Send request fail, request = ConfigBatchListenRequest{headers={charset=UTF-8, Client-AppName=unknown, Client-RequestToken=8e45a5b42437e25dd6c351708ebbfa59, Client-RequestTS=1758265988642, exConfigInfo=true, Timestamp=1758265988643}, requestId='null'}, retryTimes = 0, errorMessage = Client not connected, current status:STARTING
2025-09-19 15:13:08.845  ERROR [com.alibaba.nacos.client.Worker] c.a.n.c.r.client - Send request fail, request = ConfigBatchListenRequest{headers={charset=UTF-8, Client-AppName=unknown, Client-RequestToken=8e45a5b42437e25dd6c351708ebbfa59, Client-RequestTS=1758265988642, exConfigInfo=true, Timestamp=1758265988643}, requestId='null'}, retryTimes = 1, errorMessage = Client not connected, current status:STARTING
2025-09-19 15:13:08.947  ERROR [com.alibaba.nacos.client.Worker] c.a.n.c.r.client - Send request fail, request = ConfigBatchListenRequest{headers={charset=UTF-8, Client-AppName=unknown, Client-RequestToken=8e45a5b42437e25dd6c351708ebbfa59, Client-RequestTS=1758265988642, exConfigInfo=true, Timestamp=1758265988643}, requestId='null'}, retryTimes = 2, errorMessage = Client not connected, current status:STARTING
2025-09-19 15:13:09.230  ERROR [com.alibaba.nacos.client.remote.worker] c.a.n.c.r.c.g.GrpcClient - Server check fail, please check server 127.0.0.1 ,port 9848 is available , error ={}
java.util.concurrent.ExecutionException: com.alibaba.nacos.shaded.io.grpc.StatusRuntimeException: UNAVAILABLE: io exception
	at com.alibaba.nacos.shaded.com.google.common.util.concurrent.AbstractFuture.getDoneValue(AbstractFuture.java:566)
	at com.alibaba.nacos.shaded.com.google.common.util.concurrent.AbstractFuture.get(AbstractFuture.java:445)
	at com.alibaba.nacos.common.remote.client.grpc.GrpcClient.serverCheck(GrpcClient.java:148)
	at com.alibaba.nacos.common.remote.client.grpc.GrpcClient.connectToServer(GrpcClient.java:264)
	at com.alibaba.nacos.common.remote.client.RpcClient.reconnect(RpcClient.java:522)
	at com.alibaba.nacos.common.remote.client.RpcClient.lambda$start$2(RpcClient.java:370)
	at java.base/java.util.concurrent.Executors$RunnableAdapter.call(Executors.java:577)
	at java.base/java.util.concurrent.FutureTask.run(FutureTask.java:317)
	at java.base/java.util.concurrent.ScheduledThreadPoolExecutor$ScheduledFutureTask.run(ScheduledThreadPoolExecutor.java:304)
	at java.base/java.util.concurrent.ThreadPoolExecutor.runWorker(ThreadPoolExecutor.java:1144)
	at java.base/java.util.concurrent.ThreadPoolExecutor$Worker.run(ThreadPoolExecutor.java:642)
	at java.base/java.lang.Thread.run(Thread.java:1589)
Caused by: com.alibaba.nacos.shaded.io.grpc.StatusRuntimeException: UNAVAILABLE: io exception
	at com.alibaba.nacos.shaded.io.grpc.Status.asRuntimeException(Status.java:533)
	at com.alibaba.nacos.shaded.io.grpc.stub.ClientCalls$UnaryStreamToFuture.onClose(ClientCalls.java:490)
	at com.alibaba.nacos.shaded.io.grpc.PartialForwardingClientCallListener.onClose(PartialForwardingClientCallListener.java:39)
	at com.alibaba.nacos.shaded.io.grpc.ForwardingClientCallListener.onClose(ForwardingClientCallListener.java:23)
	at com.alibaba.nacos.shaded.io.grpc.ForwardingClientCallListener$SimpleForwardingClientCallListener.onClose(ForwardingClientCallListener.java:40)
	at com.alibaba.nacos.shaded.io.grpc.internal.CensusStatsModule$StatsClientInterceptor$1$1.onClose(CensusStatsModule.java:700)
	at com.alibaba.nacos.shaded.io.grpc.PartialForwardingClientCallListener.onClose(PartialForwardingClientCallListener.java:39)
	at com.alibaba.nacos.shaded.io.grpc.ForwardingClientCallListener.onClose(ForwardingClientCallListener.java:23)
	at com.alibaba.nacos.shaded.io.grpc.ForwardingClientCallListener$SimpleForwardingClientCallListener.onClose(ForwardingClientCallListener.java:40)
	at com.alibaba.nacos.shaded.io.grpc.internal.CensusTracingModule$TracingClientInterceptor$1$1.onClose(CensusTracingModule.java:399)
	at com.alibaba.nacos.shaded.io.grpc.internal.ClientCallImpl.closeObserver(ClientCallImpl.java:510)
	at com.alibaba.nacos.shaded.io.grpc.internal.ClientCallImpl.access$300(ClientCallImpl.java:66)
	at com.alibaba.nacos.shaded.io.grpc.internal.ClientCallImpl$ClientStreamListenerImpl.close(ClientCallImpl.java:630)
	at com.alibaba.nacos.shaded.io.grpc.internal.ClientCallImpl$ClientStreamListenerImpl.access$700(ClientCallImpl.java:518)
	at com.alibaba.nacos.shaded.io.grpc.internal.ClientCallImpl$ClientStreamListenerImpl$1StreamClosed.runInternal(ClientCallImpl.java:692)
	at com.alibaba.nacos.shaded.io.grpc.internal.ClientCallImpl$ClientStreamListenerImpl$1StreamClosed.runInContext(ClientCallImpl.java:681)
	at com.alibaba.nacos.shaded.io.grpc.internal.ContextRunnable.run(ContextRunnable.java:37)
	at com.alibaba.nacos.shaded.io.grpc.internal.SerializingExecutor.run(SerializingExecutor.java:123)
	... 3 common frames omitted
Caused by: com.alibaba.nacos.shaded.io.grpc.netty.shaded.io.netty.channel.AbstractChannel$AnnotatedConnectException: Connection refused: no further information: /127.0.0.1:9848
Caused by: java.net.ConnectException: Connection refused: no further information
	at java.base/sun.nio.ch.Net.pollConnect(Native Method)
	at java.base/sun.nio.ch.Net.pollConnectNow(Net.java:672)
	at java.base/sun.nio.ch.SocketChannelImpl.finishConnect(SocketChannelImpl.java:973)
	at com.alibaba.nacos.shaded.io.grpc.netty.shaded.io.netty.channel.socket.nio.NioSocketChannel.doFinishConnect(NioSocketChannel.java:327)
	at com.alibaba.nacos.shaded.io.grpc.netty.shaded.io.netty.channel.nio.AbstractNioChannel$AbstractNioUnsafe.finishConnect(AbstractNioChannel.java:336)
	at com.alibaba.nacos.shaded.io.grpc.netty.shaded.io.netty.channel.nio.NioEventLoop.processSelectedKey(NioEventLoop.java:685)
	at com.alibaba.nacos.shaded.io.grpc.netty.shaded.io.netty.channel.nio.NioEventLoop.processSelectedKeysOptimized(NioEventLoop.java:632)
	at com.alibaba.nacos.shaded.io.grpc.netty.shaded.io.netty.channel.nio.NioEventLoop.processSelectedKeys(NioEventLoop.java:549)
	at com.alibaba.nacos.shaded.io.grpc.netty.shaded.io.netty.channel.nio.NioEventLoop.run(NioEventLoop.java:511)
	at com.alibaba.nacos.shaded.io.grpc.netty.shaded.io.netty.util.concurrent.SingleThreadEventExecutor$5.run(SingleThreadEventExecutor.java:918)
	at com.alibaba.nacos.shaded.io.grpc.netty.shaded.io.netty.util.internal.ThreadExecutorMap$2.run(ThreadExecutorMap.java:74)
	at com.alibaba.nacos.shaded.io.grpc.netty.shaded.io.netty.util.concurrent.FastThreadLocalRunnable.run(FastThreadLocalRunnable.java:30)
	at java.base/java.lang.Thread.run(Thread.java:1589)
2025-09-19 15:13:09.231  INFO  [com.alibaba.nacos.client.remote.worker] c.a.n.c.r.client - [163007b4-b646-410a-bc60-e39b7011f5a8] Fail to connect server, after trying 10 times, last try server is {serverIp = '127.0.0.1', server main port = 8848}, error = unknown
2025-09-19 15:13:09.514  ERROR [com.alibaba.nacos.client.remote.worker] c.a.n.c.r.c.g.GrpcClient - Server check fail, please check server 127.0.0.1 ,port 9848 is available , error ={}
java.util.concurrent.ExecutionException: com.alibaba.nacos.shaded.io.grpc.StatusRuntimeException: UNAVAILABLE: io exception
	at com.alibaba.nacos.shaded.com.google.common.util.concurrent.AbstractFuture.getDoneValue(AbstractFuture.java:566)
	at com.alibaba.nacos.shaded.com.google.common.util.concurrent.AbstractFuture.get(AbstractFuture.java:445)
	at com.alibaba.nacos.common.remote.client.grpc.GrpcClient.serverCheck(GrpcClient.java:148)
	at com.alibaba.nacos.common.remote.client.grpc.GrpcClient.connectToServer(GrpcClient.java:264)
	at com.alibaba.nacos.common.remote.client.RpcClient.reconnect(RpcClient.java:522)
	at com.alibaba.nacos.common.remote.client.RpcClient.lambda$start$2(RpcClient.java:370)
	at java.base/java.util.concurrent.Executors$RunnableAdapter.call(Executors.java:577)
	at java.base/java.util.concurrent.FutureTask.run(FutureTask.java:317)
	at java.base/java.util.concurrent.ScheduledThreadPoolExecutor$ScheduledFutureTask.run(ScheduledThreadPoolExecutor.java:304)
	at java.base/java.util.concurrent.ThreadPoolExecutor.runWorker(ThreadPoolExecutor.java:1144)
	at java.base/java.util.concurrent.ThreadPoolExecutor$Worker.run(ThreadPoolExecutor.java:642)
	at java.base/java.lang.Thread.run(Thread.java:1589)
Caused by: com.alibaba.nacos.shaded.io.grpc.StatusRuntimeException: UNAVAILABLE: io exception
	at com.alibaba.nacos.shaded.io.grpc.Status.asRuntimeException(Status.java:533)
	at com.alibaba.nacos.shaded.io.grpc.stub.ClientCalls$UnaryStreamToFuture.onClose(ClientCalls.java:490)
	at com.alibaba.nacos.shaded.io.grpc.PartialForwardingClientCallListener.onClose(PartialForwardingClientCallListener.java:39)
	at com.alibaba.nacos.shaded.io.grpc.ForwardingClientCallListener.onClose(ForwardingClientCallListener.java:23)
	at com.alibaba.nacos.shaded.io.grpc.ForwardingClientCallListener$SimpleForwardingClientCallListener.onClose(ForwardingClientCallListener.java:40)
	at com.alibaba.nacos.shaded.io.grpc.internal.CensusStatsModule$StatsClientInterceptor$1$1.onClose(CensusStatsModule.java:700)
	at com.alibaba.nacos.shaded.io.grpc.PartialForwardingClientCallListener.onClose(PartialForwardingClientCallListener.java:39)
	at com.alibaba.nacos.shaded.io.grpc.ForwardingClientCallListener.onClose(ForwardingClientCallListener.java:23)
	at com.alibaba.nacos.shaded.io.grpc.ForwardingClientCallListener$SimpleForwardingClientCallListener.onClose(ForwardingClientCallListener.java:40)
	at com.alibaba.nacos.shaded.io.grpc.internal.CensusTracingModule$TracingClientInterceptor$1$1.onClose(CensusTracingModule.java:399)
	at com.alibaba.nacos.shaded.io.grpc.internal.ClientCallImpl.closeObserver(ClientCallImpl.java:510)
	at com.alibaba.nacos.shaded.io.grpc.internal.ClientCallImpl.access$300(ClientCallImpl.java:66)
	at com.alibaba.nacos.shaded.io.grpc.internal.ClientCallImpl$ClientStreamListenerImpl.close(ClientCallImpl.java:630)
	at com.alibaba.nacos.shaded.io.grpc.internal.ClientCallImpl$ClientStreamListenerImpl.access$700(ClientCallImpl.java:518)
	at com.alibaba.nacos.shaded.io.grpc.internal.ClientCallImpl$ClientStreamListenerImpl$1StreamClosed.runInternal(ClientCallImpl.java:692)
	at com.alibaba.nacos.shaded.io.grpc.internal.ClientCallImpl$ClientStreamListenerImpl$1StreamClosed.runInContext(ClientCallImpl.java:681)
	at com.alibaba.nacos.shaded.io.grpc.internal.ContextRunnable.run(ContextRunnable.java:37)
	at com.alibaba.nacos.shaded.io.grpc.internal.SerializingExecutor.run(SerializingExecutor.java:123)
	... 3 common frames omitted
Caused by: com.alibaba.nacos.shaded.io.grpc.netty.shaded.io.netty.channel.AbstractChannel$AnnotatedConnectException: Connection refused: no further information: /127.0.0.1:9848
Caused by: java.net.ConnectException: Connection refused: no further information
	at java.base/sun.nio.ch.Net.pollConnect(Native Method)
	at java.base/sun.nio.ch.Net.pollConnectNow(Net.java:672)
	at java.base/sun.nio.ch.SocketChannelImpl.finishConnect(SocketChannelImpl.java:973)
	at com.alibaba.nacos.shaded.io.grpc.netty.shaded.io.netty.channel.socket.nio.NioSocketChannel.doFinishConnect(NioSocketChannel.java:327)
	at com.alibaba.nacos.shaded.io.grpc.netty.shaded.io.netty.channel.nio.AbstractNioChannel$AbstractNioUnsafe.finishConnect(AbstractNioChannel.java:336)
	at com.alibaba.nacos.shaded.io.grpc.netty.shaded.io.netty.channel.nio.NioEventLoop.processSelectedKey(NioEventLoop.java:685)
	at com.alibaba.nacos.shaded.io.grpc.netty.shaded.io.netty.channel.nio.NioEventLoop.processSelectedKeysOptimized(NioEventLoop.java:632)
	at com.alibaba.nacos.shaded.io.grpc.netty.shaded.io.netty.channel.nio.NioEventLoop.processSelectedKeys(NioEventLoop.java:549)
	at com.alibaba.nacos.shaded.io.grpc.netty.shaded.io.netty.channel.nio.NioEventLoop.run(NioEventLoop.java:511)
	at com.alibaba.nacos.shaded.io.grpc.netty.shaded.io.netty.util.concurrent.SingleThreadEventExecutor$5.run(SingleThreadEventExecutor.java:918)
	at com.alibaba.nacos.shaded.io.grpc.netty.shaded.io.netty.util.internal.ThreadExecutorMap$2.run(ThreadExecutorMap.java:74)
	at com.alibaba.nacos.shaded.io.grpc.netty.shaded.io.netty.util.concurrent.FastThreadLocalRunnable.run(FastThreadLocalRunnable.java:30)
	at java.base/java.lang.Thread.run(Thread.java:1589)
2025-09-19 15:13:09.515  INFO  [com.alibaba.nacos.client.remote.worker] c.a.n.c.r.client - [6557a64c-d3e6-481c-b159-daeb774ca1a6_config-0] Fail to connect server, after trying 11 times, last try server is {serverIp = '127.0.0.1', server main port = 8848}, error = unknown
2025-09-19 15:13:10.336  ERROR [com.alibaba.nacos.client.remote.worker] c.a.n.c.r.c.g.GrpcClient - Server check fail, please check server 127.0.0.1 ,port 9848 is available , error ={}
java.util.concurrent.ExecutionException: com.alibaba.nacos.shaded.io.grpc.StatusRuntimeException: UNAVAILABLE: io exception
	at com.alibaba.nacos.shaded.com.google.common.util.concurrent.AbstractFuture.getDoneValue(AbstractFuture.java:566)
	at com.alibaba.nacos.shaded.com.google.common.util.concurrent.AbstractFuture.get(AbstractFuture.java:445)
	at com.alibaba.nacos.common.remote.client.grpc.GrpcClient.serverCheck(GrpcClient.java:148)
	at com.alibaba.nacos.common.remote.client.grpc.GrpcClient.connectToServer(GrpcClient.java:264)
	at com.alibaba.nacos.common.remote.client.RpcClient.reconnect(RpcClient.java:522)
	at com.alibaba.nacos.common.remote.client.RpcClient.lambda$start$2(RpcClient.java:370)
	at java.base/java.util.concurrent.Executors$RunnableAdapter.call(Executors.java:577)
	at java.base/java.util.concurrent.FutureTask.run(FutureTask.java:317)
	at java.base/java.util.concurrent.ScheduledThreadPoolExecutor$ScheduledFutureTask.run(ScheduledThreadPoolExecutor.java:304)
	at java.base/java.util.concurrent.ThreadPoolExecutor.runWorker(ThreadPoolExecutor.java:1144)
	at java.base/java.util.concurrent.ThreadPoolExecutor$Worker.run(ThreadPoolExecutor.java:642)
	at java.base/java.lang.Thread.run(Thread.java:1589)
Caused by: com.alibaba.nacos.shaded.io.grpc.StatusRuntimeException: UNAVAILABLE: io exception
	at com.alibaba.nacos.shaded.io.grpc.Status.asRuntimeException(Status.java:533)
	at com.alibaba.nacos.shaded.io.grpc.stub.ClientCalls$UnaryStreamToFuture.onClose(ClientCalls.java:490)
	at com.alibaba.nacos.shaded.io.grpc.PartialForwardingClientCallListener.onClose(PartialForwardingClientCallListener.java:39)
	at com.alibaba.nacos.shaded.io.grpc.ForwardingClientCallListener.onClose(ForwardingClientCallListener.java:23)
	at com.alibaba.nacos.shaded.io.grpc.ForwardingClientCallListener$SimpleForwardingClientCallListener.onClose(ForwardingClientCallListener.java:40)
	at com.alibaba.nacos.shaded.io.grpc.internal.CensusStatsModule$StatsClientInterceptor$1$1.onClose(CensusStatsModule.java:700)
	at com.alibaba.nacos.shaded.io.grpc.PartialForwardingClientCallListener.onClose(PartialForwardingClientCallListener.java:39)
	at com.alibaba.nacos.shaded.io.grpc.ForwardingClientCallListener.onClose(ForwardingClientCallListener.java:23)
	at com.alibaba.nacos.shaded.io.grpc.ForwardingClientCallListener$SimpleForwardingClientCallListener.onClose(ForwardingClientCallListener.java:40)
	at com.alibaba.nacos.shaded.io.grpc.internal.CensusTracingModule$TracingClientInterceptor$1$1.onClose(CensusTracingModule.java:399)
	at com.alibaba.nacos.shaded.io.grpc.internal.ClientCallImpl.closeObserver(ClientCallImpl.java:510)
	at com.alibaba.nacos.shaded.io.grpc.internal.ClientCallImpl.access$300(ClientCallImpl.java:66)
	at com.alibaba.nacos.shaded.io.grpc.internal.ClientCallImpl$ClientStreamListenerImpl.close(ClientCallImpl.java:630)
	at com.alibaba.nacos.shaded.io.grpc.internal.ClientCallImpl$ClientStreamListenerImpl.access$700(ClientCallImpl.java:518)
	at com.alibaba.nacos.shaded.io.grpc.internal.ClientCallImpl$ClientStreamListenerImpl$1StreamClosed.runInternal(ClientCallImpl.java:692)
	at com.alibaba.nacos.shaded.io.grpc.internal.ClientCallImpl$ClientStreamListenerImpl$1StreamClosed.runInContext(ClientCallImpl.java:681)
	at com.alibaba.nacos.shaded.io.grpc.internal.ContextRunnable.run(ContextRunnable.java:37)
	at com.alibaba.nacos.shaded.io.grpc.internal.SerializingExecutor.run(SerializingExecutor.java:123)
	... 3 common frames omitted
Caused by: com.alibaba.nacos.shaded.io.grpc.netty.shaded.io.netty.channel.AbstractChannel$AnnotatedConnectException: Connection refused: no further information: /127.0.0.1:9848
Caused by: java.net.ConnectException: Connection refused: no further information
	at java.base/sun.nio.ch.Net.pollConnect(Native Method)
	at java.base/sun.nio.ch.Net.pollConnectNow(Net.java:672)
	at java.base/sun.nio.ch.SocketChannelImpl.finishConnect(SocketChannelImpl.java:973)
	at com.alibaba.nacos.shaded.io.grpc.netty.shaded.io.netty.channel.socket.nio.NioSocketChannel.doFinishConnect(NioSocketChannel.java:327)
	at com.alibaba.nacos.shaded.io.grpc.netty.shaded.io.netty.channel.nio.AbstractNioChannel$AbstractNioUnsafe.finishConnect(AbstractNioChannel.java:336)
	at com.alibaba.nacos.shaded.io.grpc.netty.shaded.io.netty.channel.nio.NioEventLoop.processSelectedKey(NioEventLoop.java:685)
	at com.alibaba.nacos.shaded.io.grpc.netty.shaded.io.netty.channel.nio.NioEventLoop.processSelectedKeysOptimized(NioEventLoop.java:632)
	at com.alibaba.nacos.shaded.io.grpc.netty.shaded.io.netty.channel.nio.NioEventLoop.processSelectedKeys(NioEventLoop.java:549)
	at com.alibaba.nacos.shaded.io.grpc.netty.shaded.io.netty.channel.nio.NioEventLoop.run(NioEventLoop.java:511)
	at com.alibaba.nacos.shaded.io.grpc.netty.shaded.io.netty.util.concurrent.SingleThreadEventExecutor$5.run(SingleThreadEventExecutor.java:918)
	at com.alibaba.nacos.shaded.io.grpc.netty.shaded.io.netty.util.internal.ThreadExecutorMap$2.run(ThreadExecutorMap.java:74)
	at com.alibaba.nacos.shaded.io.grpc.netty.shaded.io.netty.util.concurrent.FastThreadLocalRunnable.run(FastThreadLocalRunnable.java:30)
	at java.base/java.lang.Thread.run(Thread.java:1589)
2025-09-19 15:13:10.337  INFO  [com.alibaba.nacos.client.remote.worker] c.a.n.c.r.client - [163007b4-b646-410a-bc60-e39b7011f5a8] Fail to connect server, after trying 11 times, last try server is {serverIp = '127.0.0.1', server main port = 8848}, error = unknown
2025-09-19 15:13:10.730  ERROR [com.alibaba.nacos.client.remote.worker] c.a.n.c.r.c.g.GrpcClient - Server check fail, please check server 127.0.0.1 ,port 9848 is available , error ={}
java.util.concurrent.ExecutionException: com.alibaba.nacos.shaded.io.grpc.StatusRuntimeException: UNAVAILABLE: io exception
	at com.alibaba.nacos.shaded.com.google.common.util.concurrent.AbstractFuture.getDoneValue(AbstractFuture.java:566)
	at com.alibaba.nacos.shaded.com.google.common.util.concurrent.AbstractFuture.get(AbstractFuture.java:445)
	at com.alibaba.nacos.common.remote.client.grpc.GrpcClient.serverCheck(GrpcClient.java:148)
	at com.alibaba.nacos.common.remote.client.grpc.GrpcClient.connectToServer(GrpcClient.java:264)
	at com.alibaba.nacos.common.remote.client.RpcClient.reconnect(RpcClient.java:522)
	at com.alibaba.nacos.common.remote.client.RpcClient.lambda$start$2(RpcClient.java:370)
	at java.base/java.util.concurrent.Executors$RunnableAdapter.call(Executors.java:577)
	at java.base/java.util.concurrent.FutureTask.run(FutureTask.java:317)
	at java.base/java.util.concurrent.ScheduledThreadPoolExecutor$ScheduledFutureTask.run(ScheduledThreadPoolExecutor.java:304)
	at java.base/java.util.concurrent.ThreadPoolExecutor.runWorker(ThreadPoolExecutor.java:1144)
	at java.base/java.util.concurrent.ThreadPoolExecutor$Worker.run(ThreadPoolExecutor.java:642)
	at java.base/java.lang.Thread.run(Thread.java:1589)
Caused by: com.alibaba.nacos.shaded.io.grpc.StatusRuntimeException: UNAVAILABLE: io exception
	at com.alibaba.nacos.shaded.io.grpc.Status.asRuntimeException(Status.java:533)
	at com.alibaba.nacos.shaded.io.grpc.stub.ClientCalls$UnaryStreamToFuture.onClose(ClientCalls.java:490)
	at com.alibaba.nacos.shaded.io.grpc.PartialForwardingClientCallListener.onClose(PartialForwardingClientCallListener.java:39)
	at com.alibaba.nacos.shaded.io.grpc.ForwardingClientCallListener.onClose(ForwardingClientCallListener.java:23)
	at com.alibaba.nacos.shaded.io.grpc.ForwardingClientCallListener$SimpleForwardingClientCallListener.onClose(ForwardingClientCallListener.java:40)
	at com.alibaba.nacos.shaded.io.grpc.internal.CensusStatsModule$StatsClientInterceptor$1$1.onClose(CensusStatsModule.java:700)
	at com.alibaba.nacos.shaded.io.grpc.PartialForwardingClientCallListener.onClose(PartialForwardingClientCallListener.java:39)
	at com.alibaba.nacos.shaded.io.grpc.ForwardingClientCallListener.onClose(ForwardingClientCallListener.java:23)
	at com.alibaba.nacos.shaded.io.grpc.ForwardingClientCallListener$SimpleForwardingClientCallListener.onClose(ForwardingClientCallListener.java:40)
	at com.alibaba.nacos.shaded.io.grpc.internal.CensusTracingModule$TracingClientInterceptor$1$1.onClose(CensusTracingModule.java:399)
	at com.alibaba.nacos.shaded.io.grpc.internal.ClientCallImpl.closeObserver(ClientCallImpl.java:510)
	at com.alibaba.nacos.shaded.io.grpc.internal.ClientCallImpl.access$300(ClientCallImpl.java:66)
	at com.alibaba.nacos.shaded.io.grpc.internal.ClientCallImpl$ClientStreamListenerImpl.close(ClientCallImpl.java:630)
	at com.alibaba.nacos.shaded.io.grpc.internal.ClientCallImpl$ClientStreamListenerImpl.access$700(ClientCallImpl.java:518)
	at com.alibaba.nacos.shaded.io.grpc.internal.ClientCallImpl$ClientStreamListenerImpl$1StreamClosed.runInternal(ClientCallImpl.java:692)
	at com.alibaba.nacos.shaded.io.grpc.internal.ClientCallImpl$ClientStreamListenerImpl$1StreamClosed.runInContext(ClientCallImpl.java:681)
	at com.alibaba.nacos.shaded.io.grpc.internal.ContextRunnable.run(ContextRunnable.java:37)
	at com.alibaba.nacos.shaded.io.grpc.internal.SerializingExecutor.run(SerializingExecutor.java:123)
	... 3 common frames omitted
Caused by: com.alibaba.nacos.shaded.io.grpc.netty.shaded.io.netty.channel.AbstractChannel$AnnotatedConnectException: Connection refused: no further information: /127.0.0.1:9848
Caused by: java.net.ConnectException: Connection refused: no further information
	at java.base/sun.nio.ch.Net.pollConnect(Native Method)
	at java.base/sun.nio.ch.Net.pollConnectNow(Net.java:672)
	at java.base/sun.nio.ch.SocketChannelImpl.finishConnect(SocketChannelImpl.java:973)
	at com.alibaba.nacos.shaded.io.grpc.netty.shaded.io.netty.channel.socket.nio.NioSocketChannel.doFinishConnect(NioSocketChannel.java:327)
	at com.alibaba.nacos.shaded.io.grpc.netty.shaded.io.netty.channel.nio.AbstractNioChannel$AbstractNioUnsafe.finishConnect(AbstractNioChannel.java:336)
	at com.alibaba.nacos.shaded.io.grpc.netty.shaded.io.netty.channel.nio.NioEventLoop.processSelectedKey(NioEventLoop.java:685)
	at com.alibaba.nacos.shaded.io.grpc.netty.shaded.io.netty.channel.nio.NioEventLoop.processSelectedKeysOptimized(NioEventLoop.java:632)
	at com.alibaba.nacos.shaded.io.grpc.netty.shaded.io.netty.channel.nio.NioEventLoop.processSelectedKeys(NioEventLoop.java:549)
	at com.alibaba.nacos.shaded.io.grpc.netty.shaded.io.netty.channel.nio.NioEventLoop.run(NioEventLoop.java:511)
	at com.alibaba.nacos.shaded.io.grpc.netty.shaded.io.netty.util.concurrent.SingleThreadEventExecutor$5.run(SingleThreadEventExecutor.java:918)
	at com.alibaba.nacos.shaded.io.grpc.netty.shaded.io.netty.util.internal.ThreadExecutorMap$2.run(ThreadExecutorMap.java:74)
	at com.alibaba.nacos.shaded.io.grpc.netty.shaded.io.netty.util.concurrent.FastThreadLocalRunnable.run(FastThreadLocalRunnable.java:30)
	at java.base/java.lang.Thread.run(Thread.java:1589)
2025-09-19 15:13:10.731  INFO  [com.alibaba.nacos.client.remote.worker] c.a.n.c.r.client - [6557a64c-d3e6-481c-b159-daeb774ca1a6_config-0] Fail to connect server, after trying 12 times, last try server is {serverIp = '127.0.0.1', server main port = 8848}, error = unknown
2025-09-19 15:13:11.542  ERROR [com.alibaba.nacos.client.remote.worker] c.a.n.c.r.c.g.GrpcClient - Server check fail, please check server 127.0.0.1 ,port 9848 is available , error ={}
java.util.concurrent.ExecutionException: com.alibaba.nacos.shaded.io.grpc.StatusRuntimeException: UNAVAILABLE: io exception
	at com.alibaba.nacos.shaded.com.google.common.util.concurrent.AbstractFuture.getDoneValue(AbstractFuture.java:566)
	at com.alibaba.nacos.shaded.com.google.common.util.concurrent.AbstractFuture.get(AbstractFuture.java:445)
	at com.alibaba.nacos.common.remote.client.grpc.GrpcClient.serverCheck(GrpcClient.java:148)
	at com.alibaba.nacos.common.remote.client.grpc.GrpcClient.connectToServer(GrpcClient.java:264)
	at com.alibaba.nacos.common.remote.client.RpcClient.reconnect(RpcClient.java:522)
	at com.alibaba.nacos.common.remote.client.RpcClient.lambda$start$2(RpcClient.java:370)
	at java.base/java.util.concurrent.Executors$RunnableAdapter.call(Executors.java:577)
	at java.base/java.util.concurrent.FutureTask.run(FutureTask.java:317)
	at java.base/java.util.concurrent.ScheduledThreadPoolExecutor$ScheduledFutureTask.run(ScheduledThreadPoolExecutor.java:304)
	at java.base/java.util.concurrent.ThreadPoolExecutor.runWorker(ThreadPoolExecutor.java:1144)
	at java.base/java.util.concurrent.ThreadPoolExecutor$Worker.run(ThreadPoolExecutor.java:642)
	at java.base/java.lang.Thread.run(Thread.java:1589)
Caused by: com.alibaba.nacos.shaded.io.grpc.StatusRuntimeException: UNAVAILABLE: io exception
	at com.alibaba.nacos.shaded.io.grpc.Status.asRuntimeException(Status.java:533)
	at com.alibaba.nacos.shaded.io.grpc.stub.ClientCalls$UnaryStreamToFuture.onClose(ClientCalls.java:490)
	at com.alibaba.nacos.shaded.io.grpc.PartialForwardingClientCallListener.onClose(PartialForwardingClientCallListener.java:39)
	at com.alibaba.nacos.shaded.io.grpc.ForwardingClientCallListener.onClose(ForwardingClientCallListener.java:23)
	at com.alibaba.nacos.shaded.io.grpc.ForwardingClientCallListener$SimpleForwardingClientCallListener.onClose(ForwardingClientCallListener.java:40)
	at com.alibaba.nacos.shaded.io.grpc.internal.CensusStatsModule$StatsClientInterceptor$1$1.onClose(CensusStatsModule.java:700)
	at com.alibaba.nacos.shaded.io.grpc.PartialForwardingClientCallListener.onClose(PartialForwardingClientCallListener.java:39)
	at com.alibaba.nacos.shaded.io.grpc.ForwardingClientCallListener.onClose(ForwardingClientCallListener.java:23)
	at com.alibaba.nacos.shaded.io.grpc.ForwardingClientCallListener$SimpleForwardingClientCallListener.onClose(ForwardingClientCallListener.java:40)
	at com.alibaba.nacos.shaded.io.grpc.internal.CensusTracingModule$TracingClientInterceptor$1$1.onClose(CensusTracingModule.java:399)
	at com.alibaba.nacos.shaded.io.grpc.internal.ClientCallImpl.closeObserver(ClientCallImpl.java:510)
	at com.alibaba.nacos.shaded.io.grpc.internal.ClientCallImpl.access$300(ClientCallImpl.java:66)
	at com.alibaba.nacos.shaded.io.grpc.internal.ClientCallImpl$ClientStreamListenerImpl.close(ClientCallImpl.java:630)
	at com.alibaba.nacos.shaded.io.grpc.internal.ClientCallImpl$ClientStreamListenerImpl.access$700(ClientCallImpl.java:518)
	at com.alibaba.nacos.shaded.io.grpc.internal.ClientCallImpl$ClientStreamListenerImpl$1StreamClosed.runInternal(ClientCallImpl.java:692)
	at com.alibaba.nacos.shaded.io.grpc.internal.ClientCallImpl$ClientStreamListenerImpl$1StreamClosed.runInContext(ClientCallImpl.java:681)
	at com.alibaba.nacos.shaded.io.grpc.internal.ContextRunnable.run(ContextRunnable.java:37)
	at com.alibaba.nacos.shaded.io.grpc.internal.SerializingExecutor.run(SerializingExecutor.java:123)
	... 3 common frames omitted
Caused by: com.alibaba.nacos.shaded.io.grpc.netty.shaded.io.netty.channel.AbstractChannel$AnnotatedConnectException: Connection refused: no further information: /127.0.0.1:9848
Caused by: java.net.ConnectException: Connection refused: no further information
	at java.base/sun.nio.ch.Net.pollConnect(Native Method)
	at java.base/sun.nio.ch.Net.pollConnectNow(Net.java:672)
	at java.base/sun.nio.ch.SocketChannelImpl.finishConnect(SocketChannelImpl.java:973)
	at com.alibaba.nacos.shaded.io.grpc.netty.shaded.io.netty.channel.socket.nio.NioSocketChannel.doFinishConnect(NioSocketChannel.java:327)
	at com.alibaba.nacos.shaded.io.grpc.netty.shaded.io.netty.channel.nio.AbstractNioChannel$AbstractNioUnsafe.finishConnect(AbstractNioChannel.java:336)
	at com.alibaba.nacos.shaded.io.grpc.netty.shaded.io.netty.channel.nio.NioEventLoop.processSelectedKey(NioEventLoop.java:685)
	at com.alibaba.nacos.shaded.io.grpc.netty.shaded.io.netty.channel.nio.NioEventLoop.processSelectedKeysOptimized(NioEventLoop.java:632)
	at com.alibaba.nacos.shaded.io.grpc.netty.shaded.io.netty.channel.nio.NioEventLoop.processSelectedKeys(NioEventLoop.java:549)
	at com.alibaba.nacos.shaded.io.grpc.netty.shaded.io.netty.channel.nio.NioEventLoop.run(NioEventLoop.java:511)
	at com.alibaba.nacos.shaded.io.grpc.netty.shaded.io.netty.util.concurrent.SingleThreadEventExecutor$5.run(SingleThreadEventExecutor.java:918)
	at com.alibaba.nacos.shaded.io.grpc.netty.shaded.io.netty.util.internal.ThreadExecutorMap$2.run(ThreadExecutorMap.java:74)
	at com.alibaba.nacos.shaded.io.grpc.netty.shaded.io.netty.util.concurrent.FastThreadLocalRunnable.run(FastThreadLocalRunnable.java:30)
	at java.base/java.lang.Thread.run(Thread.java:1589)
2025-09-19 15:13:11.543  INFO  [com.alibaba.nacos.client.remote.worker] c.a.n.c.r.client - [163007b4-b646-410a-bc60-e39b7011f5a8] Fail to connect server, after trying 12 times, last try server is {serverIp = '127.0.0.1', server main port = 8848}, error = unknown
2025-09-19 15:13:12.035  ERROR [com.alibaba.nacos.client.remote.worker] c.a.n.c.r.c.g.GrpcClient - Server check fail, please check server 127.0.0.1 ,port 9848 is available , error ={}
java.util.concurrent.ExecutionException: com.alibaba.nacos.shaded.io.grpc.StatusRuntimeException: UNAVAILABLE: io exception
	at com.alibaba.nacos.shaded.com.google.common.util.concurrent.AbstractFuture.getDoneValue(AbstractFuture.java:566)
	at com.alibaba.nacos.shaded.com.google.common.util.concurrent.AbstractFuture.get(AbstractFuture.java:445)
	at com.alibaba.nacos.common.remote.client.grpc.GrpcClient.serverCheck(GrpcClient.java:148)
	at com.alibaba.nacos.common.remote.client.grpc.GrpcClient.connectToServer(GrpcClient.java:264)
	at com.alibaba.nacos.common.remote.client.RpcClient.reconnect(RpcClient.java:522)
	at com.alibaba.nacos.common.remote.client.RpcClient.lambda$start$2(RpcClient.java:370)
	at java.base/java.util.concurrent.Executors$RunnableAdapter.call(Executors.java:577)
	at java.base/java.util.concurrent.FutureTask.run(FutureTask.java:317)
	at java.base/java.util.concurrent.ScheduledThreadPoolExecutor$ScheduledFutureTask.run(ScheduledThreadPoolExecutor.java:304)
	at java.base/java.util.concurrent.ThreadPoolExecutor.runWorker(ThreadPoolExecutor.java:1144)
	at java.base/java.util.concurrent.ThreadPoolExecutor$Worker.run(ThreadPoolExecutor.java:642)
	at java.base/java.lang.Thread.run(Thread.java:1589)
Caused by: com.alibaba.nacos.shaded.io.grpc.StatusRuntimeException: UNAVAILABLE: io exception
	at com.alibaba.nacos.shaded.io.grpc.Status.asRuntimeException(Status.java:533)
	at com.alibaba.nacos.shaded.io.grpc.stub.ClientCalls$UnaryStreamToFuture.onClose(ClientCalls.java:490)
	at com.alibaba.nacos.shaded.io.grpc.PartialForwardingClientCallListener.onClose(PartialForwardingClientCallListener.java:39)
	at com.alibaba.nacos.shaded.io.grpc.ForwardingClientCallListener.onClose(ForwardingClientCallListener.java:23)
	at com.alibaba.nacos.shaded.io.grpc.ForwardingClientCallListener$SimpleForwardingClientCallListener.onClose(ForwardingClientCallListener.java:40)
	at com.alibaba.nacos.shaded.io.grpc.internal.CensusStatsModule$StatsClientInterceptor$1$1.onClose(CensusStatsModule.java:700)
	at com.alibaba.nacos.shaded.io.grpc.PartialForwardingClientCallListener.onClose(PartialForwardingClientCallListener.java:39)
	at com.alibaba.nacos.shaded.io.grpc.ForwardingClientCallListener.onClose(ForwardingClientCallListener.java:23)
	at com.alibaba.nacos.shaded.io.grpc.ForwardingClientCallListener$SimpleForwardingClientCallListener.onClose(ForwardingClientCallListener.java:40)
	at com.alibaba.nacos.shaded.io.grpc.internal.CensusTracingModule$TracingClientInterceptor$1$1.onClose(CensusTracingModule.java:399)
	at com.alibaba.nacos.shaded.io.grpc.internal.ClientCallImpl.closeObserver(ClientCallImpl.java:510)
	at com.alibaba.nacos.shaded.io.grpc.internal.ClientCallImpl.access$300(ClientCallImpl.java:66)
	at com.alibaba.nacos.shaded.io.grpc.internal.ClientCallImpl$ClientStreamListenerImpl.close(ClientCallImpl.java:630)
	at com.alibaba.nacos.shaded.io.grpc.internal.ClientCallImpl$ClientStreamListenerImpl.access$700(ClientCallImpl.java:518)
	at com.alibaba.nacos.shaded.io.grpc.internal.ClientCallImpl$ClientStreamListenerImpl$1StreamClosed.runInternal(ClientCallImpl.java:692)
	at com.alibaba.nacos.shaded.io.grpc.internal.ClientCallImpl$ClientStreamListenerImpl$1StreamClosed.runInContext(ClientCallImpl.java:681)
	at com.alibaba.nacos.shaded.io.grpc.internal.ContextRunnable.run(ContextRunnable.java:37)
	at com.alibaba.nacos.shaded.io.grpc.internal.SerializingExecutor.run(SerializingExecutor.java:123)
	... 3 common frames omitted
Caused by: com.alibaba.nacos.shaded.io.grpc.netty.shaded.io.netty.channel.AbstractChannel$AnnotatedConnectException: Connection refused: no further information: /127.0.0.1:9848
Caused by: java.net.ConnectException: Connection refused: no further information
	at java.base/sun.nio.ch.Net.pollConnect(Native Method)
	at java.base/sun.nio.ch.Net.pollConnectNow(Net.java:672)
	at java.base/sun.nio.ch.SocketChannelImpl.finishConnect(SocketChannelImpl.java:973)
	at com.alibaba.nacos.shaded.io.grpc.netty.shaded.io.netty.channel.socket.nio.NioSocketChannel.doFinishConnect(NioSocketChannel.java:327)
	at com.alibaba.nacos.shaded.io.grpc.netty.shaded.io.netty.channel.nio.AbstractNioChannel$AbstractNioUnsafe.finishConnect(AbstractNioChannel.java:336)
	at com.alibaba.nacos.shaded.io.grpc.netty.shaded.io.netty.channel.nio.NioEventLoop.processSelectedKey(NioEventLoop.java:685)
	at com.alibaba.nacos.shaded.io.grpc.netty.shaded.io.netty.channel.nio.NioEventLoop.processSelectedKeysOptimized(NioEventLoop.java:632)
	at com.alibaba.nacos.shaded.io.grpc.netty.shaded.io.netty.channel.nio.NioEventLoop.processSelectedKeys(NioEventLoop.java:549)
	at com.alibaba.nacos.shaded.io.grpc.netty.shaded.io.netty.channel.nio.NioEventLoop.run(NioEventLoop.java:511)
	at com.alibaba.nacos.shaded.io.grpc.netty.shaded.io.netty.util.concurrent.SingleThreadEventExecutor$5.run(SingleThreadEventExecutor.java:918)
	at com.alibaba.nacos.shaded.io.grpc.netty.shaded.io.netty.util.internal.ThreadExecutorMap$2.run(ThreadExecutorMap.java:74)
	at com.alibaba.nacos.shaded.io.grpc.netty.shaded.io.netty.util.concurrent.FastThreadLocalRunnable.run(FastThreadLocalRunnable.java:30)
	at java.base/java.lang.Thread.run(Thread.java:1589)
2025-09-19 15:13:12.035  INFO  [com.alibaba.nacos.client.remote.worker] c.a.n.c.r.client - [6557a64c-d3e6-481c-b159-daeb774ca1a6_config-0] Fail to connect server, after trying 13 times, last try server is {serverIp = '127.0.0.1', server main port = 8848}, error = unknown
2025-09-19 15:13:12.847  ERROR [com.alibaba.nacos.client.remote.worker] c.a.n.c.r.c.g.GrpcClient - Server check fail, please check server 127.0.0.1 ,port 9848 is available , error ={}
java.util.concurrent.ExecutionException: com.alibaba.nacos.shaded.io.grpc.StatusRuntimeException: UNAVAILABLE: io exception
	at com.alibaba.nacos.shaded.com.google.common.util.concurrent.AbstractFuture.getDoneValue(AbstractFuture.java:566)
	at com.alibaba.nacos.shaded.com.google.common.util.concurrent.AbstractFuture.get(AbstractFuture.java:445)
	at com.alibaba.nacos.common.remote.client.grpc.GrpcClient.serverCheck(GrpcClient.java:148)
	at com.alibaba.nacos.common.remote.client.grpc.GrpcClient.connectToServer(GrpcClient.java:264)
	at com.alibaba.nacos.common.remote.client.RpcClient.reconnect(RpcClient.java:522)
	at com.alibaba.nacos.common.remote.client.RpcClient.lambda$start$2(RpcClient.java:370)
	at java.base/java.util.concurrent.Executors$RunnableAdapter.call(Executors.java:577)
	at java.base/java.util.concurrent.FutureTask.run(FutureTask.java:317)
	at java.base/java.util.concurrent.ScheduledThreadPoolExecutor$ScheduledFutureTask.run(ScheduledThreadPoolExecutor.java:304)
	at java.base/java.util.concurrent.ThreadPoolExecutor.runWorker(ThreadPoolExecutor.java:1144)
	at java.base/java.util.concurrent.ThreadPoolExecutor$Worker.run(ThreadPoolExecutor.java:642)
	at java.base/java.lang.Thread.run(Thread.java:1589)
Caused by: com.alibaba.nacos.shaded.io.grpc.StatusRuntimeException: UNAVAILABLE: io exception
	at com.alibaba.nacos.shaded.io.grpc.Status.asRuntimeException(Status.java:533)
	at com.alibaba.nacos.shaded.io.grpc.stub.ClientCalls$UnaryStreamToFuture.onClose(ClientCalls.java:490)
	at com.alibaba.nacos.shaded.io.grpc.PartialForwardingClientCallListener.onClose(PartialForwardingClientCallListener.java:39)
	at com.alibaba.nacos.shaded.io.grpc.ForwardingClientCallListener.onClose(ForwardingClientCallListener.java:23)
	at com.alibaba.nacos.shaded.io.grpc.ForwardingClientCallListener$SimpleForwardingClientCallListener.onClose(ForwardingClientCallListener.java:40)
	at com.alibaba.nacos.shaded.io.grpc.internal.CensusStatsModule$StatsClientInterceptor$1$1.onClose(CensusStatsModule.java:700)
	at com.alibaba.nacos.shaded.io.grpc.PartialForwardingClientCallListener.onClose(PartialForwardingClientCallListener.java:39)
	at com.alibaba.nacos.shaded.io.grpc.ForwardingClientCallListener.onClose(ForwardingClientCallListener.java:23)
	at com.alibaba.nacos.shaded.io.grpc.ForwardingClientCallListener$SimpleForwardingClientCallListener.onClose(ForwardingClientCallListener.java:40)
	at com.alibaba.nacos.shaded.io.grpc.internal.CensusTracingModule$TracingClientInterceptor$1$1.onClose(CensusTracingModule.java:399)
	at com.alibaba.nacos.shaded.io.grpc.internal.ClientCallImpl.closeObserver(ClientCallImpl.java:510)
	at com.alibaba.nacos.shaded.io.grpc.internal.ClientCallImpl.access$300(ClientCallImpl.java:66)
	at com.alibaba.nacos.shaded.io.grpc.internal.ClientCallImpl$ClientStreamListenerImpl.close(ClientCallImpl.java:630)
	at com.alibaba.nacos.shaded.io.grpc.internal.ClientCallImpl$ClientStreamListenerImpl.access$700(ClientCallImpl.java:518)
	at com.alibaba.nacos.shaded.io.grpc.internal.ClientCallImpl$ClientStreamListenerImpl$1StreamClosed.runInternal(ClientCallImpl.java:692)
	at com.alibaba.nacos.shaded.io.grpc.internal.ClientCallImpl$ClientStreamListenerImpl$1StreamClosed.runInContext(ClientCallImpl.java:681)
	at com.alibaba.nacos.shaded.io.grpc.internal.ContextRunnable.run(ContextRunnable.java:37)
	at com.alibaba.nacos.shaded.io.grpc.internal.SerializingExecutor.run(SerializingExecutor.java:123)
	... 3 common frames omitted
Caused by: com.alibaba.nacos.shaded.io.grpc.netty.shaded.io.netty.channel.AbstractChannel$AnnotatedConnectException: Connection refused: no further information: /127.0.0.1:9848
Caused by: java.net.ConnectException: Connection refused: no further information
	at java.base/sun.nio.ch.Net.pollConnect(Native Method)
	at java.base/sun.nio.ch.Net.pollConnectNow(Net.java:672)
	at java.base/sun.nio.ch.SocketChannelImpl.finishConnect(SocketChannelImpl.java:973)
	at com.alibaba.nacos.shaded.io.grpc.netty.shaded.io.netty.channel.socket.nio.NioSocketChannel.doFinishConnect(NioSocketChannel.java:327)
	at com.alibaba.nacos.shaded.io.grpc.netty.shaded.io.netty.channel.nio.AbstractNioChannel$AbstractNioUnsafe.finishConnect(AbstractNioChannel.java:336)
	at com.alibaba.nacos.shaded.io.grpc.netty.shaded.io.netty.channel.nio.NioEventLoop.processSelectedKey(NioEventLoop.java:685)
	at com.alibaba.nacos.shaded.io.grpc.netty.shaded.io.netty.channel.nio.NioEventLoop.processSelectedKeysOptimized(NioEventLoop.java:632)
	at com.alibaba.nacos.shaded.io.grpc.netty.shaded.io.netty.channel.nio.NioEventLoop.processSelectedKeys(NioEventLoop.java:549)
	at com.alibaba.nacos.shaded.io.grpc.netty.shaded.io.netty.channel.nio.NioEventLoop.run(NioEventLoop.java:511)
	at com.alibaba.nacos.shaded.io.grpc.netty.shaded.io.netty.util.concurrent.SingleThreadEventExecutor$5.run(SingleThreadEventExecutor.java:918)
	at com.alibaba.nacos.shaded.io.grpc.netty.shaded.io.netty.util.internal.ThreadExecutorMap$2.run(ThreadExecutorMap.java:74)
	at com.alibaba.nacos.shaded.io.grpc.netty.shaded.io.netty.util.concurrent.FastThreadLocalRunnable.run(FastThreadLocalRunnable.java:30)
	at java.base/java.lang.Thread.run(Thread.java:1589)
2025-09-19 15:13:12.847  INFO  [com.alibaba.nacos.client.remote.worker] c.a.n.c.r.client - [163007b4-b646-410a-bc60-e39b7011f5a8] Fail to connect server, after trying 13 times, last try server is {serverIp = '127.0.0.1', server main port = 8848}, error = unknown
2025-09-19 15:13:13.438  ERROR [com.alibaba.nacos.client.remote.worker] c.a.n.c.r.c.g.GrpcClient - Server check fail, please check server 127.0.0.1 ,port 9848 is available , error ={}
java.util.concurrent.ExecutionException: com.alibaba.nacos.shaded.io.grpc.StatusRuntimeException: UNAVAILABLE: io exception
	at com.alibaba.nacos.shaded.com.google.common.util.concurrent.AbstractFuture.getDoneValue(AbstractFuture.java:566)
	at com.alibaba.nacos.shaded.com.google.common.util.concurrent.AbstractFuture.get(AbstractFuture.java:445)
	at com.alibaba.nacos.common.remote.client.grpc.GrpcClient.serverCheck(GrpcClient.java:148)
	at com.alibaba.nacos.common.remote.client.grpc.GrpcClient.connectToServer(GrpcClient.java:264)
	at com.alibaba.nacos.common.remote.client.RpcClient.reconnect(RpcClient.java:522)
	at com.alibaba.nacos.common.remote.client.RpcClient.lambda$start$2(RpcClient.java:370)
	at java.base/java.util.concurrent.Executors$RunnableAdapter.call(Executors.java:577)
	at java.base/java.util.concurrent.FutureTask.run(FutureTask.java:317)
	at java.base/java.util.concurrent.ScheduledThreadPoolExecutor$ScheduledFutureTask.run(ScheduledThreadPoolExecutor.java:304)
	at java.base/java.util.concurrent.ThreadPoolExecutor.runWorker(ThreadPoolExecutor.java:1144)
	at java.base/java.util.concurrent.ThreadPoolExecutor$Worker.run(ThreadPoolExecutor.java:642)
	at java.base/java.lang.Thread.run(Thread.java:1589)
Caused by: com.alibaba.nacos.shaded.io.grpc.StatusRuntimeException: UNAVAILABLE: io exception
	at com.alibaba.nacos.shaded.io.grpc.Status.asRuntimeException(Status.java:533)
	at com.alibaba.nacos.shaded.io.grpc.stub.ClientCalls$UnaryStreamToFuture.onClose(ClientCalls.java:490)
	at com.alibaba.nacos.shaded.io.grpc.PartialForwardingClientCallListener.onClose(PartialForwardingClientCallListener.java:39)
	at com.alibaba.nacos.shaded.io.grpc.ForwardingClientCallListener.onClose(ForwardingClientCallListener.java:23)
	at com.alibaba.nacos.shaded.io.grpc.ForwardingClientCallListener$SimpleForwardingClientCallListener.onClose(ForwardingClientCallListener.java:40)
	at com.alibaba.nacos.shaded.io.grpc.internal.CensusStatsModule$StatsClientInterceptor$1$1.onClose(CensusStatsModule.java:700)
	at com.alibaba.nacos.shaded.io.grpc.PartialForwardingClientCallListener.onClose(PartialForwardingClientCallListener.java:39)
	at com.alibaba.nacos.shaded.io.grpc.ForwardingClientCallListener.onClose(ForwardingClientCallListener.java:23)
	at com.alibaba.nacos.shaded.io.grpc.ForwardingClientCallListener$SimpleForwardingClientCallListener.onClose(ForwardingClientCallListener.java:40)
	at com.alibaba.nacos.shaded.io.grpc.internal.CensusTracingModule$TracingClientInterceptor$1$1.onClose(CensusTracingModule.java:399)
	at com.alibaba.nacos.shaded.io.grpc.internal.ClientCallImpl.closeObserver(ClientCallImpl.java:510)
	at com.alibaba.nacos.shaded.io.grpc.internal.ClientCallImpl.access$300(ClientCallImpl.java:66)
	at com.alibaba.nacos.shaded.io.grpc.internal.ClientCallImpl$ClientStreamListenerImpl.close(ClientCallImpl.java:630)
	at com.alibaba.nacos.shaded.io.grpc.internal.ClientCallImpl$ClientStreamListenerImpl.access$700(ClientCallImpl.java:518)
	at com.alibaba.nacos.shaded.io.grpc.internal.ClientCallImpl$ClientStreamListenerImpl$1StreamClosed.runInternal(ClientCallImpl.java:692)
	at com.alibaba.nacos.shaded.io.grpc.internal.ClientCallImpl$ClientStreamListenerImpl$1StreamClosed.runInContext(ClientCallImpl.java:681)
	at com.alibaba.nacos.shaded.io.grpc.internal.ContextRunnable.run(ContextRunnable.java:37)
	at com.alibaba.nacos.shaded.io.grpc.internal.SerializingExecutor.run(SerializingExecutor.java:123)
	... 3 common frames omitted
Caused by: com.alibaba.nacos.shaded.io.grpc.netty.shaded.io.netty.channel.AbstractChannel$AnnotatedConnectException: Connection refused: no further information: /127.0.0.1:9848
Caused by: java.net.ConnectException: Connection refused: no further information
	at java.base/sun.nio.ch.Net.pollConnect(Native Method)
	at java.base/sun.nio.ch.Net.pollConnectNow(Net.java:672)
	at java.base/sun.nio.ch.SocketChannelImpl.finishConnect(SocketChannelImpl.java:973)
	at com.alibaba.nacos.shaded.io.grpc.netty.shaded.io.netty.channel.socket.nio.NioSocketChannel.doFinishConnect(NioSocketChannel.java:327)
	at com.alibaba.nacos.shaded.io.grpc.netty.shaded.io.netty.channel.nio.AbstractNioChannel$AbstractNioUnsafe.finishConnect(AbstractNioChannel.java:336)
	at com.alibaba.nacos.shaded.io.grpc.netty.shaded.io.netty.channel.nio.NioEventLoop.processSelectedKey(NioEventLoop.java:685)
	at com.alibaba.nacos.shaded.io.grpc.netty.shaded.io.netty.channel.nio.NioEventLoop.processSelectedKeysOptimized(NioEventLoop.java:632)
	at com.alibaba.nacos.shaded.io.grpc.netty.shaded.io.netty.channel.nio.NioEventLoop.processSelectedKeys(NioEventLoop.java:549)
	at com.alibaba.nacos.shaded.io.grpc.netty.shaded.io.netty.channel.nio.NioEventLoop.run(NioEventLoop.java:511)
	at com.alibaba.nacos.shaded.io.grpc.netty.shaded.io.netty.util.concurrent.SingleThreadEventExecutor$5.run(SingleThreadEventExecutor.java:918)
	at com.alibaba.nacos.shaded.io.grpc.netty.shaded.io.netty.util.internal.ThreadExecutorMap$2.run(ThreadExecutorMap.java:74)
	at com.alibaba.nacos.shaded.io.grpc.netty.shaded.io.netty.util.concurrent.FastThreadLocalRunnable.run(FastThreadLocalRunnable.java:30)
	at java.base/java.lang.Thread.run(Thread.java:1589)
2025-09-19 15:13:13.439  INFO  [com.alibaba.nacos.client.remote.worker] c.a.n.c.r.client - [6557a64c-d3e6-481c-b159-daeb774ca1a6_config-0] Fail to connect server, after trying 14 times, last try server is {serverIp = '127.0.0.1', server main port = 8848}, error = unknown
2025-09-19 15:13:14.104  ERROR [com.alibaba.nacos.client.Worker] c.a.n.c.r.client - Send request fail, request = ConfigBatchListenRequest{headers={charset=UTF-8, Client-AppName=unknown, Client-RequestToken=6f1df3e61c3e634bc605eed97f173389, Client-RequestTS=1758265994002, exConfigInfo=true, Timestamp=1758265994002}, requestId='null'}, retryTimes = 0, errorMessage = Client not connected, current status:STARTING
2025-09-19 15:13:14.205  ERROR [com.alibaba.nacos.client.Worker] c.a.n.c.r.client - Send request fail, request = ConfigBatchListenRequest{headers={charset=UTF-8, Client-AppName=unknown, Client-RequestToken=6f1df3e61c3e634bc605eed97f173389, Client-RequestTS=1758265994002, exConfigInfo=true, Timestamp=1758265994002}, requestId='null'}, retryTimes = 1, errorMessage = Client not connected, current status:STARTING
2025-09-19 15:13:14.250  ERROR [com.alibaba.nacos.client.remote.worker] c.a.n.c.r.c.g.GrpcClient - Server check fail, please check server 127.0.0.1 ,port 9848 is available , error ={}
java.util.concurrent.ExecutionException: com.alibaba.nacos.shaded.io.grpc.StatusRuntimeException: UNAVAILABLE: io exception
	at com.alibaba.nacos.shaded.com.google.common.util.concurrent.AbstractFuture.getDoneValue(AbstractFuture.java:566)
	at com.alibaba.nacos.shaded.com.google.common.util.concurrent.AbstractFuture.get(AbstractFuture.java:445)
	at com.alibaba.nacos.common.remote.client.grpc.GrpcClient.serverCheck(GrpcClient.java:148)
	at com.alibaba.nacos.common.remote.client.grpc.GrpcClient.connectToServer(GrpcClient.java:264)
	at com.alibaba.nacos.common.remote.client.RpcClient.reconnect(RpcClient.java:522)
	at com.alibaba.nacos.common.remote.client.RpcClient.lambda$start$2(RpcClient.java:370)
	at java.base/java.util.concurrent.Executors$RunnableAdapter.call(Executors.java:577)
	at java.base/java.util.concurrent.FutureTask.run(FutureTask.java:317)
	at java.base/java.util.concurrent.ScheduledThreadPoolExecutor$ScheduledFutureTask.run(ScheduledThreadPoolExecutor.java:304)
	at java.base/java.util.concurrent.ThreadPoolExecutor.runWorker(ThreadPoolExecutor.java:1144)
	at java.base/java.util.concurrent.ThreadPoolExecutor$Worker.run(ThreadPoolExecutor.java:642)
	at java.base/java.lang.Thread.run(Thread.java:1589)
Caused by: com.alibaba.nacos.shaded.io.grpc.StatusRuntimeException: UNAVAILABLE: io exception
	at com.alibaba.nacos.shaded.io.grpc.Status.asRuntimeException(Status.java:533)
	at com.alibaba.nacos.shaded.io.grpc.stub.ClientCalls$UnaryStreamToFuture.onClose(ClientCalls.java:490)
	at com.alibaba.nacos.shaded.io.grpc.PartialForwardingClientCallListener.onClose(PartialForwardingClientCallListener.java:39)
	at com.alibaba.nacos.shaded.io.grpc.ForwardingClientCallListener.onClose(ForwardingClientCallListener.java:23)
	at com.alibaba.nacos.shaded.io.grpc.ForwardingClientCallListener$SimpleForwardingClientCallListener.onClose(ForwardingClientCallListener.java:40)
	at com.alibaba.nacos.shaded.io.grpc.internal.CensusStatsModule$StatsClientInterceptor$1$1.onClose(CensusStatsModule.java:700)
	at com.alibaba.nacos.shaded.io.grpc.PartialForwardingClientCallListener.onClose(PartialForwardingClientCallListener.java:39)
	at com.alibaba.nacos.shaded.io.grpc.ForwardingClientCallListener.onClose(ForwardingClientCallListener.java:23)
	at com.alibaba.nacos.shaded.io.grpc.ForwardingClientCallListener$SimpleForwardingClientCallListener.onClose(ForwardingClientCallListener.java:40)
	at com.alibaba.nacos.shaded.io.grpc.internal.CensusTracingModule$TracingClientInterceptor$1$1.onClose(CensusTracingModule.java:399)
	at com.alibaba.nacos.shaded.io.grpc.internal.ClientCallImpl.closeObserver(ClientCallImpl.java:510)
	at com.alibaba.nacos.shaded.io.grpc.internal.ClientCallImpl.access$300(ClientCallImpl.java:66)
	at com.alibaba.nacos.shaded.io.grpc.internal.ClientCallImpl$ClientStreamListenerImpl.close(ClientCallImpl.java:630)
	at com.alibaba.nacos.shaded.io.grpc.internal.ClientCallImpl$ClientStreamListenerImpl.access$700(ClientCallImpl.java:518)
	at com.alibaba.nacos.shaded.io.grpc.internal.ClientCallImpl$ClientStreamListenerImpl$1StreamClosed.runInternal(ClientCallImpl.java:692)
	at com.alibaba.nacos.shaded.io.grpc.internal.ClientCallImpl$ClientStreamListenerImpl$1StreamClosed.runInContext(ClientCallImpl.java:681)
	at com.alibaba.nacos.shaded.io.grpc.internal.ContextRunnable.run(ContextRunnable.java:37)
	at com.alibaba.nacos.shaded.io.grpc.internal.SerializingExecutor.run(SerializingExecutor.java:123)
	... 3 common frames omitted
Caused by: com.alibaba.nacos.shaded.io.grpc.netty.shaded.io.netty.channel.AbstractChannel$AnnotatedConnectException: Connection refused: no further information: /127.0.0.1:9848
Caused by: java.net.ConnectException: Connection refused: no further information
	at java.base/sun.nio.ch.Net.pollConnect(Native Method)
	at java.base/sun.nio.ch.Net.pollConnectNow(Net.java:672)
	at java.base/sun.nio.ch.SocketChannelImpl.finishConnect(SocketChannelImpl.java:973)
	at com.alibaba.nacos.shaded.io.grpc.netty.shaded.io.netty.channel.socket.nio.NioSocketChannel.doFinishConnect(NioSocketChannel.java:327)
	at com.alibaba.nacos.shaded.io.grpc.netty.shaded.io.netty.channel.nio.AbstractNioChannel$AbstractNioUnsafe.finishConnect(AbstractNioChannel.java:336)
	at com.alibaba.nacos.shaded.io.grpc.netty.shaded.io.netty.channel.nio.NioEventLoop.processSelectedKey(NioEventLoop.java:685)
	at com.alibaba.nacos.shaded.io.grpc.netty.shaded.io.netty.channel.nio.NioEventLoop.processSelectedKeysOptimized(NioEventLoop.java:632)
	at com.alibaba.nacos.shaded.io.grpc.netty.shaded.io.netty.channel.nio.NioEventLoop.processSelectedKeys(NioEventLoop.java:549)
	at com.alibaba.nacos.shaded.io.grpc.netty.shaded.io.netty.channel.nio.NioEventLoop.run(NioEventLoop.java:511)
	at com.alibaba.nacos.shaded.io.grpc.netty.shaded.io.netty.util.concurrent.SingleThreadEventExecutor$5.run(SingleThreadEventExecutor.java:918)
	at com.alibaba.nacos.shaded.io.grpc.netty.shaded.io.netty.util.internal.ThreadExecutorMap$2.run(ThreadExecutorMap.java:74)
	at com.alibaba.nacos.shaded.io.grpc.netty.shaded.io.netty.util.concurrent.FastThreadLocalRunnable.run(FastThreadLocalRunnable.java:30)
	at java.base/java.lang.Thread.run(Thread.java:1589)
2025-09-19 15:13:14.251  INFO  [com.alibaba.nacos.client.remote.worker] c.a.n.c.r.client - [163007b4-b646-410a-bc60-e39b7011f5a8] Fail to connect server, after trying 14 times, last try server is {serverIp = '127.0.0.1', server main port = 8848}, error = unknown
2025-09-19 15:13:14.306  ERROR [com.alibaba.nacos.client.Worker] c.a.n.c.r.client - Send request fail, request = ConfigBatchListenRequest{headers={charset=UTF-8, Client-AppName=unknown, Client-RequestToken=6f1df3e61c3e634bc605eed97f173389, Client-RequestTS=1758265994002, exConfigInfo=true, Timestamp=1758265994002}, requestId='null'}, retryTimes = 2, errorMessage = Client not connected, current status:STARTING
2025-09-19 15:13:14.944  ERROR [com.alibaba.nacos.client.remote.worker] c.a.n.c.r.c.g.GrpcClient - Server check fail, please check server 127.0.0.1 ,port 9848 is available , error ={}
java.util.concurrent.ExecutionException: com.alibaba.nacos.shaded.io.grpc.StatusRuntimeException: UNAVAILABLE: io exception
	at com.alibaba.nacos.shaded.com.google.common.util.concurrent.AbstractFuture.getDoneValue(AbstractFuture.java:566)
	at com.alibaba.nacos.shaded.com.google.common.util.concurrent.AbstractFuture.get(AbstractFuture.java:445)
	at com.alibaba.nacos.common.remote.client.grpc.GrpcClient.serverCheck(GrpcClient.java:148)
	at com.alibaba.nacos.common.remote.client.grpc.GrpcClient.connectToServer(GrpcClient.java:264)
	at com.alibaba.nacos.common.remote.client.RpcClient.reconnect(RpcClient.java:522)
	at com.alibaba.nacos.common.remote.client.RpcClient.lambda$start$2(RpcClient.java:370)
	at java.base/java.util.concurrent.Executors$RunnableAdapter.call(Executors.java:577)
	at java.base/java.util.concurrent.FutureTask.run(FutureTask.java:317)
	at java.base/java.util.concurrent.ScheduledThreadPoolExecutor$ScheduledFutureTask.run(ScheduledThreadPoolExecutor.java:304)
	at java.base/java.util.concurrent.ThreadPoolExecutor.runWorker(ThreadPoolExecutor.java:1144)
	at java.base/java.util.concurrent.ThreadPoolExecutor$Worker.run(ThreadPoolExecutor.java:642)
	at java.base/java.lang.Thread.run(Thread.java:1589)
Caused by: com.alibaba.nacos.shaded.io.grpc.StatusRuntimeException: UNAVAILABLE: io exception
	at com.alibaba.nacos.shaded.io.grpc.Status.asRuntimeException(Status.java:533)
	at com.alibaba.nacos.shaded.io.grpc.stub.ClientCalls$UnaryStreamToFuture.onClose(ClientCalls.java:490)
	at com.alibaba.nacos.shaded.io.grpc.PartialForwardingClientCallListener.onClose(PartialForwardingClientCallListener.java:39)
	at com.alibaba.nacos.shaded.io.grpc.ForwardingClientCallListener.onClose(ForwardingClientCallListener.java:23)
	at com.alibaba.nacos.shaded.io.grpc.ForwardingClientCallListener$SimpleForwardingClientCallListener.onClose(ForwardingClientCallListener.java:40)
	at com.alibaba.nacos.shaded.io.grpc.internal.CensusStatsModule$StatsClientInterceptor$1$1.onClose(CensusStatsModule.java:700)
	at com.alibaba.nacos.shaded.io.grpc.PartialForwardingClientCallListener.onClose(PartialForwardingClientCallListener.java:39)
	at com.alibaba.nacos.shaded.io.grpc.ForwardingClientCallListener.onClose(ForwardingClientCallListener.java:23)
	at com.alibaba.nacos.shaded.io.grpc.ForwardingClientCallListener$SimpleForwardingClientCallListener.onClose(ForwardingClientCallListener.java:40)
	at com.alibaba.nacos.shaded.io.grpc.internal.CensusTracingModule$TracingClientInterceptor$1$1.onClose(CensusTracingModule.java:399)
	at com.alibaba.nacos.shaded.io.grpc.internal.ClientCallImpl.closeObserver(ClientCallImpl.java:510)
	at com.alibaba.nacos.shaded.io.grpc.internal.ClientCallImpl.access$300(ClientCallImpl.java:66)
	at com.alibaba.nacos.shaded.io.grpc.internal.ClientCallImpl$ClientStreamListenerImpl.close(ClientCallImpl.java:630)
	at com.alibaba.nacos.shaded.io.grpc.internal.ClientCallImpl$ClientStreamListenerImpl.access$700(ClientCallImpl.java:518)
	at com.alibaba.nacos.shaded.io.grpc.internal.ClientCallImpl$ClientStreamListenerImpl$1StreamClosed.runInternal(ClientCallImpl.java:692)
	at com.alibaba.nacos.shaded.io.grpc.internal.ClientCallImpl$ClientStreamListenerImpl$1StreamClosed.runInContext(ClientCallImpl.java:681)
	at com.alibaba.nacos.shaded.io.grpc.internal.ContextRunnable.run(ContextRunnable.java:37)
	at com.alibaba.nacos.shaded.io.grpc.internal.SerializingExecutor.run(SerializingExecutor.java:123)
	... 3 common frames omitted
Caused by: com.alibaba.nacos.shaded.io.grpc.netty.shaded.io.netty.channel.AbstractChannel$AnnotatedConnectException: Connection refused: no further information: /127.0.0.1:9848
Caused by: java.net.ConnectException: Connection refused: no further information
	at java.base/sun.nio.ch.Net.pollConnect(Native Method)
	at java.base/sun.nio.ch.Net.pollConnectNow(Net.java:672)
	at java.base/sun.nio.ch.SocketChannelImpl.finishConnect(SocketChannelImpl.java:973)
	at com.alibaba.nacos.shaded.io.grpc.netty.shaded.io.netty.channel.socket.nio.NioSocketChannel.doFinishConnect(NioSocketChannel.java:327)
	at com.alibaba.nacos.shaded.io.grpc.netty.shaded.io.netty.channel.nio.AbstractNioChannel$AbstractNioUnsafe.finishConnect(AbstractNioChannel.java:336)
	at com.alibaba.nacos.shaded.io.grpc.netty.shaded.io.netty.channel.nio.NioEventLoop.processSelectedKey(NioEventLoop.java:685)
	at com.alibaba.nacos.shaded.io.grpc.netty.shaded.io.netty.channel.nio.NioEventLoop.processSelectedKeysOptimized(NioEventLoop.java:632)
	at com.alibaba.nacos.shaded.io.grpc.netty.shaded.io.netty.channel.nio.NioEventLoop.processSelectedKeys(NioEventLoop.java:549)
	at com.alibaba.nacos.shaded.io.grpc.netty.shaded.io.netty.channel.nio.NioEventLoop.run(NioEventLoop.java:511)
	at com.alibaba.nacos.shaded.io.grpc.netty.shaded.io.netty.util.concurrent.SingleThreadEventExecutor$5.run(SingleThreadEventExecutor.java:918)
	at com.alibaba.nacos.shaded.io.grpc.netty.shaded.io.netty.util.internal.ThreadExecutorMap$2.run(ThreadExecutorMap.java:74)
	at com.alibaba.nacos.shaded.io.grpc.netty.shaded.io.netty.util.concurrent.FastThreadLocalRunnable.run(FastThreadLocalRunnable.java:30)
	at java.base/java.lang.Thread.run(Thread.java:1589)
2025-09-19 15:13:14.946  INFO  [com.alibaba.nacos.client.remote.worker] c.a.n.c.r.client - [6557a64c-d3e6-481c-b159-daeb774ca1a6_config-0] Fail to connect server, after trying 15 times, last try server is {serverIp = '127.0.0.1', server main port = 8848}, error = unknown
2025-09-19 15:13:15.754  ERROR [com.alibaba.nacos.client.remote.worker] c.a.n.c.r.c.g.GrpcClient - Server check fail, please check server 127.0.0.1 ,port 9848 is available , error ={}
java.util.concurrent.ExecutionException: com.alibaba.nacos.shaded.io.grpc.StatusRuntimeException: UNAVAILABLE: io exception
	at com.alibaba.nacos.shaded.com.google.common.util.concurrent.AbstractFuture.getDoneValue(AbstractFuture.java:566)
	at com.alibaba.nacos.shaded.com.google.common.util.concurrent.AbstractFuture.get(AbstractFuture.java:445)
	at com.alibaba.nacos.common.remote.client.grpc.GrpcClient.serverCheck(GrpcClient.java:148)
	at com.alibaba.nacos.common.remote.client.grpc.GrpcClient.connectToServer(GrpcClient.java:264)
	at com.alibaba.nacos.common.remote.client.RpcClient.reconnect(RpcClient.java:522)
	at com.alibaba.nacos.common.remote.client.RpcClient.lambda$start$2(RpcClient.java:370)
	at java.base/java.util.concurrent.Executors$RunnableAdapter.call(Executors.java:577)
	at java.base/java.util.concurrent.FutureTask.run(FutureTask.java:317)
	at java.base/java.util.concurrent.ScheduledThreadPoolExecutor$ScheduledFutureTask.run(ScheduledThreadPoolExecutor.java:304)
	at java.base/java.util.concurrent.ThreadPoolExecutor.runWorker(ThreadPoolExecutor.java:1144)
	at java.base/java.util.concurrent.ThreadPoolExecutor$Worker.run(ThreadPoolExecutor.java:642)
	at java.base/java.lang.Thread.run(Thread.java:1589)
Caused by: com.alibaba.nacos.shaded.io.grpc.StatusRuntimeException: UNAVAILABLE: io exception
	at com.alibaba.nacos.shaded.io.grpc.Status.asRuntimeException(Status.java:533)
	at com.alibaba.nacos.shaded.io.grpc.stub.ClientCalls$UnaryStreamToFuture.onClose(ClientCalls.java:490)
	at com.alibaba.nacos.shaded.io.grpc.PartialForwardingClientCallListener.onClose(PartialForwardingClientCallListener.java:39)
	at com.alibaba.nacos.shaded.io.grpc.ForwardingClientCallListener.onClose(ForwardingClientCallListener.java:23)
	at com.alibaba.nacos.shaded.io.grpc.ForwardingClientCallListener$SimpleForwardingClientCallListener.onClose(ForwardingClientCallListener.java:40)
	at com.alibaba.nacos.shaded.io.grpc.internal.CensusStatsModule$StatsClientInterceptor$1$1.onClose(CensusStatsModule.java:700)
	at com.alibaba.nacos.shaded.io.grpc.PartialForwardingClientCallListener.onClose(PartialForwardingClientCallListener.java:39)
	at com.alibaba.nacos.shaded.io.grpc.ForwardingClientCallListener.onClose(ForwardingClientCallListener.java:23)
	at com.alibaba.nacos.shaded.io.grpc.ForwardingClientCallListener$SimpleForwardingClientCallListener.onClose(ForwardingClientCallListener.java:40)
	at com.alibaba.nacos.shaded.io.grpc.internal.CensusTracingModule$TracingClientInterceptor$1$1.onClose(CensusTracingModule.java:399)
	at com.alibaba.nacos.shaded.io.grpc.internal.ClientCallImpl.closeObserver(ClientCallImpl.java:510)
	at com.alibaba.nacos.shaded.io.grpc.internal.ClientCallImpl.access$300(ClientCallImpl.java:66)
	at com.alibaba.nacos.shaded.io.grpc.internal.ClientCallImpl$ClientStreamListenerImpl.close(ClientCallImpl.java:630)
	at com.alibaba.nacos.shaded.io.grpc.internal.ClientCallImpl$ClientStreamListenerImpl.access$700(ClientCallImpl.java:518)
	at com.alibaba.nacos.shaded.io.grpc.internal.ClientCallImpl$ClientStreamListenerImpl$1StreamClosed.runInternal(ClientCallImpl.java:692)
	at com.alibaba.nacos.shaded.io.grpc.internal.ClientCallImpl$ClientStreamListenerImpl$1StreamClosed.runInContext(ClientCallImpl.java:681)
	at com.alibaba.nacos.shaded.io.grpc.internal.ContextRunnable.run(ContextRunnable.java:37)
	at com.alibaba.nacos.shaded.io.grpc.internal.SerializingExecutor.run(SerializingExecutor.java:123)
	... 3 common frames omitted
Caused by: com.alibaba.nacos.shaded.io.grpc.netty.shaded.io.netty.channel.AbstractChannel$AnnotatedConnectException: Connection refused: no further information: /127.0.0.1:9848
Caused by: java.net.ConnectException: Connection refused: no further information
	at java.base/sun.nio.ch.Net.pollConnect(Native Method)
	at java.base/sun.nio.ch.Net.pollConnectNow(Net.java:672)
	at java.base/sun.nio.ch.SocketChannelImpl.finishConnect(SocketChannelImpl.java:973)
	at com.alibaba.nacos.shaded.io.grpc.netty.shaded.io.netty.channel.socket.nio.NioSocketChannel.doFinishConnect(NioSocketChannel.java:327)
	at com.alibaba.nacos.shaded.io.grpc.netty.shaded.io.netty.channel.nio.AbstractNioChannel$AbstractNioUnsafe.finishConnect(AbstractNioChannel.java:336)
	at com.alibaba.nacos.shaded.io.grpc.netty.shaded.io.netty.channel.nio.NioEventLoop.processSelectedKey(NioEventLoop.java:685)
	at com.alibaba.nacos.shaded.io.grpc.netty.shaded.io.netty.channel.nio.NioEventLoop.processSelectedKeysOptimized(NioEventLoop.java:632)
	at com.alibaba.nacos.shaded.io.grpc.netty.shaded.io.netty.channel.nio.NioEventLoop.processSelectedKeys(NioEventLoop.java:549)
	at com.alibaba.nacos.shaded.io.grpc.netty.shaded.io.netty.channel.nio.NioEventLoop.run(NioEventLoop.java:511)
	at com.alibaba.nacos.shaded.io.grpc.netty.shaded.io.netty.util.concurrent.SingleThreadEventExecutor$5.run(SingleThreadEventExecutor.java:918)
	at com.alibaba.nacos.shaded.io.grpc.netty.shaded.io.netty.util.internal.ThreadExecutorMap$2.run(ThreadExecutorMap.java:74)
	at com.alibaba.nacos.shaded.io.grpc.netty.shaded.io.netty.util.concurrent.FastThreadLocalRunnable.run(FastThreadLocalRunnable.java:30)
	at java.base/java.lang.Thread.run(Thread.java:1589)
2025-09-19 15:13:15.754  INFO  [com.alibaba.nacos.client.remote.worker] c.a.n.c.r.client - [163007b4-b646-410a-bc60-e39b7011f5a8] Fail to connect server, after trying 15 times, last try server is {serverIp = '127.0.0.1', server main port = 8848}, error = unknown
2025-09-19 15:13:16.548  ERROR [com.alibaba.nacos.client.remote.worker] c.a.n.c.r.c.g.GrpcClient - Server check fail, please check server 127.0.0.1 ,port 9848 is available , error ={}
java.util.concurrent.ExecutionException: com.alibaba.nacos.shaded.io.grpc.StatusRuntimeException: UNAVAILABLE: io exception
	at com.alibaba.nacos.shaded.com.google.common.util.concurrent.AbstractFuture.getDoneValue(AbstractFuture.java:566)
	at com.alibaba.nacos.shaded.com.google.common.util.concurrent.AbstractFuture.get(AbstractFuture.java:445)
	at com.alibaba.nacos.common.remote.client.grpc.GrpcClient.serverCheck(GrpcClient.java:148)
	at com.alibaba.nacos.common.remote.client.grpc.GrpcClient.connectToServer(GrpcClient.java:264)
	at com.alibaba.nacos.common.remote.client.RpcClient.reconnect(RpcClient.java:522)
	at com.alibaba.nacos.common.remote.client.RpcClient.lambda$start$2(RpcClient.java:370)
	at java.base/java.util.concurrent.Executors$RunnableAdapter.call(Executors.java:577)
	at java.base/java.util.concurrent.FutureTask.run(FutureTask.java:317)
	at java.base/java.util.concurrent.ScheduledThreadPoolExecutor$ScheduledFutureTask.run(ScheduledThreadPoolExecutor.java:304)
	at java.base/java.util.concurrent.ThreadPoolExecutor.runWorker(ThreadPoolExecutor.java:1144)
	at java.base/java.util.concurrent.ThreadPoolExecutor$Worker.run(ThreadPoolExecutor.java:642)
	at java.base/java.lang.Thread.run(Thread.java:1589)
Caused by: com.alibaba.nacos.shaded.io.grpc.StatusRuntimeException: UNAVAILABLE: io exception
	at com.alibaba.nacos.shaded.io.grpc.Status.asRuntimeException(Status.java:533)
	at com.alibaba.nacos.shaded.io.grpc.stub.ClientCalls$UnaryStreamToFuture.onClose(ClientCalls.java:490)
	at com.alibaba.nacos.shaded.io.grpc.PartialForwardingClientCallListener.onClose(PartialForwardingClientCallListener.java:39)
	at com.alibaba.nacos.shaded.io.grpc.ForwardingClientCallListener.onClose(ForwardingClientCallListener.java:23)
	at com.alibaba.nacos.shaded.io.grpc.ForwardingClientCallListener$SimpleForwardingClientCallListener.onClose(ForwardingClientCallListener.java:40)
	at com.alibaba.nacos.shaded.io.grpc.internal.CensusStatsModule$StatsClientInterceptor$1$1.onClose(CensusStatsModule.java:700)
	at com.alibaba.nacos.shaded.io.grpc.PartialForwardingClientCallListener.onClose(PartialForwardingClientCallListener.java:39)
	at com.alibaba.nacos.shaded.io.grpc.ForwardingClientCallListener.onClose(ForwardingClientCallListener.java:23)
	at com.alibaba.nacos.shaded.io.grpc.ForwardingClientCallListener$SimpleForwardingClientCallListener.onClose(ForwardingClientCallListener.java:40)
	at com.alibaba.nacos.shaded.io.grpc.internal.CensusTracingModule$TracingClientInterceptor$1$1.onClose(CensusTracingModule.java:399)
	at com.alibaba.nacos.shaded.io.grpc.internal.ClientCallImpl.closeObserver(ClientCallImpl.java:510)
	at com.alibaba.nacos.shaded.io.grpc.internal.ClientCallImpl.access$300(ClientCallImpl.java:66)
	at com.alibaba.nacos.shaded.io.grpc.internal.ClientCallImpl$ClientStreamListenerImpl.close(ClientCallImpl.java:630)
	at com.alibaba.nacos.shaded.io.grpc.internal.ClientCallImpl$ClientStreamListenerImpl.access$700(ClientCallImpl.java:518)
	at com.alibaba.nacos.shaded.io.grpc.internal.ClientCallImpl$ClientStreamListenerImpl$1StreamClosed.runInternal(ClientCallImpl.java:692)
	at com.alibaba.nacos.shaded.io.grpc.internal.ClientCallImpl$ClientStreamListenerImpl$1StreamClosed.runInContext(ClientCallImpl.java:681)
	at com.alibaba.nacos.shaded.io.grpc.internal.ContextRunnable.run(ContextRunnable.java:37)
	at com.alibaba.nacos.shaded.io.grpc.internal.SerializingExecutor.run(SerializingExecutor.java:123)
	... 3 common frames omitted
Caused by: com.alibaba.nacos.shaded.io.grpc.netty.shaded.io.netty.channel.AbstractChannel$AnnotatedConnectException: Connection refused: no further information: /127.0.0.1:9848
Caused by: java.net.ConnectException: Connection refused: no further information
	at java.base/sun.nio.ch.Net.pollConnect(Native Method)
	at java.base/sun.nio.ch.Net.pollConnectNow(Net.java:672)
	at java.base/sun.nio.ch.SocketChannelImpl.finishConnect(SocketChannelImpl.java:973)
	at com.alibaba.nacos.shaded.io.grpc.netty.shaded.io.netty.channel.socket.nio.NioSocketChannel.doFinishConnect(NioSocketChannel.java:327)
	at com.alibaba.nacos.shaded.io.grpc.netty.shaded.io.netty.channel.nio.AbstractNioChannel$AbstractNioUnsafe.finishConnect(AbstractNioChannel.java:336)
	at com.alibaba.nacos.shaded.io.grpc.netty.shaded.io.netty.channel.nio.NioEventLoop.processSelectedKey(NioEventLoop.java:685)
	at com.alibaba.nacos.shaded.io.grpc.netty.shaded.io.netty.channel.nio.NioEventLoop.processSelectedKeysOptimized(NioEventLoop.java:632)
	at com.alibaba.nacos.shaded.io.grpc.netty.shaded.io.netty.channel.nio.NioEventLoop.processSelectedKeys(NioEventLoop.java:549)
	at com.alibaba.nacos.shaded.io.grpc.netty.shaded.io.netty.channel.nio.NioEventLoop.run(NioEventLoop.java:511)
	at com.alibaba.nacos.shaded.io.grpc.netty.shaded.io.netty.util.concurrent.SingleThreadEventExecutor$5.run(SingleThreadEventExecutor.java:918)
	at com.alibaba.nacos.shaded.io.grpc.netty.shaded.io.netty.util.internal.ThreadExecutorMap$2.run(ThreadExecutorMap.java:74)
	at com.alibaba.nacos.shaded.io.grpc.netty.shaded.io.netty.util.concurrent.FastThreadLocalRunnable.run(FastThreadLocalRunnable.java:30)
	at java.base/java.lang.Thread.run(Thread.java:1589)
2025-09-19 15:13:16.549  INFO  [com.alibaba.nacos.client.remote.worker] c.a.n.c.r.client - [6557a64c-d3e6-481c-b159-daeb774ca1a6_config-0] Fail to connect server, after trying 16 times, last try server is {serverIp = '127.0.0.1', server main port = 8848}, error = unknown
2025-09-19 15:13:17.358  ERROR [com.alibaba.nacos.client.remote.worker] c.a.n.c.r.c.g.GrpcClient - Server check fail, please check server 127.0.0.1 ,port 9848 is available , error ={}
java.util.concurrent.ExecutionException: com.alibaba.nacos.shaded.io.grpc.StatusRuntimeException: UNAVAILABLE: io exception
	at com.alibaba.nacos.shaded.com.google.common.util.concurrent.AbstractFuture.getDoneValue(AbstractFuture.java:566)
	at com.alibaba.nacos.shaded.com.google.common.util.concurrent.AbstractFuture.get(AbstractFuture.java:445)
	at com.alibaba.nacos.common.remote.client.grpc.GrpcClient.serverCheck(GrpcClient.java:148)
	at com.alibaba.nacos.common.remote.client.grpc.GrpcClient.connectToServer(GrpcClient.java:264)
	at com.alibaba.nacos.common.remote.client.RpcClient.reconnect(RpcClient.java:522)
	at com.alibaba.nacos.common.remote.client.RpcClient.lambda$start$2(RpcClient.java:370)
	at java.base/java.util.concurrent.Executors$RunnableAdapter.call(Executors.java:577)
	at java.base/java.util.concurrent.FutureTask.run(FutureTask.java:317)
	at java.base/java.util.concurrent.ScheduledThreadPoolExecutor$ScheduledFutureTask.run(ScheduledThreadPoolExecutor.java:304)
	at java.base/java.util.concurrent.ThreadPoolExecutor.runWorker(ThreadPoolExecutor.java:1144)
	at java.base/java.util.concurrent.ThreadPoolExecutor$Worker.run(ThreadPoolExecutor.java:642)
	at java.base/java.lang.Thread.run(Thread.java:1589)
Caused by: com.alibaba.nacos.shaded.io.grpc.StatusRuntimeException: UNAVAILABLE: io exception
	at com.alibaba.nacos.shaded.io.grpc.Status.asRuntimeException(Status.java:533)
	at com.alibaba.nacos.shaded.io.grpc.stub.ClientCalls$UnaryStreamToFuture.onClose(ClientCalls.java:490)
	at com.alibaba.nacos.shaded.io.grpc.PartialForwardingClientCallListener.onClose(PartialForwardingClientCallListener.java:39)
	at com.alibaba.nacos.shaded.io.grpc.ForwardingClientCallListener.onClose(ForwardingClientCallListener.java:23)
	at com.alibaba.nacos.shaded.io.grpc.ForwardingClientCallListener$SimpleForwardingClientCallListener.onClose(ForwardingClientCallListener.java:40)
	at com.alibaba.nacos.shaded.io.grpc.internal.CensusStatsModule$StatsClientInterceptor$1$1.onClose(CensusStatsModule.java:700)
	at com.alibaba.nacos.shaded.io.grpc.PartialForwardingClientCallListener.onClose(PartialForwardingClientCallListener.java:39)
	at com.alibaba.nacos.shaded.io.grpc.ForwardingClientCallListener.onClose(ForwardingClientCallListener.java:23)
	at com.alibaba.nacos.shaded.io.grpc.ForwardingClientCallListener$SimpleForwardingClientCallListener.onClose(ForwardingClientCallListener.java:40)
	at com.alibaba.nacos.shaded.io.grpc.internal.CensusTracingModule$TracingClientInterceptor$1$1.onClose(CensusTracingModule.java:399)
	at com.alibaba.nacos.shaded.io.grpc.internal.ClientCallImpl.closeObserver(ClientCallImpl.java:510)
	at com.alibaba.nacos.shaded.io.grpc.internal.ClientCallImpl.access$300(ClientCallImpl.java:66)
	at com.alibaba.nacos.shaded.io.grpc.internal.ClientCallImpl$ClientStreamListenerImpl.close(ClientCallImpl.java:630)
	at com.alibaba.nacos.shaded.io.grpc.internal.ClientCallImpl$ClientStreamListenerImpl.access$700(ClientCallImpl.java:518)
	at com.alibaba.nacos.shaded.io.grpc.internal.ClientCallImpl$ClientStreamListenerImpl$1StreamClosed.runInternal(ClientCallImpl.java:692)
	at com.alibaba.nacos.shaded.io.grpc.internal.ClientCallImpl$ClientStreamListenerImpl$1StreamClosed.runInContext(ClientCallImpl.java:681)
	at com.alibaba.nacos.shaded.io.grpc.internal.ContextRunnable.run(ContextRunnable.java:37)
	at com.alibaba.nacos.shaded.io.grpc.internal.SerializingExecutor.run(SerializingExecutor.java:123)
	... 3 common frames omitted
Caused by: com.alibaba.nacos.shaded.io.grpc.netty.shaded.io.netty.channel.AbstractChannel$AnnotatedConnectException: Connection refused: no further information: /127.0.0.1:9848
Caused by: java.net.ConnectException: Connection refused: no further information
	at java.base/sun.nio.ch.Net.pollConnect(Native Method)
	at java.base/sun.nio.ch.Net.pollConnectNow(Net.java:672)
	at java.base/sun.nio.ch.SocketChannelImpl.finishConnect(SocketChannelImpl.java:973)
	at com.alibaba.nacos.shaded.io.grpc.netty.shaded.io.netty.channel.socket.nio.NioSocketChannel.doFinishConnect(NioSocketChannel.java:327)
	at com.alibaba.nacos.shaded.io.grpc.netty.shaded.io.netty.channel.nio.AbstractNioChannel$AbstractNioUnsafe.finishConnect(AbstractNioChannel.java:336)
	at com.alibaba.nacos.shaded.io.grpc.netty.shaded.io.netty.channel.nio.NioEventLoop.processSelectedKey(NioEventLoop.java:685)
	at com.alibaba.nacos.shaded.io.grpc.netty.shaded.io.netty.channel.nio.NioEventLoop.processSelectedKeysOptimized(NioEventLoop.java:632)
	at com.alibaba.nacos.shaded.io.grpc.netty.shaded.io.netty.channel.nio.NioEventLoop.processSelectedKeys(NioEventLoop.java:549)
	at com.alibaba.nacos.shaded.io.grpc.netty.shaded.io.netty.channel.nio.NioEventLoop.run(NioEventLoop.java:511)
	at com.alibaba.nacos.shaded.io.grpc.netty.shaded.io.netty.util.concurrent.SingleThreadEventExecutor$5.run(SingleThreadEventExecutor.java:918)
	at com.alibaba.nacos.shaded.io.grpc.netty.shaded.io.netty.util.internal.ThreadExecutorMap$2.run(ThreadExecutorMap.java:74)
	at com.alibaba.nacos.shaded.io.grpc.netty.shaded.io.netty.util.concurrent.FastThreadLocalRunnable.run(FastThreadLocalRunnable.java:30)
	at java.base/java.lang.Thread.run(Thread.java:1589)
2025-09-19 15:13:17.359  INFO  [com.alibaba.nacos.client.remote.worker] c.a.n.c.r.client - [163007b4-b646-410a-bc60-e39b7011f5a8] Fail to connect server, after trying 16 times, last try server is {serverIp = '127.0.0.1', server main port = 8848}, error = unknown
2025-09-19 15:13:18.252  ERROR [com.alibaba.nacos.client.remote.worker] c.a.n.c.r.c.g.GrpcClient - Server check fail, please check server 127.0.0.1 ,port 9848 is available , error ={}
java.util.concurrent.ExecutionException: com.alibaba.nacos.shaded.io.grpc.StatusRuntimeException: UNAVAILABLE: io exception
	at com.alibaba.nacos.shaded.com.google.common.util.concurrent.AbstractFuture.getDoneValue(AbstractFuture.java:566)
	at com.alibaba.nacos.shaded.com.google.common.util.concurrent.AbstractFuture.get(AbstractFuture.java:445)
	at com.alibaba.nacos.common.remote.client.grpc.GrpcClient.serverCheck(GrpcClient.java:148)
	at com.alibaba.nacos.common.remote.client.grpc.GrpcClient.connectToServer(GrpcClient.java:264)
	at com.alibaba.nacos.common.remote.client.RpcClient.reconnect(RpcClient.java:522)
	at com.alibaba.nacos.common.remote.client.RpcClient.lambda$start$2(RpcClient.java:370)
	at java.base/java.util.concurrent.Executors$RunnableAdapter.call(Executors.java:577)
	at java.base/java.util.concurrent.FutureTask.run(FutureTask.java:317)
	at java.base/java.util.concurrent.ScheduledThreadPoolExecutor$ScheduledFutureTask.run(ScheduledThreadPoolExecutor.java:304)
	at java.base/java.util.concurrent.ThreadPoolExecutor.runWorker(ThreadPoolExecutor.java:1144)
	at java.base/java.util.concurrent.ThreadPoolExecutor$Worker.run(ThreadPoolExecutor.java:642)
	at java.base/java.lang.Thread.run(Thread.java:1589)
Caused by: com.alibaba.nacos.shaded.io.grpc.StatusRuntimeException: UNAVAILABLE: io exception
	at com.alibaba.nacos.shaded.io.grpc.Status.asRuntimeException(Status.java:533)
	at com.alibaba.nacos.shaded.io.grpc.stub.ClientCalls$UnaryStreamToFuture.onClose(ClientCalls.java:490)
	at com.alibaba.nacos.shaded.io.grpc.PartialForwardingClientCallListener.onClose(PartialForwardingClientCallListener.java:39)
	at com.alibaba.nacos.shaded.io.grpc.ForwardingClientCallListener.onClose(ForwardingClientCallListener.java:23)
	at com.alibaba.nacos.shaded.io.grpc.ForwardingClientCallListener$SimpleForwardingClientCallListener.onClose(ForwardingClientCallListener.java:40)
	at com.alibaba.nacos.shaded.io.grpc.internal.CensusStatsModule$StatsClientInterceptor$1$1.onClose(CensusStatsModule.java:700)
	at com.alibaba.nacos.shaded.io.grpc.PartialForwardingClientCallListener.onClose(PartialForwardingClientCallListener.java:39)
	at com.alibaba.nacos.shaded.io.grpc.ForwardingClientCallListener.onClose(ForwardingClientCallListener.java:23)
	at com.alibaba.nacos.shaded.io.grpc.ForwardingClientCallListener$SimpleForwardingClientCallListener.onClose(ForwardingClientCallListener.java:40)
	at com.alibaba.nacos.shaded.io.grpc.internal.CensusTracingModule$TracingClientInterceptor$1$1.onClose(CensusTracingModule.java:399)
	at com.alibaba.nacos.shaded.io.grpc.internal.ClientCallImpl.closeObserver(ClientCallImpl.java:510)
	at com.alibaba.nacos.shaded.io.grpc.internal.ClientCallImpl.access$300(ClientCallImpl.java:66)
	at com.alibaba.nacos.shaded.io.grpc.internal.ClientCallImpl$ClientStreamListenerImpl.close(ClientCallImpl.java:630)
	at com.alibaba.nacos.shaded.io.grpc.internal.ClientCallImpl$ClientStreamListenerImpl.access$700(ClientCallImpl.java:518)
	at com.alibaba.nacos.shaded.io.grpc.internal.ClientCallImpl$ClientStreamListenerImpl$1StreamClosed.runInternal(ClientCallImpl.java:692)
	at com.alibaba.nacos.shaded.io.grpc.internal.ClientCallImpl$ClientStreamListenerImpl$1StreamClosed.runInContext(ClientCallImpl.java:681)
	at com.alibaba.nacos.shaded.io.grpc.internal.ContextRunnable.run(ContextRunnable.java:37)
	at com.alibaba.nacos.shaded.io.grpc.internal.SerializingExecutor.run(SerializingExecutor.java:123)
	... 3 common frames omitted
Caused by: com.alibaba.nacos.shaded.io.grpc.netty.shaded.io.netty.channel.AbstractChannel$AnnotatedConnectException: Connection refused: no further information: /127.0.0.1:9848
Caused by: java.net.ConnectException: Connection refused: no further information
	at java.base/sun.nio.ch.Net.pollConnect(Native Method)
	at java.base/sun.nio.ch.Net.pollConnectNow(Net.java:672)
	at java.base/sun.nio.ch.SocketChannelImpl.finishConnect(SocketChannelImpl.java:973)
	at com.alibaba.nacos.shaded.io.grpc.netty.shaded.io.netty.channel.socket.nio.NioSocketChannel.doFinishConnect(NioSocketChannel.java:327)
	at com.alibaba.nacos.shaded.io.grpc.netty.shaded.io.netty.channel.nio.AbstractNioChannel$AbstractNioUnsafe.finishConnect(AbstractNioChannel.java:336)
	at com.alibaba.nacos.shaded.io.grpc.netty.shaded.io.netty.channel.nio.NioEventLoop.processSelectedKey(NioEventLoop.java:685)
	at com.alibaba.nacos.shaded.io.grpc.netty.shaded.io.netty.channel.nio.NioEventLoop.processSelectedKeysOptimized(NioEventLoop.java:632)
	at com.alibaba.nacos.shaded.io.grpc.netty.shaded.io.netty.channel.nio.NioEventLoop.processSelectedKeys(NioEventLoop.java:549)
	at com.alibaba.nacos.shaded.io.grpc.netty.shaded.io.netty.channel.nio.NioEventLoop.run(NioEventLoop.java:511)
	at com.alibaba.nacos.shaded.io.grpc.netty.shaded.io.netty.util.concurrent.SingleThreadEventExecutor$5.run(SingleThreadEventExecutor.java:918)
	at com.alibaba.nacos.shaded.io.grpc.netty.shaded.io.netty.util.internal.ThreadExecutorMap$2.run(ThreadExecutorMap.java:74)
	at com.alibaba.nacos.shaded.io.grpc.netty.shaded.io.netty.util.concurrent.FastThreadLocalRunnable.run(FastThreadLocalRunnable.java:30)
	at java.base/java.lang.Thread.run(Thread.java:1589)
2025-09-19 15:13:18.253  INFO  [com.alibaba.nacos.client.remote.worker] c.a.n.c.r.client - [6557a64c-d3e6-481c-b159-daeb774ca1a6_config-0] Fail to connect server, after trying 17 times, last try server is {serverIp = '127.0.0.1', server main port = 8848}, error = unknown
2025-09-19 15:13:19.062  ERROR [com.alibaba.nacos.client.remote.worker] c.a.n.c.r.c.g.GrpcClient - Server check fail, please check server 127.0.0.1 ,port 9848 is available , error ={}
java.util.concurrent.ExecutionException: com.alibaba.nacos.shaded.io.grpc.StatusRuntimeException: UNAVAILABLE: io exception
	at com.alibaba.nacos.shaded.com.google.common.util.concurrent.AbstractFuture.getDoneValue(AbstractFuture.java:566)
	at com.alibaba.nacos.shaded.com.google.common.util.concurrent.AbstractFuture.get(AbstractFuture.java:445)
	at com.alibaba.nacos.common.remote.client.grpc.GrpcClient.serverCheck(GrpcClient.java:148)
	at com.alibaba.nacos.common.remote.client.grpc.GrpcClient.connectToServer(GrpcClient.java:264)
	at com.alibaba.nacos.common.remote.client.RpcClient.reconnect(RpcClient.java:522)
	at com.alibaba.nacos.common.remote.client.RpcClient.lambda$start$2(RpcClient.java:370)
	at java.base/java.util.concurrent.Executors$RunnableAdapter.call(Executors.java:577)
	at java.base/java.util.concurrent.FutureTask.run(FutureTask.java:317)
	at java.base/java.util.concurrent.ScheduledThreadPoolExecutor$ScheduledFutureTask.run(ScheduledThreadPoolExecutor.java:304)
	at java.base/java.util.concurrent.ThreadPoolExecutor.runWorker(ThreadPoolExecutor.java:1144)
	at java.base/java.util.concurrent.ThreadPoolExecutor$Worker.run(ThreadPoolExecutor.java:642)
	at java.base/java.lang.Thread.run(Thread.java:1589)
Caused by: com.alibaba.nacos.shaded.io.grpc.StatusRuntimeException: UNAVAILABLE: io exception
	at com.alibaba.nacos.shaded.io.grpc.Status.asRuntimeException(Status.java:533)
	at com.alibaba.nacos.shaded.io.grpc.stub.ClientCalls$UnaryStreamToFuture.onClose(ClientCalls.java:490)
	at com.alibaba.nacos.shaded.io.grpc.PartialForwardingClientCallListener.onClose(PartialForwardingClientCallListener.java:39)
	at com.alibaba.nacos.shaded.io.grpc.ForwardingClientCallListener.onClose(ForwardingClientCallListener.java:23)
	at com.alibaba.nacos.shaded.io.grpc.ForwardingClientCallListener$SimpleForwardingClientCallListener.onClose(ForwardingClientCallListener.java:40)
	at com.alibaba.nacos.shaded.io.grpc.internal.CensusStatsModule$StatsClientInterceptor$1$1.onClose(CensusStatsModule.java:700)
	at com.alibaba.nacos.shaded.io.grpc.PartialForwardingClientCallListener.onClose(PartialForwardingClientCallListener.java:39)
	at com.alibaba.nacos.shaded.io.grpc.ForwardingClientCallListener.onClose(ForwardingClientCallListener.java:23)
	at com.alibaba.nacos.shaded.io.grpc.ForwardingClientCallListener$SimpleForwardingClientCallListener.onClose(ForwardingClientCallListener.java:40)
	at com.alibaba.nacos.shaded.io.grpc.internal.CensusTracingModule$TracingClientInterceptor$1$1.onClose(CensusTracingModule.java:399)
	at com.alibaba.nacos.shaded.io.grpc.internal.ClientCallImpl.closeObserver(ClientCallImpl.java:510)
	at com.alibaba.nacos.shaded.io.grpc.internal.ClientCallImpl.access$300(ClientCallImpl.java:66)
	at com.alibaba.nacos.shaded.io.grpc.internal.ClientCallImpl$ClientStreamListenerImpl.close(ClientCallImpl.java:630)
	at com.alibaba.nacos.shaded.io.grpc.internal.ClientCallImpl$ClientStreamListenerImpl.access$700(ClientCallImpl.java:518)
	at com.alibaba.nacos.shaded.io.grpc.internal.ClientCallImpl$ClientStreamListenerImpl$1StreamClosed.runInternal(ClientCallImpl.java:692)
	at com.alibaba.nacos.shaded.io.grpc.internal.ClientCallImpl$ClientStreamListenerImpl$1StreamClosed.runInContext(ClientCallImpl.java:681)
	at com.alibaba.nacos.shaded.io.grpc.internal.ContextRunnable.run(ContextRunnable.java:37)
	at com.alibaba.nacos.shaded.io.grpc.internal.SerializingExecutor.run(SerializingExecutor.java:123)
	... 3 common frames omitted
Caused by: com.alibaba.nacos.shaded.io.grpc.netty.shaded.io.netty.channel.AbstractChannel$AnnotatedConnectException: Connection refused: no further information: /127.0.0.1:9848
Caused by: java.net.ConnectException: Connection refused: no further information
	at java.base/sun.nio.ch.Net.pollConnect(Native Method)
	at java.base/sun.nio.ch.Net.pollConnectNow(Net.java:672)
	at java.base/sun.nio.ch.SocketChannelImpl.finishConnect(SocketChannelImpl.java:973)
	at com.alibaba.nacos.shaded.io.grpc.netty.shaded.io.netty.channel.socket.nio.NioSocketChannel.doFinishConnect(NioSocketChannel.java:327)
	at com.alibaba.nacos.shaded.io.grpc.netty.shaded.io.netty.channel.nio.AbstractNioChannel$AbstractNioUnsafe.finishConnect(AbstractNioChannel.java:336)
	at com.alibaba.nacos.shaded.io.grpc.netty.shaded.io.netty.channel.nio.NioEventLoop.processSelectedKey(NioEventLoop.java:685)
	at com.alibaba.nacos.shaded.io.grpc.netty.shaded.io.netty.channel.nio.NioEventLoop.processSelectedKeysOptimized(NioEventLoop.java:632)
	at com.alibaba.nacos.shaded.io.grpc.netty.shaded.io.netty.channel.nio.NioEventLoop.processSelectedKeys(NioEventLoop.java:549)
	at com.alibaba.nacos.shaded.io.grpc.netty.shaded.io.netty.channel.nio.NioEventLoop.run(NioEventLoop.java:511)
	at com.alibaba.nacos.shaded.io.grpc.netty.shaded.io.netty.util.concurrent.SingleThreadEventExecutor$5.run(SingleThreadEventExecutor.java:918)
	at com.alibaba.nacos.shaded.io.grpc.netty.shaded.io.netty.util.internal.ThreadExecutorMap$2.run(ThreadExecutorMap.java:74)
	at com.alibaba.nacos.shaded.io.grpc.netty.shaded.io.netty.util.concurrent.FastThreadLocalRunnable.run(FastThreadLocalRunnable.java:30)
	at java.base/java.lang.Thread.run(Thread.java:1589)
2025-09-19 15:13:19.064  INFO  [com.alibaba.nacos.client.remote.worker] c.a.n.c.r.client - [163007b4-b646-410a-bc60-e39b7011f5a8] Fail to connect server, after trying 17 times, last try server is {serverIp = '127.0.0.1', server main port = 8848}, error = unknown
2025-09-19 15:13:19.460  ERROR [com.alibaba.nacos.client.Worker] c.a.n.c.r.client - Send request fail, request = ConfigBatchListenRequest{headers={charset=UTF-8, Client-AppName=unknown, Client-RequestToken=5ce1b124963cd9cef2f70c850fa64f17, Client-RequestTS=1758265999359, exConfigInfo=true, Timestamp=1758265999359}, requestId='null'}, retryTimes = 0, errorMessage = Client not connected, current status:STARTING
2025-09-19 15:13:19.563  ERROR [com.alibaba.nacos.client.Worker] c.a.n.c.r.client - Send request fail, request = ConfigBatchListenRequest{headers={charset=UTF-8, Client-AppName=unknown, Client-RequestToken=5ce1b124963cd9cef2f70c850fa64f17, Client-RequestTS=1758265999359, exConfigInfo=true, Timestamp=1758265999359}, requestId='null'}, retryTimes = 1, errorMessage = Client not connected, current status:STARTING
2025-09-19 15:13:19.665  ERROR [com.alibaba.nacos.client.Worker] c.a.n.c.r.client - Send request fail, request = ConfigBatchListenRequest{headers={charset=UTF-8, Client-AppName=unknown, Client-RequestToken=5ce1b124963cd9cef2f70c850fa64f17, Client-RequestTS=1758265999359, exConfigInfo=true, Timestamp=1758265999359}, requestId='null'}, retryTimes = 2, errorMessage = Client not connected, current status:STARTING
2025-09-19 15:13:20.056  ERROR [com.alibaba.nacos.client.remote.worker] c.a.n.c.r.c.g.GrpcClient - Server check fail, please check server 127.0.0.1 ,port 9848 is available , error ={}
java.util.concurrent.ExecutionException: com.alibaba.nacos.shaded.io.grpc.StatusRuntimeException: UNAVAILABLE: io exception
	at com.alibaba.nacos.shaded.com.google.common.util.concurrent.AbstractFuture.getDoneValue(AbstractFuture.java:566)
	at com.alibaba.nacos.shaded.com.google.common.util.concurrent.AbstractFuture.get(AbstractFuture.java:445)
	at com.alibaba.nacos.common.remote.client.grpc.GrpcClient.serverCheck(GrpcClient.java:148)
	at com.alibaba.nacos.common.remote.client.grpc.GrpcClient.connectToServer(GrpcClient.java:264)
	at com.alibaba.nacos.common.remote.client.RpcClient.reconnect(RpcClient.java:522)
	at com.alibaba.nacos.common.remote.client.RpcClient.lambda$start$2(RpcClient.java:370)
	at java.base/java.util.concurrent.Executors$RunnableAdapter.call(Executors.java:577)
	at java.base/java.util.concurrent.FutureTask.run(FutureTask.java:317)
	at java.base/java.util.concurrent.ScheduledThreadPoolExecutor$ScheduledFutureTask.run(ScheduledThreadPoolExecutor.java:304)
	at java.base/java.util.concurrent.ThreadPoolExecutor.runWorker(ThreadPoolExecutor.java:1144)
	at java.base/java.util.concurrent.ThreadPoolExecutor$Worker.run(ThreadPoolExecutor.java:642)
	at java.base/java.lang.Thread.run(Thread.java:1589)
Caused by: com.alibaba.nacos.shaded.io.grpc.StatusRuntimeException: UNAVAILABLE: io exception
	at com.alibaba.nacos.shaded.io.grpc.Status.asRuntimeException(Status.java:533)
	at com.alibaba.nacos.shaded.io.grpc.stub.ClientCalls$UnaryStreamToFuture.onClose(ClientCalls.java:490)
	at com.alibaba.nacos.shaded.io.grpc.PartialForwardingClientCallListener.onClose(PartialForwardingClientCallListener.java:39)
	at com.alibaba.nacos.shaded.io.grpc.ForwardingClientCallListener.onClose(ForwardingClientCallListener.java:23)
	at com.alibaba.nacos.shaded.io.grpc.ForwardingClientCallListener$SimpleForwardingClientCallListener.onClose(ForwardingClientCallListener.java:40)
	at com.alibaba.nacos.shaded.io.grpc.internal.CensusStatsModule$StatsClientInterceptor$1$1.onClose(CensusStatsModule.java:700)
	at com.alibaba.nacos.shaded.io.grpc.PartialForwardingClientCallListener.onClose(PartialForwardingClientCallListener.java:39)
	at com.alibaba.nacos.shaded.io.grpc.ForwardingClientCallListener.onClose(ForwardingClientCallListener.java:23)
	at com.alibaba.nacos.shaded.io.grpc.ForwardingClientCallListener$SimpleForwardingClientCallListener.onClose(ForwardingClientCallListener.java:40)
	at com.alibaba.nacos.shaded.io.grpc.internal.CensusTracingModule$TracingClientInterceptor$1$1.onClose(CensusTracingModule.java:399)
	at com.alibaba.nacos.shaded.io.grpc.internal.ClientCallImpl.closeObserver(ClientCallImpl.java:510)
	at com.alibaba.nacos.shaded.io.grpc.internal.ClientCallImpl.access$300(ClientCallImpl.java:66)
	at com.alibaba.nacos.shaded.io.grpc.internal.ClientCallImpl$ClientStreamListenerImpl.close(ClientCallImpl.java:630)
	at com.alibaba.nacos.shaded.io.grpc.internal.ClientCallImpl$ClientStreamListenerImpl.access$700(ClientCallImpl.java:518)
	at com.alibaba.nacos.shaded.io.grpc.internal.ClientCallImpl$ClientStreamListenerImpl$1StreamClosed.runInternal(ClientCallImpl.java:692)
	at com.alibaba.nacos.shaded.io.grpc.internal.ClientCallImpl$ClientStreamListenerImpl$1StreamClosed.runInContext(ClientCallImpl.java:681)
	at com.alibaba.nacos.shaded.io.grpc.internal.ContextRunnable.run(ContextRunnable.java:37)
	at com.alibaba.nacos.shaded.io.grpc.internal.SerializingExecutor.run(SerializingExecutor.java:123)
	... 3 common frames omitted
Caused by: com.alibaba.nacos.shaded.io.grpc.netty.shaded.io.netty.channel.AbstractChannel$AnnotatedConnectException: Connection refused: no further information: /127.0.0.1:9848
Caused by: java.net.ConnectException: Connection refused: no further information
	at java.base/sun.nio.ch.Net.pollConnect(Native Method)
	at java.base/sun.nio.ch.Net.pollConnectNow(Net.java:672)
	at java.base/sun.nio.ch.SocketChannelImpl.finishConnect(SocketChannelImpl.java:973)
	at com.alibaba.nacos.shaded.io.grpc.netty.shaded.io.netty.channel.socket.nio.NioSocketChannel.doFinishConnect(NioSocketChannel.java:327)
	at com.alibaba.nacos.shaded.io.grpc.netty.shaded.io.netty.channel.nio.AbstractNioChannel$AbstractNioUnsafe.finishConnect(AbstractNioChannel.java:336)
	at com.alibaba.nacos.shaded.io.grpc.netty.shaded.io.netty.channel.nio.NioEventLoop.processSelectedKey(NioEventLoop.java:685)
	at com.alibaba.nacos.shaded.io.grpc.netty.shaded.io.netty.channel.nio.NioEventLoop.processSelectedKeysOptimized(NioEventLoop.java:632)
	at com.alibaba.nacos.shaded.io.grpc.netty.shaded.io.netty.channel.nio.NioEventLoop.processSelectedKeys(NioEventLoop.java:549)
	at com.alibaba.nacos.shaded.io.grpc.netty.shaded.io.netty.channel.nio.NioEventLoop.run(NioEventLoop.java:511)
	at com.alibaba.nacos.shaded.io.grpc.netty.shaded.io.netty.util.concurrent.SingleThreadEventExecutor$5.run(SingleThreadEventExecutor.java:918)
	at com.alibaba.nacos.shaded.io.grpc.netty.shaded.io.netty.util.internal.ThreadExecutorMap$2.run(ThreadExecutorMap.java:74)
	at com.alibaba.nacos.shaded.io.grpc.netty.shaded.io.netty.util.concurrent.FastThreadLocalRunnable.run(FastThreadLocalRunnable.java:30)
	at java.base/java.lang.Thread.run(Thread.java:1589)
2025-09-19 15:13:20.056  INFO  [com.alibaba.nacos.client.remote.worker] c.a.n.c.r.client - [6557a64c-d3e6-481c-b159-daeb774ca1a6_config-0] Fail to connect server, after trying 18 times, last try server is {serverIp = '127.0.0.1', server main port = 8848}, error = unknown
2025-09-19 15:13:20.868  ERROR [com.alibaba.nacos.client.remote.worker] c.a.n.c.r.c.g.GrpcClient - Server check fail, please check server 127.0.0.1 ,port 9848 is available , error ={}
java.util.concurrent.ExecutionException: com.alibaba.nacos.shaded.io.grpc.StatusRuntimeException: UNAVAILABLE: io exception
	at com.alibaba.nacos.shaded.com.google.common.util.concurrent.AbstractFuture.getDoneValue(AbstractFuture.java:566)
	at com.alibaba.nacos.shaded.com.google.common.util.concurrent.AbstractFuture.get(AbstractFuture.java:445)
	at com.alibaba.nacos.common.remote.client.grpc.GrpcClient.serverCheck(GrpcClient.java:148)
	at com.alibaba.nacos.common.remote.client.grpc.GrpcClient.connectToServer(GrpcClient.java:264)
	at com.alibaba.nacos.common.remote.client.RpcClient.reconnect(RpcClient.java:522)
	at com.alibaba.nacos.common.remote.client.RpcClient.lambda$start$2(RpcClient.java:370)
	at java.base/java.util.concurrent.Executors$RunnableAdapter.call(Executors.java:577)
	at java.base/java.util.concurrent.FutureTask.run(FutureTask.java:317)
	at java.base/java.util.concurrent.ScheduledThreadPoolExecutor$ScheduledFutureTask.run(ScheduledThreadPoolExecutor.java:304)
	at java.base/java.util.concurrent.ThreadPoolExecutor.runWorker(ThreadPoolExecutor.java:1144)
	at java.base/java.util.concurrent.ThreadPoolExecutor$Worker.run(ThreadPoolExecutor.java:642)
	at java.base/java.lang.Thread.run(Thread.java:1589)
Caused by: com.alibaba.nacos.shaded.io.grpc.StatusRuntimeException: UNAVAILABLE: io exception
	at com.alibaba.nacos.shaded.io.grpc.Status.asRuntimeException(Status.java:533)
	at com.alibaba.nacos.shaded.io.grpc.stub.ClientCalls$UnaryStreamToFuture.onClose(ClientCalls.java:490)
	at com.alibaba.nacos.shaded.io.grpc.PartialForwardingClientCallListener.onClose(PartialForwardingClientCallListener.java:39)
	at com.alibaba.nacos.shaded.io.grpc.ForwardingClientCallListener.onClose(ForwardingClientCallListener.java:23)
	at com.alibaba.nacos.shaded.io.grpc.ForwardingClientCallListener$SimpleForwardingClientCallListener.onClose(ForwardingClientCallListener.java:40)
	at com.alibaba.nacos.shaded.io.grpc.internal.CensusStatsModule$StatsClientInterceptor$1$1.onClose(CensusStatsModule.java:700)
	at com.alibaba.nacos.shaded.io.grpc.PartialForwardingClientCallListener.onClose(PartialForwardingClientCallListener.java:39)
	at com.alibaba.nacos.shaded.io.grpc.ForwardingClientCallListener.onClose(ForwardingClientCallListener.java:23)
	at com.alibaba.nacos.shaded.io.grpc.ForwardingClientCallListener$SimpleForwardingClientCallListener.onClose(ForwardingClientCallListener.java:40)
	at com.alibaba.nacos.shaded.io.grpc.internal.CensusTracingModule$TracingClientInterceptor$1$1.onClose(CensusTracingModule.java:399)
	at com.alibaba.nacos.shaded.io.grpc.internal.ClientCallImpl.closeObserver(ClientCallImpl.java:510)
	at com.alibaba.nacos.shaded.io.grpc.internal.ClientCallImpl.access$300(ClientCallImpl.java:66)
	at com.alibaba.nacos.shaded.io.grpc.internal.ClientCallImpl$ClientStreamListenerImpl.close(ClientCallImpl.java:630)
	at com.alibaba.nacos.shaded.io.grpc.internal.ClientCallImpl$ClientStreamListenerImpl.access$700(ClientCallImpl.java:518)
	at com.alibaba.nacos.shaded.io.grpc.internal.ClientCallImpl$ClientStreamListenerImpl$1StreamClosed.runInternal(ClientCallImpl.java:692)
	at com.alibaba.nacos.shaded.io.grpc.internal.ClientCallImpl$ClientStreamListenerImpl$1StreamClosed.runInContext(ClientCallImpl.java:681)
	at com.alibaba.nacos.shaded.io.grpc.internal.ContextRunnable.run(ContextRunnable.java:37)
	at com.alibaba.nacos.shaded.io.grpc.internal.SerializingExecutor.run(SerializingExecutor.java:123)
	... 3 common frames omitted
Caused by: com.alibaba.nacos.shaded.io.grpc.netty.shaded.io.netty.channel.AbstractChannel$AnnotatedConnectException: Connection refused: no further information: /127.0.0.1:9848
Caused by: java.net.ConnectException: Connection refused: no further information
	at java.base/sun.nio.ch.Net.pollConnect(Native Method)
	at java.base/sun.nio.ch.Net.pollConnectNow(Net.java:672)
	at java.base/sun.nio.ch.SocketChannelImpl.finishConnect(SocketChannelImpl.java:973)
	at com.alibaba.nacos.shaded.io.grpc.netty.shaded.io.netty.channel.socket.nio.NioSocketChannel.doFinishConnect(NioSocketChannel.java:327)
	at com.alibaba.nacos.shaded.io.grpc.netty.shaded.io.netty.channel.nio.AbstractNioChannel$AbstractNioUnsafe.finishConnect(AbstractNioChannel.java:336)
	at com.alibaba.nacos.shaded.io.grpc.netty.shaded.io.netty.channel.nio.NioEventLoop.processSelectedKey(NioEventLoop.java:685)
	at com.alibaba.nacos.shaded.io.grpc.netty.shaded.io.netty.channel.nio.NioEventLoop.processSelectedKeysOptimized(NioEventLoop.java:632)
	at com.alibaba.nacos.shaded.io.grpc.netty.shaded.io.netty.channel.nio.NioEventLoop.processSelectedKeys(NioEventLoop.java:549)
	at com.alibaba.nacos.shaded.io.grpc.netty.shaded.io.netty.channel.nio.NioEventLoop.run(NioEventLoop.java:511)
	at com.alibaba.nacos.shaded.io.grpc.netty.shaded.io.netty.util.concurrent.SingleThreadEventExecutor$5.run(SingleThreadEventExecutor.java:918)
	at com.alibaba.nacos.shaded.io.grpc.netty.shaded.io.netty.util.internal.ThreadExecutorMap$2.run(ThreadExecutorMap.java:74)
	at com.alibaba.nacos.shaded.io.grpc.netty.shaded.io.netty.util.concurrent.FastThreadLocalRunnable.run(FastThreadLocalRunnable.java:30)
	at java.base/java.lang.Thread.run(Thread.java:1589)
2025-09-19 15:13:20.869  INFO  [com.alibaba.nacos.client.remote.worker] c.a.n.c.r.client - [163007b4-b646-410a-bc60-e39b7011f5a8] Fail to connect server, after trying 18 times, last try server is {serverIp = '127.0.0.1', server main port = 8848}, error = unknown
2025-09-19 15:13:21.994  ERROR [com.alibaba.nacos.client.remote.worker] c.a.n.c.r.c.g.GrpcClient - Server check fail, please check server 127.0.0.1 ,port 9848 is available , error ={}
java.util.concurrent.ExecutionException: com.alibaba.nacos.shaded.io.grpc.StatusRuntimeException: UNAVAILABLE: io exception
	at com.alibaba.nacos.shaded.com.google.common.util.concurrent.AbstractFuture.getDoneValue(AbstractFuture.java:566)
	at com.alibaba.nacos.shaded.com.google.common.util.concurrent.AbstractFuture.get(AbstractFuture.java:445)
	at com.alibaba.nacos.common.remote.client.grpc.GrpcClient.serverCheck(GrpcClient.java:148)
	at com.alibaba.nacos.common.remote.client.grpc.GrpcClient.connectToServer(GrpcClient.java:264)
	at com.alibaba.nacos.common.remote.client.RpcClient.reconnect(RpcClient.java:522)
	at com.alibaba.nacos.common.remote.client.RpcClient.lambda$start$2(RpcClient.java:370)
	at java.base/java.util.concurrent.Executors$RunnableAdapter.call(Executors.java:577)
	at java.base/java.util.concurrent.FutureTask.run(FutureTask.java:317)
	at java.base/java.util.concurrent.ScheduledThreadPoolExecutor$ScheduledFutureTask.run(ScheduledThreadPoolExecutor.java:304)
	at java.base/java.util.concurrent.ThreadPoolExecutor.runWorker(ThreadPoolExecutor.java:1144)
	at java.base/java.util.concurrent.ThreadPoolExecutor$Worker.run(ThreadPoolExecutor.java:642)
	at java.base/java.lang.Thread.run(Thread.java:1589)
Caused by: com.alibaba.nacos.shaded.io.grpc.StatusRuntimeException: UNAVAILABLE: io exception
	at com.alibaba.nacos.shaded.io.grpc.Status.asRuntimeException(Status.java:533)
	at com.alibaba.nacos.shaded.io.grpc.stub.ClientCalls$UnaryStreamToFuture.onClose(ClientCalls.java:490)
	at com.alibaba.nacos.shaded.io.grpc.PartialForwardingClientCallListener.onClose(PartialForwardingClientCallListener.java:39)
	at com.alibaba.nacos.shaded.io.grpc.ForwardingClientCallListener.onClose(ForwardingClientCallListener.java:23)
	at com.alibaba.nacos.shaded.io.grpc.ForwardingClientCallListener$SimpleForwardingClientCallListener.onClose(ForwardingClientCallListener.java:40)
	at com.alibaba.nacos.shaded.io.grpc.internal.CensusStatsModule$StatsClientInterceptor$1$1.onClose(CensusStatsModule.java:700)
	at com.alibaba.nacos.shaded.io.grpc.PartialForwardingClientCallListener.onClose(PartialForwardingClientCallListener.java:39)
	at com.alibaba.nacos.shaded.io.grpc.ForwardingClientCallListener.onClose(ForwardingClientCallListener.java:23)
	at com.alibaba.nacos.shaded.io.grpc.ForwardingClientCallListener$SimpleForwardingClientCallListener.onClose(ForwardingClientCallListener.java:40)
	at com.alibaba.nacos.shaded.io.grpc.internal.CensusTracingModule$TracingClientInterceptor$1$1.onClose(CensusTracingModule.java:399)
	at com.alibaba.nacos.shaded.io.grpc.internal.ClientCallImpl.closeObserver(ClientCallImpl.java:510)
	at com.alibaba.nacos.shaded.io.grpc.internal.ClientCallImpl.access$300(ClientCallImpl.java:66)
	at com.alibaba.nacos.shaded.io.grpc.internal.ClientCallImpl$ClientStreamListenerImpl.close(ClientCallImpl.java:630)
	at com.alibaba.nacos.shaded.io.grpc.internal.ClientCallImpl$ClientStreamListenerImpl.access$700(ClientCallImpl.java:518)
	at com.alibaba.nacos.shaded.io.grpc.internal.ClientCallImpl$ClientStreamListenerImpl$1StreamClosed.runInternal(ClientCallImpl.java:692)
	at com.alibaba.nacos.shaded.io.grpc.internal.ClientCallImpl$ClientStreamListenerImpl$1StreamClosed.runInContext(ClientCallImpl.java:681)
	at com.alibaba.nacos.shaded.io.grpc.internal.ContextRunnable.run(ContextRunnable.java:37)
	at com.alibaba.nacos.shaded.io.grpc.internal.SerializingExecutor.run(SerializingExecutor.java:123)
	... 3 common frames omitted
Caused by: com.alibaba.nacos.shaded.io.grpc.netty.shaded.io.netty.channel.AbstractChannel$AnnotatedConnectException: Connection refused: no further information: /127.0.0.1:9848
Caused by: java.net.ConnectException: Connection refused: no further information
	at java.base/sun.nio.ch.Net.pollConnect(Native Method)
	at java.base/sun.nio.ch.Net.pollConnectNow(Net.java:672)
	at java.base/sun.nio.ch.SocketChannelImpl.finishConnect(SocketChannelImpl.java:973)
	at com.alibaba.nacos.shaded.io.grpc.netty.shaded.io.netty.channel.socket.nio.NioSocketChannel.doFinishConnect(NioSocketChannel.java:327)
	at com.alibaba.nacos.shaded.io.grpc.netty.shaded.io.netty.channel.nio.AbstractNioChannel$AbstractNioUnsafe.finishConnect(AbstractNioChannel.java:336)
	at com.alibaba.nacos.shaded.io.grpc.netty.shaded.io.netty.channel.nio.NioEventLoop.processSelectedKey(NioEventLoop.java:685)
	at com.alibaba.nacos.shaded.io.grpc.netty.shaded.io.netty.channel.nio.NioEventLoop.processSelectedKeysOptimized(NioEventLoop.java:632)
	at com.alibaba.nacos.shaded.io.grpc.netty.shaded.io.netty.channel.nio.NioEventLoop.processSelectedKeys(NioEventLoop.java:549)
	at com.alibaba.nacos.shaded.io.grpc.netty.shaded.io.netty.channel.nio.NioEventLoop.run(NioEventLoop.java:511)
	at com.alibaba.nacos.shaded.io.grpc.netty.shaded.io.netty.util.concurrent.SingleThreadEventExecutor$5.run(SingleThreadEventExecutor.java:918)
	at com.alibaba.nacos.shaded.io.grpc.netty.shaded.io.netty.util.internal.ThreadExecutorMap$2.run(ThreadExecutorMap.java:74)
	at com.alibaba.nacos.shaded.io.grpc.netty.shaded.io.netty.util.concurrent.FastThreadLocalRunnable.run(FastThreadLocalRunnable.java:30)
	at java.base/java.lang.Thread.run(Thread.java:1589)
2025-09-19 15:13:21.995  INFO  [com.alibaba.nacos.client.remote.worker] c.a.n.c.r.client - [6557a64c-d3e6-481c-b159-daeb774ca1a6_config-0] Fail to connect server, after trying 19 times, last try server is {serverIp = '127.0.0.1', server main port = 8848}, error = unknown
2025-09-19 15:13:22.772  ERROR [com.alibaba.nacos.client.remote.worker] c.a.n.c.r.c.g.GrpcClient - Server check fail, please check server 127.0.0.1 ,port 9848 is available , error ={}
java.util.concurrent.ExecutionException: com.alibaba.nacos.shaded.io.grpc.StatusRuntimeException: UNAVAILABLE: io exception
	at com.alibaba.nacos.shaded.com.google.common.util.concurrent.AbstractFuture.getDoneValue(AbstractFuture.java:566)
	at com.alibaba.nacos.shaded.com.google.common.util.concurrent.AbstractFuture.get(AbstractFuture.java:445)
	at com.alibaba.nacos.common.remote.client.grpc.GrpcClient.serverCheck(GrpcClient.java:148)
	at com.alibaba.nacos.common.remote.client.grpc.GrpcClient.connectToServer(GrpcClient.java:264)
	at com.alibaba.nacos.common.remote.client.RpcClient.reconnect(RpcClient.java:522)
	at com.alibaba.nacos.common.remote.client.RpcClient.lambda$start$2(RpcClient.java:370)
	at java.base/java.util.concurrent.Executors$RunnableAdapter.call(Executors.java:577)
	at java.base/java.util.concurrent.FutureTask.run(FutureTask.java:317)
	at java.base/java.util.concurrent.ScheduledThreadPoolExecutor$ScheduledFutureTask.run(ScheduledThreadPoolExecutor.java:304)
	at java.base/java.util.concurrent.ThreadPoolExecutor.runWorker(ThreadPoolExecutor.java:1144)
	at java.base/java.util.concurrent.ThreadPoolExecutor$Worker.run(ThreadPoolExecutor.java:642)
	at java.base/java.lang.Thread.run(Thread.java:1589)
Caused by: com.alibaba.nacos.shaded.io.grpc.StatusRuntimeException: UNAVAILABLE: io exception
	at com.alibaba.nacos.shaded.io.grpc.Status.asRuntimeException(Status.java:533)
	at com.alibaba.nacos.shaded.io.grpc.stub.ClientCalls$UnaryStreamToFuture.onClose(ClientCalls.java:490)
	at com.alibaba.nacos.shaded.io.grpc.PartialForwardingClientCallListener.onClose(PartialForwardingClientCallListener.java:39)
	at com.alibaba.nacos.shaded.io.grpc.ForwardingClientCallListener.onClose(ForwardingClientCallListener.java:23)
	at com.alibaba.nacos.shaded.io.grpc.ForwardingClientCallListener$SimpleForwardingClientCallListener.onClose(ForwardingClientCallListener.java:40)
	at com.alibaba.nacos.shaded.io.grpc.internal.CensusStatsModule$StatsClientInterceptor$1$1.onClose(CensusStatsModule.java:700)
	at com.alibaba.nacos.shaded.io.grpc.PartialForwardingClientCallListener.onClose(PartialForwardingClientCallListener.java:39)
	at com.alibaba.nacos.shaded.io.grpc.ForwardingClientCallListener.onClose(ForwardingClientCallListener.java:23)
	at com.alibaba.nacos.shaded.io.grpc.ForwardingClientCallListener$SimpleForwardingClientCallListener.onClose(ForwardingClientCallListener.java:40)
	at com.alibaba.nacos.shaded.io.grpc.internal.CensusTracingModule$TracingClientInterceptor$1$1.onClose(CensusTracingModule.java:399)
	at com.alibaba.nacos.shaded.io.grpc.internal.ClientCallImpl.closeObserver(ClientCallImpl.java:510)
	at com.alibaba.nacos.shaded.io.grpc.internal.ClientCallImpl.access$300(ClientCallImpl.java:66)
	at com.alibaba.nacos.shaded.io.grpc.internal.ClientCallImpl$ClientStreamListenerImpl.close(ClientCallImpl.java:630)
	at com.alibaba.nacos.shaded.io.grpc.internal.ClientCallImpl$ClientStreamListenerImpl.access$700(ClientCallImpl.java:518)
	at com.alibaba.nacos.shaded.io.grpc.internal.ClientCallImpl$ClientStreamListenerImpl$1StreamClosed.runInternal(ClientCallImpl.java:692)
	at com.alibaba.nacos.shaded.io.grpc.internal.ClientCallImpl$ClientStreamListenerImpl$1StreamClosed.runInContext(ClientCallImpl.java:681)
	at com.alibaba.nacos.shaded.io.grpc.internal.ContextRunnable.run(ContextRunnable.java:37)
	at com.alibaba.nacos.shaded.io.grpc.internal.SerializingExecutor.run(SerializingExecutor.java:123)
	... 3 common frames omitted
Caused by: com.alibaba.nacos.shaded.io.grpc.netty.shaded.io.netty.channel.AbstractChannel$AnnotatedConnectException: Connection refused: no further information: /127.0.0.1:9848
Caused by: java.net.ConnectException: Connection refused: no further information
	at java.base/sun.nio.ch.Net.pollConnect(Native Method)
	at java.base/sun.nio.ch.Net.pollConnectNow(Net.java:672)
	at java.base/sun.nio.ch.SocketChannelImpl.finishConnect(SocketChannelImpl.java:973)
	at com.alibaba.nacos.shaded.io.grpc.netty.shaded.io.netty.channel.socket.nio.NioSocketChannel.doFinishConnect(NioSocketChannel.java:327)
	at com.alibaba.nacos.shaded.io.grpc.netty.shaded.io.netty.channel.nio.AbstractNioChannel$AbstractNioUnsafe.finishConnect(AbstractNioChannel.java:336)
	at com.alibaba.nacos.shaded.io.grpc.netty.shaded.io.netty.channel.nio.NioEventLoop.processSelectedKey(NioEventLoop.java:685)
	at com.alibaba.nacos.shaded.io.grpc.netty.shaded.io.netty.channel.nio.NioEventLoop.processSelectedKeysOptimized(NioEventLoop.java:632)
	at com.alibaba.nacos.shaded.io.grpc.netty.shaded.io.netty.channel.nio.NioEventLoop.processSelectedKeys(NioEventLoop.java:549)
	at com.alibaba.nacos.shaded.io.grpc.netty.shaded.io.netty.channel.nio.NioEventLoop.run(NioEventLoop.java:511)
	at com.alibaba.nacos.shaded.io.grpc.netty.shaded.io.netty.util.concurrent.SingleThreadEventExecutor$5.run(SingleThreadEventExecutor.java:918)
	at com.alibaba.nacos.shaded.io.grpc.netty.shaded.io.netty.util.internal.ThreadExecutorMap$2.run(ThreadExecutorMap.java:74)
	at com.alibaba.nacos.shaded.io.grpc.netty.shaded.io.netty.util.concurrent.FastThreadLocalRunnable.run(FastThreadLocalRunnable.java:30)
	at java.base/java.lang.Thread.run(Thread.java:1589)
2025-09-19 15:13:22.773  INFO  [com.alibaba.nacos.client.remote.worker] c.a.n.c.r.client - [163007b4-b646-410a-bc60-e39b7011f5a8] Fail to connect server, after trying 19 times, last try server is {serverIp = '127.0.0.1', server main port = 8848}, error = unknown
2025-09-19 15:13:24.026  ERROR [com.alibaba.nacos.client.remote.worker] c.a.n.c.r.c.g.GrpcClient - Server check fail, please check server 127.0.0.1 ,port 9848 is available , error ={}
java.util.concurrent.ExecutionException: com.alibaba.nacos.shaded.io.grpc.StatusRuntimeException: UNAVAILABLE: io exception
	at com.alibaba.nacos.shaded.com.google.common.util.concurrent.AbstractFuture.getDoneValue(AbstractFuture.java:566)
	at com.alibaba.nacos.shaded.com.google.common.util.concurrent.AbstractFuture.get(AbstractFuture.java:445)
	at com.alibaba.nacos.common.remote.client.grpc.GrpcClient.serverCheck(GrpcClient.java:148)
	at com.alibaba.nacos.common.remote.client.grpc.GrpcClient.connectToServer(GrpcClient.java:264)
	at com.alibaba.nacos.common.remote.client.RpcClient.reconnect(RpcClient.java:522)
	at com.alibaba.nacos.common.remote.client.RpcClient.lambda$start$2(RpcClient.java:370)
	at java.base/java.util.concurrent.Executors$RunnableAdapter.call(Executors.java:577)
	at java.base/java.util.concurrent.FutureTask.run(FutureTask.java:317)
	at java.base/java.util.concurrent.ScheduledThreadPoolExecutor$ScheduledFutureTask.run(ScheduledThreadPoolExecutor.java:304)
	at java.base/java.util.concurrent.ThreadPoolExecutor.runWorker(ThreadPoolExecutor.java:1144)
	at java.base/java.util.concurrent.ThreadPoolExecutor$Worker.run(ThreadPoolExecutor.java:642)
	at java.base/java.lang.Thread.run(Thread.java:1589)
Caused by: com.alibaba.nacos.shaded.io.grpc.StatusRuntimeException: UNAVAILABLE: io exception
	at com.alibaba.nacos.shaded.io.grpc.Status.asRuntimeException(Status.java:533)
	at com.alibaba.nacos.shaded.io.grpc.stub.ClientCalls$UnaryStreamToFuture.onClose(ClientCalls.java:490)
	at com.alibaba.nacos.shaded.io.grpc.PartialForwardingClientCallListener.onClose(PartialForwardingClientCallListener.java:39)
	at com.alibaba.nacos.shaded.io.grpc.ForwardingClientCallListener.onClose(ForwardingClientCallListener.java:23)
	at com.alibaba.nacos.shaded.io.grpc.ForwardingClientCallListener$SimpleForwardingClientCallListener.onClose(ForwardingClientCallListener.java:40)
	at com.alibaba.nacos.shaded.io.grpc.internal.CensusStatsModule$StatsClientInterceptor$1$1.onClose(CensusStatsModule.java:700)
	at com.alibaba.nacos.shaded.io.grpc.PartialForwardingClientCallListener.onClose(PartialForwardingClientCallListener.java:39)
	at com.alibaba.nacos.shaded.io.grpc.ForwardingClientCallListener.onClose(ForwardingClientCallListener.java:23)
	at com.alibaba.nacos.shaded.io.grpc.ForwardingClientCallListener$SimpleForwardingClientCallListener.onClose(ForwardingClientCallListener.java:40)
	at com.alibaba.nacos.shaded.io.grpc.internal.CensusTracingModule$TracingClientInterceptor$1$1.onClose(CensusTracingModule.java:399)
	at com.alibaba.nacos.shaded.io.grpc.internal.ClientCallImpl.closeObserver(ClientCallImpl.java:510)
	at com.alibaba.nacos.shaded.io.grpc.internal.ClientCallImpl.access$300(ClientCallImpl.java:66)
	at com.alibaba.nacos.shaded.io.grpc.internal.ClientCallImpl$ClientStreamListenerImpl.close(ClientCallImpl.java:630)
	at com.alibaba.nacos.shaded.io.grpc.internal.ClientCallImpl$ClientStreamListenerImpl.access$700(ClientCallImpl.java:518)
	at com.alibaba.nacos.shaded.io.grpc.internal.ClientCallImpl$ClientStreamListenerImpl$1StreamClosed.runInternal(ClientCallImpl.java:692)
	at com.alibaba.nacos.shaded.io.grpc.internal.ClientCallImpl$ClientStreamListenerImpl$1StreamClosed.runInContext(ClientCallImpl.java:681)
	at com.alibaba.nacos.shaded.io.grpc.internal.ContextRunnable.run(ContextRunnable.java:37)
	at com.alibaba.nacos.shaded.io.grpc.internal.SerializingExecutor.run(SerializingExecutor.java:123)
	... 3 common frames omitted
Caused by: com.alibaba.nacos.shaded.io.grpc.netty.shaded.io.netty.channel.AbstractChannel$AnnotatedConnectException: Connection refused: no further information: /127.0.0.1:9848
Caused by: java.net.ConnectException: Connection refused: no further information
	at java.base/sun.nio.ch.Net.pollConnect(Native Method)
	at java.base/sun.nio.ch.Net.pollConnectNow(Net.java:672)
	at java.base/sun.nio.ch.SocketChannelImpl.finishConnect(SocketChannelImpl.java:973)
	at com.alibaba.nacos.shaded.io.grpc.netty.shaded.io.netty.channel.socket.nio.NioSocketChannel.doFinishConnect(NioSocketChannel.java:327)
	at com.alibaba.nacos.shaded.io.grpc.netty.shaded.io.netty.channel.nio.AbstractNioChannel$AbstractNioUnsafe.finishConnect(AbstractNioChannel.java:336)
	at com.alibaba.nacos.shaded.io.grpc.netty.shaded.io.netty.channel.nio.NioEventLoop.processSelectedKey(NioEventLoop.java:685)
	at com.alibaba.nacos.shaded.io.grpc.netty.shaded.io.netty.channel.nio.NioEventLoop.processSelectedKeysOptimized(NioEventLoop.java:632)
	at com.alibaba.nacos.shaded.io.grpc.netty.shaded.io.netty.channel.nio.NioEventLoop.processSelectedKeys(NioEventLoop.java:549)
	at com.alibaba.nacos.shaded.io.grpc.netty.shaded.io.netty.channel.nio.NioEventLoop.run(NioEventLoop.java:511)
	at com.alibaba.nacos.shaded.io.grpc.netty.shaded.io.netty.util.concurrent.SingleThreadEventExecutor$5.run(SingleThreadEventExecutor.java:918)
	at com.alibaba.nacos.shaded.io.grpc.netty.shaded.io.netty.util.internal.ThreadExecutorMap$2.run(ThreadExecutorMap.java:74)
	at com.alibaba.nacos.shaded.io.grpc.netty.shaded.io.netty.util.concurrent.FastThreadLocalRunnable.run(FastThreadLocalRunnable.java:30)
	at java.base/java.lang.Thread.run(Thread.java:1589)
2025-09-19 15:13:24.027  INFO  [com.alibaba.nacos.client.remote.worker] c.a.n.c.r.client - [6557a64c-d3e6-481c-b159-daeb774ca1a6_config-0] Fail to connect server, after trying 20 times, last try server is {serverIp = '127.0.0.1', server main port = 8848}, error = unknown
2025-09-19 15:13:24.788  ERROR [com.alibaba.nacos.client.remote.worker] c.a.n.c.r.c.g.GrpcClient - Server check fail, please check server 127.0.0.1 ,port 9848 is available , error ={}
java.util.concurrent.ExecutionException: com.alibaba.nacos.shaded.io.grpc.StatusRuntimeException: UNAVAILABLE: io exception
	at com.alibaba.nacos.shaded.com.google.common.util.concurrent.AbstractFuture.getDoneValue(AbstractFuture.java:566)
	at com.alibaba.nacos.shaded.com.google.common.util.concurrent.AbstractFuture.get(AbstractFuture.java:445)
	at com.alibaba.nacos.common.remote.client.grpc.GrpcClient.serverCheck(GrpcClient.java:148)
	at com.alibaba.nacos.common.remote.client.grpc.GrpcClient.connectToServer(GrpcClient.java:264)
	at com.alibaba.nacos.common.remote.client.RpcClient.reconnect(RpcClient.java:522)
	at com.alibaba.nacos.common.remote.client.RpcClient.lambda$start$2(RpcClient.java:370)
	at java.base/java.util.concurrent.Executors$RunnableAdapter.call(Executors.java:577)
	at java.base/java.util.concurrent.FutureTask.run(FutureTask.java:317)
	at java.base/java.util.concurrent.ScheduledThreadPoolExecutor$ScheduledFutureTask.run(ScheduledThreadPoolExecutor.java:304)
	at java.base/java.util.concurrent.ThreadPoolExecutor.runWorker(ThreadPoolExecutor.java:1144)
	at java.base/java.util.concurrent.ThreadPoolExecutor$Worker.run(ThreadPoolExecutor.java:642)
	at java.base/java.lang.Thread.run(Thread.java:1589)
Caused by: com.alibaba.nacos.shaded.io.grpc.StatusRuntimeException: UNAVAILABLE: io exception
	at com.alibaba.nacos.shaded.io.grpc.Status.asRuntimeException(Status.java:533)
	at com.alibaba.nacos.shaded.io.grpc.stub.ClientCalls$UnaryStreamToFuture.onClose(ClientCalls.java:490)
	at com.alibaba.nacos.shaded.io.grpc.PartialForwardingClientCallListener.onClose(PartialForwardingClientCallListener.java:39)
	at com.alibaba.nacos.shaded.io.grpc.ForwardingClientCallListener.onClose(ForwardingClientCallListener.java:23)
	at com.alibaba.nacos.shaded.io.grpc.ForwardingClientCallListener$SimpleForwardingClientCallListener.onClose(ForwardingClientCallListener.java:40)
	at com.alibaba.nacos.shaded.io.grpc.internal.CensusStatsModule$StatsClientInterceptor$1$1.onClose(CensusStatsModule.java:700)
	at com.alibaba.nacos.shaded.io.grpc.PartialForwardingClientCallListener.onClose(PartialForwardingClientCallListener.java:39)
	at com.alibaba.nacos.shaded.io.grpc.ForwardingClientCallListener.onClose(ForwardingClientCallListener.java:23)
	at com.alibaba.nacos.shaded.io.grpc.ForwardingClientCallListener$SimpleForwardingClientCallListener.onClose(ForwardingClientCallListener.java:40)
	at com.alibaba.nacos.shaded.io.grpc.internal.CensusTracingModule$TracingClientInterceptor$1$1.onClose(CensusTracingModule.java:399)
	at com.alibaba.nacos.shaded.io.grpc.internal.ClientCallImpl.closeObserver(ClientCallImpl.java:510)
	at com.alibaba.nacos.shaded.io.grpc.internal.ClientCallImpl.access$300(ClientCallImpl.java:66)
	at com.alibaba.nacos.shaded.io.grpc.internal.ClientCallImpl$ClientStreamListenerImpl.close(ClientCallImpl.java:630)
	at com.alibaba.nacos.shaded.io.grpc.internal.ClientCallImpl$ClientStreamListenerImpl.access$700(ClientCallImpl.java:518)
	at com.alibaba.nacos.shaded.io.grpc.internal.ClientCallImpl$ClientStreamListenerImpl$1StreamClosed.runInternal(ClientCallImpl.java:692)
	at com.alibaba.nacos.shaded.io.grpc.internal.ClientCallImpl$ClientStreamListenerImpl$1StreamClosed.runInContext(ClientCallImpl.java:681)
	at com.alibaba.nacos.shaded.io.grpc.internal.ContextRunnable.run(ContextRunnable.java:37)
	at com.alibaba.nacos.shaded.io.grpc.internal.SerializingExecutor.run(SerializingExecutor.java:123)
	... 3 common frames omitted
Caused by: com.alibaba.nacos.shaded.io.grpc.netty.shaded.io.netty.channel.AbstractChannel$AnnotatedConnectException: Connection refused: no further information: /127.0.0.1:9848
Caused by: java.net.ConnectException: Connection refused: no further information
	at java.base/sun.nio.ch.Net.pollConnect(Native Method)
	at java.base/sun.nio.ch.Net.pollConnectNow(Net.java:672)
	at java.base/sun.nio.ch.SocketChannelImpl.finishConnect(SocketChannelImpl.java:973)
	at com.alibaba.nacos.shaded.io.grpc.netty.shaded.io.netty.channel.socket.nio.NioSocketChannel.doFinishConnect(NioSocketChannel.java:327)
	at com.alibaba.nacos.shaded.io.grpc.netty.shaded.io.netty.channel.nio.AbstractNioChannel$AbstractNioUnsafe.finishConnect(AbstractNioChannel.java:336)
	at com.alibaba.nacos.shaded.io.grpc.netty.shaded.io.netty.channel.nio.NioEventLoop.processSelectedKey(NioEventLoop.java:685)
	at com.alibaba.nacos.shaded.io.grpc.netty.shaded.io.netty.channel.nio.NioEventLoop.processSelectedKeysOptimized(NioEventLoop.java:632)
	at com.alibaba.nacos.shaded.io.grpc.netty.shaded.io.netty.channel.nio.NioEventLoop.processSelectedKeys(NioEventLoop.java:549)
	at com.alibaba.nacos.shaded.io.grpc.netty.shaded.io.netty.channel.nio.NioEventLoop.run(NioEventLoop.java:511)
	at com.alibaba.nacos.shaded.io.grpc.netty.shaded.io.netty.util.concurrent.SingleThreadEventExecutor$5.run(SingleThreadEventExecutor.java:918)
	at com.alibaba.nacos.shaded.io.grpc.netty.shaded.io.netty.util.internal.ThreadExecutorMap$2.run(ThreadExecutorMap.java:74)
	at com.alibaba.nacos.shaded.io.grpc.netty.shaded.io.netty.util.concurrent.FastThreadLocalRunnable.run(FastThreadLocalRunnable.java:30)
	at java.base/java.lang.Thread.run(Thread.java:1589)
2025-09-19 15:13:24.788  INFO  [com.alibaba.nacos.client.remote.worker] c.a.n.c.r.client - [163007b4-b646-410a-bc60-e39b7011f5a8] Fail to connect server, after trying 20 times, last try server is {serverIp = '127.0.0.1', server main port = 8848}, error = unknown
2025-09-19 15:13:24.818  ERROR [com.alibaba.nacos.client.Worker] c.a.n.c.r.client - Send request fail, request = ConfigBatchListenRequest{headers={charset=UTF-8, Client-AppName=unknown, Client-RequestToken=382ce698983d7410f308d19ec47add70, Client-RequestTS=1758266004717, exConfigInfo=true, Timestamp=1758266004717}, requestId='null'}, retryTimes = 0, errorMessage = Client not connected, current status:STARTING
2025-09-19 15:13:24.919  ERROR [com.alibaba.nacos.client.Worker] c.a.n.c.r.client - Send request fail, request = ConfigBatchListenRequest{headers={charset=UTF-8, Client-AppName=unknown, Client-RequestToken=382ce698983d7410f308d19ec47add70, Client-RequestTS=1758266004717, exConfigInfo=true, Timestamp=1758266004717}, requestId='null'}, retryTimes = 1, errorMessage = Client not connected, current status:STARTING
2025-09-19 15:13:25.022  ERROR [com.alibaba.nacos.client.Worker] c.a.n.c.r.client - Send request fail, request = ConfigBatchListenRequest{headers={charset=UTF-8, Client-AppName=unknown, Client-RequestToken=382ce698983d7410f308d19ec47add70, Client-RequestTS=1758266004717, exConfigInfo=true, Timestamp=1758266004717}, requestId='null'}, retryTimes = 2, errorMessage = Client not connected, current status:STARTING
2025-09-19 15:13:26.162  ERROR [com.alibaba.nacos.client.remote.worker] c.a.n.c.r.c.g.GrpcClient - Server check fail, please check server 127.0.0.1 ,port 9848 is available , error ={}
java.util.concurrent.ExecutionException: com.alibaba.nacos.shaded.io.grpc.StatusRuntimeException: UNAVAILABLE: io exception
	at com.alibaba.nacos.shaded.com.google.common.util.concurrent.AbstractFuture.getDoneValue(AbstractFuture.java:566)
	at com.alibaba.nacos.shaded.com.google.common.util.concurrent.AbstractFuture.get(AbstractFuture.java:445)
	at com.alibaba.nacos.common.remote.client.grpc.GrpcClient.serverCheck(GrpcClient.java:148)
	at com.alibaba.nacos.common.remote.client.grpc.GrpcClient.connectToServer(GrpcClient.java:264)
	at com.alibaba.nacos.common.remote.client.RpcClient.reconnect(RpcClient.java:522)
	at com.alibaba.nacos.common.remote.client.RpcClient.lambda$start$2(RpcClient.java:370)
	at java.base/java.util.concurrent.Executors$RunnableAdapter.call(Executors.java:577)
	at java.base/java.util.concurrent.FutureTask.run(FutureTask.java:317)
	at java.base/java.util.concurrent.ScheduledThreadPoolExecutor$ScheduledFutureTask.run(ScheduledThreadPoolExecutor.java:304)
	at java.base/java.util.concurrent.ThreadPoolExecutor.runWorker(ThreadPoolExecutor.java:1144)
	at java.base/java.util.concurrent.ThreadPoolExecutor$Worker.run(ThreadPoolExecutor.java:642)
	at java.base/java.lang.Thread.run(Thread.java:1589)
Caused by: com.alibaba.nacos.shaded.io.grpc.StatusRuntimeException: UNAVAILABLE: io exception
	at com.alibaba.nacos.shaded.io.grpc.Status.asRuntimeException(Status.java:533)
	at com.alibaba.nacos.shaded.io.grpc.stub.ClientCalls$UnaryStreamToFuture.onClose(ClientCalls.java:490)
	at com.alibaba.nacos.shaded.io.grpc.PartialForwardingClientCallListener.onClose(PartialForwardingClientCallListener.java:39)
	at com.alibaba.nacos.shaded.io.grpc.ForwardingClientCallListener.onClose(ForwardingClientCallListener.java:23)
	at com.alibaba.nacos.shaded.io.grpc.ForwardingClientCallListener$SimpleForwardingClientCallListener.onClose(ForwardingClientCallListener.java:40)
	at com.alibaba.nacos.shaded.io.grpc.internal.CensusStatsModule$StatsClientInterceptor$1$1.onClose(CensusStatsModule.java:700)
	at com.alibaba.nacos.shaded.io.grpc.PartialForwardingClientCallListener.onClose(PartialForwardingClientCallListener.java:39)
	at com.alibaba.nacos.shaded.io.grpc.ForwardingClientCallListener.onClose(ForwardingClientCallListener.java:23)
	at com.alibaba.nacos.shaded.io.grpc.ForwardingClientCallListener$SimpleForwardingClientCallListener.onClose(ForwardingClientCallListener.java:40)
	at com.alibaba.nacos.shaded.io.grpc.internal.CensusTracingModule$TracingClientInterceptor$1$1.onClose(CensusTracingModule.java:399)
	at com.alibaba.nacos.shaded.io.grpc.internal.ClientCallImpl.closeObserver(ClientCallImpl.java:510)
	at com.alibaba.nacos.shaded.io.grpc.internal.ClientCallImpl.access$300(ClientCallImpl.java:66)
	at com.alibaba.nacos.shaded.io.grpc.internal.ClientCallImpl$ClientStreamListenerImpl.close(ClientCallImpl.java:630)
	at com.alibaba.nacos.shaded.io.grpc.internal.ClientCallImpl$ClientStreamListenerImpl.access$700(ClientCallImpl.java:518)
	at com.alibaba.nacos.shaded.io.grpc.internal.ClientCallImpl$ClientStreamListenerImpl$1StreamClosed.runInternal(ClientCallImpl.java:692)
	at com.alibaba.nacos.shaded.io.grpc.internal.ClientCallImpl$ClientStreamListenerImpl$1StreamClosed.runInContext(ClientCallImpl.java:681)
	at com.alibaba.nacos.shaded.io.grpc.internal.ContextRunnable.run(ContextRunnable.java:37)
	at com.alibaba.nacos.shaded.io.grpc.internal.SerializingExecutor.run(SerializingExecutor.java:123)
	... 3 common frames omitted
Caused by: com.alibaba.nacos.shaded.io.grpc.netty.shaded.io.netty.channel.AbstractChannel$AnnotatedConnectException: Connection refused: no further information: /127.0.0.1:9848
Caused by: java.net.ConnectException: Connection refused: no further information
	at java.base/sun.nio.ch.Net.pollConnect(Native Method)
	at java.base/sun.nio.ch.Net.pollConnectNow(Net.java:672)
	at java.base/sun.nio.ch.SocketChannelImpl.finishConnect(SocketChannelImpl.java:973)
	at com.alibaba.nacos.shaded.io.grpc.netty.shaded.io.netty.channel.socket.nio.NioSocketChannel.doFinishConnect(NioSocketChannel.java:327)
	at com.alibaba.nacos.shaded.io.grpc.netty.shaded.io.netty.channel.nio.AbstractNioChannel$AbstractNioUnsafe.finishConnect(AbstractNioChannel.java:336)
	at com.alibaba.nacos.shaded.io.grpc.netty.shaded.io.netty.channel.nio.NioEventLoop.processSelectedKey(NioEventLoop.java:685)
	at com.alibaba.nacos.shaded.io.grpc.netty.shaded.io.netty.channel.nio.NioEventLoop.processSelectedKeysOptimized(NioEventLoop.java:632)
	at com.alibaba.nacos.shaded.io.grpc.netty.shaded.io.netty.channel.nio.NioEventLoop.processSelectedKeys(NioEventLoop.java:549)
	at com.alibaba.nacos.shaded.io.grpc.netty.shaded.io.netty.channel.nio.NioEventLoop.run(NioEventLoop.java:511)
	at com.alibaba.nacos.shaded.io.grpc.netty.shaded.io.netty.util.concurrent.SingleThreadEventExecutor$5.run(SingleThreadEventExecutor.java:918)
	at com.alibaba.nacos.shaded.io.grpc.netty.shaded.io.netty.util.internal.ThreadExecutorMap$2.run(ThreadExecutorMap.java:74)
	at com.alibaba.nacos.shaded.io.grpc.netty.shaded.io.netty.util.concurrent.FastThreadLocalRunnable.run(FastThreadLocalRunnable.java:30)
	at java.base/java.lang.Thread.run(Thread.java:1589)
2025-09-19 15:13:26.163  INFO  [com.alibaba.nacos.client.remote.worker] c.a.n.c.r.client - [6557a64c-d3e6-481c-b159-daeb774ca1a6_config-0] Fail to connect server, after trying 21 times, last try server is {serverIp = '127.0.0.1', server main port = 8848}, error = unknown
2025-09-19 15:13:26.892  ERROR [com.alibaba.nacos.client.remote.worker] c.a.n.c.r.c.g.GrpcClient - Server check fail, please check server 127.0.0.1 ,port 9848 is available , error ={}
java.util.concurrent.ExecutionException: com.alibaba.nacos.shaded.io.grpc.StatusRuntimeException: UNAVAILABLE: io exception
	at com.alibaba.nacos.shaded.com.google.common.util.concurrent.AbstractFuture.getDoneValue(AbstractFuture.java:566)
	at com.alibaba.nacos.shaded.com.google.common.util.concurrent.AbstractFuture.get(AbstractFuture.java:445)
	at com.alibaba.nacos.common.remote.client.grpc.GrpcClient.serverCheck(GrpcClient.java:148)
	at com.alibaba.nacos.common.remote.client.grpc.GrpcClient.connectToServer(GrpcClient.java:264)
	at com.alibaba.nacos.common.remote.client.RpcClient.reconnect(RpcClient.java:522)
	at com.alibaba.nacos.common.remote.client.RpcClient.lambda$start$2(RpcClient.java:370)
	at java.base/java.util.concurrent.Executors$RunnableAdapter.call(Executors.java:577)
	at java.base/java.util.concurrent.FutureTask.run(FutureTask.java:317)
	at java.base/java.util.concurrent.ScheduledThreadPoolExecutor$ScheduledFutureTask.run(ScheduledThreadPoolExecutor.java:304)
	at java.base/java.util.concurrent.ThreadPoolExecutor.runWorker(ThreadPoolExecutor.java:1144)
	at java.base/java.util.concurrent.ThreadPoolExecutor$Worker.run(ThreadPoolExecutor.java:642)
	at java.base/java.lang.Thread.run(Thread.java:1589)
Caused by: com.alibaba.nacos.shaded.io.grpc.StatusRuntimeException: UNAVAILABLE: io exception
	at com.alibaba.nacos.shaded.io.grpc.Status.asRuntimeException(Status.java:533)
	at com.alibaba.nacos.shaded.io.grpc.stub.ClientCalls$UnaryStreamToFuture.onClose(ClientCalls.java:490)
	at com.alibaba.nacos.shaded.io.grpc.PartialForwardingClientCallListener.onClose(PartialForwardingClientCallListener.java:39)
	at com.alibaba.nacos.shaded.io.grpc.ForwardingClientCallListener.onClose(ForwardingClientCallListener.java:23)
	at com.alibaba.nacos.shaded.io.grpc.ForwardingClientCallListener$SimpleForwardingClientCallListener.onClose(ForwardingClientCallListener.java:40)
	at com.alibaba.nacos.shaded.io.grpc.internal.CensusStatsModule$StatsClientInterceptor$1$1.onClose(CensusStatsModule.java:700)
	at com.alibaba.nacos.shaded.io.grpc.PartialForwardingClientCallListener.onClose(PartialForwardingClientCallListener.java:39)
	at com.alibaba.nacos.shaded.io.grpc.ForwardingClientCallListener.onClose(ForwardingClientCallListener.java:23)
	at com.alibaba.nacos.shaded.io.grpc.ForwardingClientCallListener$SimpleForwardingClientCallListener.onClose(ForwardingClientCallListener.java:40)
	at com.alibaba.nacos.shaded.io.grpc.internal.CensusTracingModule$TracingClientInterceptor$1$1.onClose(CensusTracingModule.java:399)
	at com.alibaba.nacos.shaded.io.grpc.internal.ClientCallImpl.closeObserver(ClientCallImpl.java:510)
	at com.alibaba.nacos.shaded.io.grpc.internal.ClientCallImpl.access$300(ClientCallImpl.java:66)
	at com.alibaba.nacos.shaded.io.grpc.internal.ClientCallImpl$ClientStreamListenerImpl.close(ClientCallImpl.java:630)
	at com.alibaba.nacos.shaded.io.grpc.internal.ClientCallImpl$ClientStreamListenerImpl.access$700(ClientCallImpl.java:518)
	at com.alibaba.nacos.shaded.io.grpc.internal.ClientCallImpl$ClientStreamListenerImpl$1StreamClosed.runInternal(ClientCallImpl.java:692)
	at com.alibaba.nacos.shaded.io.grpc.internal.ClientCallImpl$ClientStreamListenerImpl$1StreamClosed.runInContext(ClientCallImpl.java:681)
	at com.alibaba.nacos.shaded.io.grpc.internal.ContextRunnable.run(ContextRunnable.java:37)
	at com.alibaba.nacos.shaded.io.grpc.internal.SerializingExecutor.run(SerializingExecutor.java:123)
	... 3 common frames omitted
Caused by: com.alibaba.nacos.shaded.io.grpc.netty.shaded.io.netty.channel.AbstractChannel$AnnotatedConnectException: Connection refused: no further information: /127.0.0.1:9848
Caused by: java.net.ConnectException: Connection refused: no further information
	at java.base/sun.nio.ch.Net.pollConnect(Native Method)
	at java.base/sun.nio.ch.Net.pollConnectNow(Net.java:672)
	at java.base/sun.nio.ch.SocketChannelImpl.finishConnect(SocketChannelImpl.java:973)
	at com.alibaba.nacos.shaded.io.grpc.netty.shaded.io.netty.channel.socket.nio.NioSocketChannel.doFinishConnect(NioSocketChannel.java:327)
	at com.alibaba.nacos.shaded.io.grpc.netty.shaded.io.netty.channel.nio.AbstractNioChannel$AbstractNioUnsafe.finishConnect(AbstractNioChannel.java:336)
	at com.alibaba.nacos.shaded.io.grpc.netty.shaded.io.netty.channel.nio.NioEventLoop.processSelectedKey(NioEventLoop.java:685)
	at com.alibaba.nacos.shaded.io.grpc.netty.shaded.io.netty.channel.nio.NioEventLoop.processSelectedKeysOptimized(NioEventLoop.java:632)
	at com.alibaba.nacos.shaded.io.grpc.netty.shaded.io.netty.channel.nio.NioEventLoop.processSelectedKeys(NioEventLoop.java:549)
	at com.alibaba.nacos.shaded.io.grpc.netty.shaded.io.netty.channel.nio.NioEventLoop.run(NioEventLoop.java:511)
	at com.alibaba.nacos.shaded.io.grpc.netty.shaded.io.netty.util.concurrent.SingleThreadEventExecutor$5.run(SingleThreadEventExecutor.java:918)
	at com.alibaba.nacos.shaded.io.grpc.netty.shaded.io.netty.util.internal.ThreadExecutorMap$2.run(ThreadExecutorMap.java:74)
	at com.alibaba.nacos.shaded.io.grpc.netty.shaded.io.netty.util.concurrent.FastThreadLocalRunnable.run(FastThreadLocalRunnable.java:30)
	at java.base/java.lang.Thread.run(Thread.java:1589)
2025-09-19 15:13:26.892  INFO  [com.alibaba.nacos.client.remote.worker] c.a.n.c.r.client - [163007b4-b646-410a-bc60-e39b7011f5a8] Fail to connect server, after trying 21 times, last try server is {serverIp = '127.0.0.1', server main port = 8848}, error = unknown
2025-09-19 15:13:28.401  ERROR [com.alibaba.nacos.client.remote.worker] c.a.n.c.r.c.g.GrpcClient - Server check fail, please check server 127.0.0.1 ,port 9848 is available , error ={}
java.util.concurrent.ExecutionException: com.alibaba.nacos.shaded.io.grpc.StatusRuntimeException: UNAVAILABLE: io exception
	at com.alibaba.nacos.shaded.com.google.common.util.concurrent.AbstractFuture.getDoneValue(AbstractFuture.java:566)
	at com.alibaba.nacos.shaded.com.google.common.util.concurrent.AbstractFuture.get(AbstractFuture.java:445)
	at com.alibaba.nacos.common.remote.client.grpc.GrpcClient.serverCheck(GrpcClient.java:148)
	at com.alibaba.nacos.common.remote.client.grpc.GrpcClient.connectToServer(GrpcClient.java:264)
	at com.alibaba.nacos.common.remote.client.RpcClient.reconnect(RpcClient.java:522)
	at com.alibaba.nacos.common.remote.client.RpcClient.lambda$start$2(RpcClient.java:370)
	at java.base/java.util.concurrent.Executors$RunnableAdapter.call(Executors.java:577)
	at java.base/java.util.concurrent.FutureTask.run(FutureTask.java:317)
	at java.base/java.util.concurrent.ScheduledThreadPoolExecutor$ScheduledFutureTask.run(ScheduledThreadPoolExecutor.java:304)
	at java.base/java.util.concurrent.ThreadPoolExecutor.runWorker(ThreadPoolExecutor.java:1144)
	at java.base/java.util.concurrent.ThreadPoolExecutor$Worker.run(ThreadPoolExecutor.java:642)
	at java.base/java.lang.Thread.run(Thread.java:1589)
Caused by: com.alibaba.nacos.shaded.io.grpc.StatusRuntimeException: UNAVAILABLE: io exception
	at com.alibaba.nacos.shaded.io.grpc.Status.asRuntimeException(Status.java:533)
	at com.alibaba.nacos.shaded.io.grpc.stub.ClientCalls$UnaryStreamToFuture.onClose(ClientCalls.java:490)
	at com.alibaba.nacos.shaded.io.grpc.PartialForwardingClientCallListener.onClose(PartialForwardingClientCallListener.java:39)
	at com.alibaba.nacos.shaded.io.grpc.ForwardingClientCallListener.onClose(ForwardingClientCallListener.java:23)
	at com.alibaba.nacos.shaded.io.grpc.ForwardingClientCallListener$SimpleForwardingClientCallListener.onClose(ForwardingClientCallListener.java:40)
	at com.alibaba.nacos.shaded.io.grpc.internal.CensusStatsModule$StatsClientInterceptor$1$1.onClose(CensusStatsModule.java:700)
	at com.alibaba.nacos.shaded.io.grpc.PartialForwardingClientCallListener.onClose(PartialForwardingClientCallListener.java:39)
	at com.alibaba.nacos.shaded.io.grpc.ForwardingClientCallListener.onClose(ForwardingClientCallListener.java:23)
	at com.alibaba.nacos.shaded.io.grpc.ForwardingClientCallListener$SimpleForwardingClientCallListener.onClose(ForwardingClientCallListener.java:40)
	at com.alibaba.nacos.shaded.io.grpc.internal.CensusTracingModule$TracingClientInterceptor$1$1.onClose(CensusTracingModule.java:399)
	at com.alibaba.nacos.shaded.io.grpc.internal.ClientCallImpl.closeObserver(ClientCallImpl.java:510)
	at com.alibaba.nacos.shaded.io.grpc.internal.ClientCallImpl.access$300(ClientCallImpl.java:66)
	at com.alibaba.nacos.shaded.io.grpc.internal.ClientCallImpl$ClientStreamListenerImpl.close(ClientCallImpl.java:630)
	at com.alibaba.nacos.shaded.io.grpc.internal.ClientCallImpl$ClientStreamListenerImpl.access$700(ClientCallImpl.java:518)
	at com.alibaba.nacos.shaded.io.grpc.internal.ClientCallImpl$ClientStreamListenerImpl$1StreamClosed.runInternal(ClientCallImpl.java:692)
	at com.alibaba.nacos.shaded.io.grpc.internal.ClientCallImpl$ClientStreamListenerImpl$1StreamClosed.runInContext(ClientCallImpl.java:681)
	at com.alibaba.nacos.shaded.io.grpc.internal.ContextRunnable.run(ContextRunnable.java:37)
	at com.alibaba.nacos.shaded.io.grpc.internal.SerializingExecutor.run(SerializingExecutor.java:123)
	... 3 common frames omitted
Caused by: com.alibaba.nacos.shaded.io.grpc.netty.shaded.io.netty.channel.AbstractChannel$AnnotatedConnectException: Connection refused: no further information: /127.0.0.1:9848
Caused by: java.net.ConnectException: Connection refused: no further information
	at java.base/sun.nio.ch.Net.pollConnect(Native Method)
	at java.base/sun.nio.ch.Net.pollConnectNow(Net.java:672)
	at java.base/sun.nio.ch.SocketChannelImpl.finishConnect(SocketChannelImpl.java:973)
	at com.alibaba.nacos.shaded.io.grpc.netty.shaded.io.netty.channel.socket.nio.NioSocketChannel.doFinishConnect(NioSocketChannel.java:327)
	at com.alibaba.nacos.shaded.io.grpc.netty.shaded.io.netty.channel.nio.AbstractNioChannel$AbstractNioUnsafe.finishConnect(AbstractNioChannel.java:336)
	at com.alibaba.nacos.shaded.io.grpc.netty.shaded.io.netty.channel.nio.NioEventLoop.processSelectedKey(NioEventLoop.java:685)
	at com.alibaba.nacos.shaded.io.grpc.netty.shaded.io.netty.channel.nio.NioEventLoop.processSelectedKeysOptimized(NioEventLoop.java:632)
	at com.alibaba.nacos.shaded.io.grpc.netty.shaded.io.netty.channel.nio.NioEventLoop.processSelectedKeys(NioEventLoop.java:549)
	at com.alibaba.nacos.shaded.io.grpc.netty.shaded.io.netty.channel.nio.NioEventLoop.run(NioEventLoop.java:511)
	at com.alibaba.nacos.shaded.io.grpc.netty.shaded.io.netty.util.concurrent.SingleThreadEventExecutor$5.run(SingleThreadEventExecutor.java:918)
	at com.alibaba.nacos.shaded.io.grpc.netty.shaded.io.netty.util.internal.ThreadExecutorMap$2.run(ThreadExecutorMap.java:74)
	at com.alibaba.nacos.shaded.io.grpc.netty.shaded.io.netty.util.concurrent.FastThreadLocalRunnable.run(FastThreadLocalRunnable.java:30)
	at java.base/java.lang.Thread.run(Thread.java:1589)
2025-09-19 15:13:28.401  INFO  [com.alibaba.nacos.client.remote.worker] c.a.n.c.r.client - [6557a64c-d3e6-481c-b159-daeb774ca1a6_config-0] Fail to connect server, after trying 22 times, last try server is {serverIp = '127.0.0.1', server main port = 8848}, error = unknown
2025-09-19 15:13:29.096  ERROR [com.alibaba.nacos.client.remote.worker] c.a.n.c.r.c.g.GrpcClient - Server check fail, please check server 127.0.0.1 ,port 9848 is available , error ={}
java.util.concurrent.ExecutionException: com.alibaba.nacos.shaded.io.grpc.StatusRuntimeException: UNAVAILABLE: io exception
	at com.alibaba.nacos.shaded.com.google.common.util.concurrent.AbstractFuture.getDoneValue(AbstractFuture.java:566)
	at com.alibaba.nacos.shaded.com.google.common.util.concurrent.AbstractFuture.get(AbstractFuture.java:445)
	at com.alibaba.nacos.common.remote.client.grpc.GrpcClient.serverCheck(GrpcClient.java:148)
	at com.alibaba.nacos.common.remote.client.grpc.GrpcClient.connectToServer(GrpcClient.java:264)
	at com.alibaba.nacos.common.remote.client.RpcClient.reconnect(RpcClient.java:522)
	at com.alibaba.nacos.common.remote.client.RpcClient.lambda$start$2(RpcClient.java:370)
	at java.base/java.util.concurrent.Executors$RunnableAdapter.call(Executors.java:577)
	at java.base/java.util.concurrent.FutureTask.run(FutureTask.java:317)
	at java.base/java.util.concurrent.ScheduledThreadPoolExecutor$ScheduledFutureTask.run(ScheduledThreadPoolExecutor.java:304)
	at java.base/java.util.concurrent.ThreadPoolExecutor.runWorker(ThreadPoolExecutor.java:1144)
	at java.base/java.util.concurrent.ThreadPoolExecutor$Worker.run(ThreadPoolExecutor.java:642)
	at java.base/java.lang.Thread.run(Thread.java:1589)
Caused by: com.alibaba.nacos.shaded.io.grpc.StatusRuntimeException: UNAVAILABLE: io exception
	at com.alibaba.nacos.shaded.io.grpc.Status.asRuntimeException(Status.java:533)
	at com.alibaba.nacos.shaded.io.grpc.stub.ClientCalls$UnaryStreamToFuture.onClose(ClientCalls.java:490)
	at com.alibaba.nacos.shaded.io.grpc.PartialForwardingClientCallListener.onClose(PartialForwardingClientCallListener.java:39)
	at com.alibaba.nacos.shaded.io.grpc.ForwardingClientCallListener.onClose(ForwardingClientCallListener.java:23)
	at com.alibaba.nacos.shaded.io.grpc.ForwardingClientCallListener$SimpleForwardingClientCallListener.onClose(ForwardingClientCallListener.java:40)
	at com.alibaba.nacos.shaded.io.grpc.internal.CensusStatsModule$StatsClientInterceptor$1$1.onClose(CensusStatsModule.java:700)
	at com.alibaba.nacos.shaded.io.grpc.PartialForwardingClientCallListener.onClose(PartialForwardingClientCallListener.java:39)
	at com.alibaba.nacos.shaded.io.grpc.ForwardingClientCallListener.onClose(ForwardingClientCallListener.java:23)
	at com.alibaba.nacos.shaded.io.grpc.ForwardingClientCallListener$SimpleForwardingClientCallListener.onClose(ForwardingClientCallListener.java:40)
	at com.alibaba.nacos.shaded.io.grpc.internal.CensusTracingModule$TracingClientInterceptor$1$1.onClose(CensusTracingModule.java:399)
	at com.alibaba.nacos.shaded.io.grpc.internal.ClientCallImpl.closeObserver(ClientCallImpl.java:510)
	at com.alibaba.nacos.shaded.io.grpc.internal.ClientCallImpl.access$300(ClientCallImpl.java:66)
	at com.alibaba.nacos.shaded.io.grpc.internal.ClientCallImpl$ClientStreamListenerImpl.close(ClientCallImpl.java:630)
	at com.alibaba.nacos.shaded.io.grpc.internal.ClientCallImpl$ClientStreamListenerImpl.access$700(ClientCallImpl.java:518)
	at com.alibaba.nacos.shaded.io.grpc.internal.ClientCallImpl$ClientStreamListenerImpl$1StreamClosed.runInternal(ClientCallImpl.java:692)
	at com.alibaba.nacos.shaded.io.grpc.internal.ClientCallImpl$ClientStreamListenerImpl$1StreamClosed.runInContext(ClientCallImpl.java:681)
	at com.alibaba.nacos.shaded.io.grpc.internal.ContextRunnable.run(ContextRunnable.java:37)
	at com.alibaba.nacos.shaded.io.grpc.internal.SerializingExecutor.run(SerializingExecutor.java:123)
	... 3 common frames omitted
Caused by: com.alibaba.nacos.shaded.io.grpc.netty.shaded.io.netty.channel.AbstractChannel$AnnotatedConnectException: Connection refused: no further information: /127.0.0.1:9848
Caused by: java.net.ConnectException: Connection refused: no further information
	at java.base/sun.nio.ch.Net.pollConnect(Native Method)
	at java.base/sun.nio.ch.Net.pollConnectNow(Net.java:672)
	at java.base/sun.nio.ch.SocketChannelImpl.finishConnect(SocketChannelImpl.java:973)
	at com.alibaba.nacos.shaded.io.grpc.netty.shaded.io.netty.channel.socket.nio.NioSocketChannel.doFinishConnect(NioSocketChannel.java:327)
	at com.alibaba.nacos.shaded.io.grpc.netty.shaded.io.netty.channel.nio.AbstractNioChannel$AbstractNioUnsafe.finishConnect(AbstractNioChannel.java:336)
	at com.alibaba.nacos.shaded.io.grpc.netty.shaded.io.netty.channel.nio.NioEventLoop.processSelectedKey(NioEventLoop.java:685)
	at com.alibaba.nacos.shaded.io.grpc.netty.shaded.io.netty.channel.nio.NioEventLoop.processSelectedKeysOptimized(NioEventLoop.java:632)
	at com.alibaba.nacos.shaded.io.grpc.netty.shaded.io.netty.channel.nio.NioEventLoop.processSelectedKeys(NioEventLoop.java:549)
	at com.alibaba.nacos.shaded.io.grpc.netty.shaded.io.netty.channel.nio.NioEventLoop.run(NioEventLoop.java:511)
	at com.alibaba.nacos.shaded.io.grpc.netty.shaded.io.netty.util.concurrent.SingleThreadEventExecutor$5.run(SingleThreadEventExecutor.java:918)
	at com.alibaba.nacos.shaded.io.grpc.netty.shaded.io.netty.util.internal.ThreadExecutorMap$2.run(ThreadExecutorMap.java:74)
	at com.alibaba.nacos.shaded.io.grpc.netty.shaded.io.netty.util.concurrent.FastThreadLocalRunnable.run(FastThreadLocalRunnable.java:30)
	at java.base/java.lang.Thread.run(Thread.java:1589)
2025-09-19 15:13:29.096  INFO  [com.alibaba.nacos.client.remote.worker] c.a.n.c.r.client - [163007b4-b646-410a-bc60-e39b7011f5a8] Fail to connect server, after trying 22 times, last try server is {serverIp = '127.0.0.1', server main port = 8848}, error = unknown
2025-09-19 15:13:30.178  ERROR [com.alibaba.nacos.client.Worker] c.a.n.c.r.client - Send request fail, request = ConfigBatchListenRequest{headers={charset=UTF-8, Client-AppName=unknown, Client-RequestToken=e01dc5133a148c04dda074cee4162578, Client-RequestTS=1758266010076, exConfigInfo=true, Timestamp=1758266010076}, requestId='null'}, retryTimes = 0, errorMessage = Client not connected, current status:STARTING
2025-09-19 15:13:30.278  ERROR [com.alibaba.nacos.client.Worker] c.a.n.c.r.client - Send request fail, request = ConfigBatchListenRequest{headers={charset=UTF-8, Client-AppName=unknown, Client-RequestToken=e01dc5133a148c04dda074cee4162578, Client-RequestTS=1758266010076, exConfigInfo=true, Timestamp=1758266010076}, requestId='null'}, retryTimes = 1, errorMessage = Client not connected, current status:STARTING
2025-09-19 15:13:30.381  ERROR [com.alibaba.nacos.client.Worker] c.a.n.c.r.client - Send request fail, request = ConfigBatchListenRequest{headers={charset=UTF-8, Client-AppName=unknown, Client-RequestToken=e01dc5133a148c04dda074cee4162578, Client-RequestTS=1758266010076, exConfigInfo=true, Timestamp=1758266010076}, requestId='null'}, retryTimes = 2, errorMessage = Client not connected, current status:STARTING
2025-09-19 15:13:30.742  ERROR [com.alibaba.nacos.client.remote.worker] c.a.n.c.r.c.g.GrpcClient - Server check fail, please check server 127.0.0.1 ,port 9848 is available , error ={}
java.util.concurrent.ExecutionException: com.alibaba.nacos.shaded.io.grpc.StatusRuntimeException: UNAVAILABLE: io exception
	at com.alibaba.nacos.shaded.com.google.common.util.concurrent.AbstractFuture.getDoneValue(AbstractFuture.java:566)
	at com.alibaba.nacos.shaded.com.google.common.util.concurrent.AbstractFuture.get(AbstractFuture.java:445)
	at com.alibaba.nacos.common.remote.client.grpc.GrpcClient.serverCheck(GrpcClient.java:148)
	at com.alibaba.nacos.common.remote.client.grpc.GrpcClient.connectToServer(GrpcClient.java:264)
	at com.alibaba.nacos.common.remote.client.RpcClient.reconnect(RpcClient.java:522)
	at com.alibaba.nacos.common.remote.client.RpcClient.lambda$start$2(RpcClient.java:370)
	at java.base/java.util.concurrent.Executors$RunnableAdapter.call(Executors.java:577)
	at java.base/java.util.concurrent.FutureTask.run(FutureTask.java:317)
	at java.base/java.util.concurrent.ScheduledThreadPoolExecutor$ScheduledFutureTask.run(ScheduledThreadPoolExecutor.java:304)
	at java.base/java.util.concurrent.ThreadPoolExecutor.runWorker(ThreadPoolExecutor.java:1144)
	at java.base/java.util.concurrent.ThreadPoolExecutor$Worker.run(ThreadPoolExecutor.java:642)
	at java.base/java.lang.Thread.run(Thread.java:1589)
Caused by: com.alibaba.nacos.shaded.io.grpc.StatusRuntimeException: UNAVAILABLE: io exception
	at com.alibaba.nacos.shaded.io.grpc.Status.asRuntimeException(Status.java:533)
	at com.alibaba.nacos.shaded.io.grpc.stub.ClientCalls$UnaryStreamToFuture.onClose(ClientCalls.java:490)
	at com.alibaba.nacos.shaded.io.grpc.PartialForwardingClientCallListener.onClose(PartialForwardingClientCallListener.java:39)
	at com.alibaba.nacos.shaded.io.grpc.ForwardingClientCallListener.onClose(ForwardingClientCallListener.java:23)
	at com.alibaba.nacos.shaded.io.grpc.ForwardingClientCallListener$SimpleForwardingClientCallListener.onClose(ForwardingClientCallListener.java:40)
	at com.alibaba.nacos.shaded.io.grpc.internal.CensusStatsModule$StatsClientInterceptor$1$1.onClose(CensusStatsModule.java:700)
	at com.alibaba.nacos.shaded.io.grpc.PartialForwardingClientCallListener.onClose(PartialForwardingClientCallListener.java:39)
	at com.alibaba.nacos.shaded.io.grpc.ForwardingClientCallListener.onClose(ForwardingClientCallListener.java:23)
	at com.alibaba.nacos.shaded.io.grpc.ForwardingClientCallListener$SimpleForwardingClientCallListener.onClose(ForwardingClientCallListener.java:40)
	at com.alibaba.nacos.shaded.io.grpc.internal.CensusTracingModule$TracingClientInterceptor$1$1.onClose(CensusTracingModule.java:399)
	at com.alibaba.nacos.shaded.io.grpc.internal.ClientCallImpl.closeObserver(ClientCallImpl.java:510)
	at com.alibaba.nacos.shaded.io.grpc.internal.ClientCallImpl.access$300(ClientCallImpl.java:66)
	at com.alibaba.nacos.shaded.io.grpc.internal.ClientCallImpl$ClientStreamListenerImpl.close(ClientCallImpl.java:630)
	at com.alibaba.nacos.shaded.io.grpc.internal.ClientCallImpl$ClientStreamListenerImpl.access$700(ClientCallImpl.java:518)
	at com.alibaba.nacos.shaded.io.grpc.internal.ClientCallImpl$ClientStreamListenerImpl$1StreamClosed.runInternal(ClientCallImpl.java:692)
	at com.alibaba.nacos.shaded.io.grpc.internal.ClientCallImpl$ClientStreamListenerImpl$1StreamClosed.runInContext(ClientCallImpl.java:681)
	at com.alibaba.nacos.shaded.io.grpc.internal.ContextRunnable.run(ContextRunnable.java:37)
	at com.alibaba.nacos.shaded.io.grpc.internal.SerializingExecutor.run(SerializingExecutor.java:123)
	... 3 common frames omitted
Caused by: com.alibaba.nacos.shaded.io.grpc.netty.shaded.io.netty.channel.AbstractChannel$AnnotatedConnectException: Connection refused: no further information: /127.0.0.1:9848
Caused by: java.net.ConnectException: Connection refused: no further information
	at java.base/sun.nio.ch.Net.pollConnect(Native Method)
	at java.base/sun.nio.ch.Net.pollConnectNow(Net.java:672)
	at java.base/sun.nio.ch.SocketChannelImpl.finishConnect(SocketChannelImpl.java:973)
	at com.alibaba.nacos.shaded.io.grpc.netty.shaded.io.netty.channel.socket.nio.NioSocketChannel.doFinishConnect(NioSocketChannel.java:327)
	at com.alibaba.nacos.shaded.io.grpc.netty.shaded.io.netty.channel.nio.AbstractNioChannel$AbstractNioUnsafe.finishConnect(AbstractNioChannel.java:336)
	at com.alibaba.nacos.shaded.io.grpc.netty.shaded.io.netty.channel.nio.NioEventLoop.processSelectedKey(NioEventLoop.java:685)
	at com.alibaba.nacos.shaded.io.grpc.netty.shaded.io.netty.channel.nio.NioEventLoop.processSelectedKeysOptimized(NioEventLoop.java:632)
	at com.alibaba.nacos.shaded.io.grpc.netty.shaded.io.netty.channel.nio.NioEventLoop.processSelectedKeys(NioEventLoop.java:549)
	at com.alibaba.nacos.shaded.io.grpc.netty.shaded.io.netty.channel.nio.NioEventLoop.run(NioEventLoop.java:511)
	at com.alibaba.nacos.shaded.io.grpc.netty.shaded.io.netty.util.concurrent.SingleThreadEventExecutor$5.run(SingleThreadEventExecutor.java:918)
	at com.alibaba.nacos.shaded.io.grpc.netty.shaded.io.netty.util.internal.ThreadExecutorMap$2.run(ThreadExecutorMap.java:74)
	at com.alibaba.nacos.shaded.io.grpc.netty.shaded.io.netty.util.concurrent.FastThreadLocalRunnable.run(FastThreadLocalRunnable.java:30)
	at java.base/java.lang.Thread.run(Thread.java:1589)
2025-09-19 15:13:30.742  INFO  [com.alibaba.nacos.client.remote.worker] c.a.n.c.r.client - [6557a64c-d3e6-481c-b159-daeb774ca1a6_config-0] Fail to connect server, after trying 23 times, last try server is {serverIp = '127.0.0.1', server main port = 8848}, error = unknown
2025-09-19 15:13:31.400  ERROR [com.alibaba.nacos.client.remote.worker] c.a.n.c.r.c.g.GrpcClient - Server check fail, please check server 127.0.0.1 ,port 9848 is available , error ={}
java.util.concurrent.ExecutionException: com.alibaba.nacos.shaded.io.grpc.StatusRuntimeException: UNAVAILABLE: io exception
	at com.alibaba.nacos.shaded.com.google.common.util.concurrent.AbstractFuture.getDoneValue(AbstractFuture.java:566)
	at com.alibaba.nacos.shaded.com.google.common.util.concurrent.AbstractFuture.get(AbstractFuture.java:445)
	at com.alibaba.nacos.common.remote.client.grpc.GrpcClient.serverCheck(GrpcClient.java:148)
	at com.alibaba.nacos.common.remote.client.grpc.GrpcClient.connectToServer(GrpcClient.java:264)
	at com.alibaba.nacos.common.remote.client.RpcClient.reconnect(RpcClient.java:522)
	at com.alibaba.nacos.common.remote.client.RpcClient.lambda$start$2(RpcClient.java:370)
	at java.base/java.util.concurrent.Executors$RunnableAdapter.call(Executors.java:577)
	at java.base/java.util.concurrent.FutureTask.run(FutureTask.java:317)
	at java.base/java.util.concurrent.ScheduledThreadPoolExecutor$ScheduledFutureTask.run(ScheduledThreadPoolExecutor.java:304)
	at java.base/java.util.concurrent.ThreadPoolExecutor.runWorker(ThreadPoolExecutor.java:1144)
	at java.base/java.util.concurrent.ThreadPoolExecutor$Worker.run(ThreadPoolExecutor.java:642)
	at java.base/java.lang.Thread.run(Thread.java:1589)
Caused by: com.alibaba.nacos.shaded.io.grpc.StatusRuntimeException: UNAVAILABLE: io exception
	at com.alibaba.nacos.shaded.io.grpc.Status.asRuntimeException(Status.java:533)
	at com.alibaba.nacos.shaded.io.grpc.stub.ClientCalls$UnaryStreamToFuture.onClose(ClientCalls.java:490)
	at com.alibaba.nacos.shaded.io.grpc.PartialForwardingClientCallListener.onClose(PartialForwardingClientCallListener.java:39)
	at com.alibaba.nacos.shaded.io.grpc.ForwardingClientCallListener.onClose(ForwardingClientCallListener.java:23)
	at com.alibaba.nacos.shaded.io.grpc.ForwardingClientCallListener$SimpleForwardingClientCallListener.onClose(ForwardingClientCallListener.java:40)
	at com.alibaba.nacos.shaded.io.grpc.internal.CensusStatsModule$StatsClientInterceptor$1$1.onClose(CensusStatsModule.java:700)
	at com.alibaba.nacos.shaded.io.grpc.PartialForwardingClientCallListener.onClose(PartialForwardingClientCallListener.java:39)
	at com.alibaba.nacos.shaded.io.grpc.ForwardingClientCallListener.onClose(ForwardingClientCallListener.java:23)
	at com.alibaba.nacos.shaded.io.grpc.ForwardingClientCallListener$SimpleForwardingClientCallListener.onClose(ForwardingClientCallListener.java:40)
	at com.alibaba.nacos.shaded.io.grpc.internal.CensusTracingModule$TracingClientInterceptor$1$1.onClose(CensusTracingModule.java:399)
	at com.alibaba.nacos.shaded.io.grpc.internal.ClientCallImpl.closeObserver(ClientCallImpl.java:510)
	at com.alibaba.nacos.shaded.io.grpc.internal.ClientCallImpl.access$300(ClientCallImpl.java:66)
	at com.alibaba.nacos.shaded.io.grpc.internal.ClientCallImpl$ClientStreamListenerImpl.close(ClientCallImpl.java:630)
	at com.alibaba.nacos.shaded.io.grpc.internal.ClientCallImpl$ClientStreamListenerImpl.access$700(ClientCallImpl.java:518)
	at com.alibaba.nacos.shaded.io.grpc.internal.ClientCallImpl$ClientStreamListenerImpl$1StreamClosed.runInternal(ClientCallImpl.java:692)
	at com.alibaba.nacos.shaded.io.grpc.internal.ClientCallImpl$ClientStreamListenerImpl$1StreamClosed.runInContext(ClientCallImpl.java:681)
	at com.alibaba.nacos.shaded.io.grpc.internal.ContextRunnable.run(ContextRunnable.java:37)
	at com.alibaba.nacos.shaded.io.grpc.internal.SerializingExecutor.run(SerializingExecutor.java:123)
	... 3 common frames omitted
Caused by: com.alibaba.nacos.shaded.io.grpc.netty.shaded.io.netty.channel.AbstractChannel$AnnotatedConnectException: Connection refused: no further information: /127.0.0.1:9848
Caused by: java.net.ConnectException: Connection refused: no further information
	at java.base/sun.nio.ch.Net.pollConnect(Native Method)
	at java.base/sun.nio.ch.Net.pollConnectNow(Net.java:672)
	at java.base/sun.nio.ch.SocketChannelImpl.finishConnect(SocketChannelImpl.java:973)
	at com.alibaba.nacos.shaded.io.grpc.netty.shaded.io.netty.channel.socket.nio.NioSocketChannel.doFinishConnect(NioSocketChannel.java:327)
	at com.alibaba.nacos.shaded.io.grpc.netty.shaded.io.netty.channel.nio.AbstractNioChannel$AbstractNioUnsafe.finishConnect(AbstractNioChannel.java:336)
	at com.alibaba.nacos.shaded.io.grpc.netty.shaded.io.netty.channel.nio.NioEventLoop.processSelectedKey(NioEventLoop.java:685)
	at com.alibaba.nacos.shaded.io.grpc.netty.shaded.io.netty.channel.nio.NioEventLoop.processSelectedKeysOptimized(NioEventLoop.java:632)
	at com.alibaba.nacos.shaded.io.grpc.netty.shaded.io.netty.channel.nio.NioEventLoop.processSelectedKeys(NioEventLoop.java:549)
	at com.alibaba.nacos.shaded.io.grpc.netty.shaded.io.netty.channel.nio.NioEventLoop.run(NioEventLoop.java:511)
	at com.alibaba.nacos.shaded.io.grpc.netty.shaded.io.netty.util.concurrent.SingleThreadEventExecutor$5.run(SingleThreadEventExecutor.java:918)
	at com.alibaba.nacos.shaded.io.grpc.netty.shaded.io.netty.util.internal.ThreadExecutorMap$2.run(ThreadExecutorMap.java:74)
	at com.alibaba.nacos.shaded.io.grpc.netty.shaded.io.netty.util.concurrent.FastThreadLocalRunnable.run(FastThreadLocalRunnable.java:30)
	at java.base/java.lang.Thread.run(Thread.java:1589)
2025-09-19 15:13:31.400  INFO  [com.alibaba.nacos.client.remote.worker] c.a.n.c.r.client - [163007b4-b646-410a-bc60-e39b7011f5a8] Fail to connect server, after trying 23 times, last try server is {serverIp = '127.0.0.1', server main port = 8848}, error = unknown
2025-09-19 15:13:33.177  ERROR [com.alibaba.nacos.client.remote.worker] c.a.n.c.r.c.g.GrpcClient - Server check fail, please check server 127.0.0.1 ,port 9848 is available , error ={}
java.util.concurrent.ExecutionException: com.alibaba.nacos.shaded.io.grpc.StatusRuntimeException: UNAVAILABLE: io exception
	at com.alibaba.nacos.shaded.com.google.common.util.concurrent.AbstractFuture.getDoneValue(AbstractFuture.java:566)
	at com.alibaba.nacos.shaded.com.google.common.util.concurrent.AbstractFuture.get(AbstractFuture.java:445)
	at com.alibaba.nacos.common.remote.client.grpc.GrpcClient.serverCheck(GrpcClient.java:148)
	at com.alibaba.nacos.common.remote.client.grpc.GrpcClient.connectToServer(GrpcClient.java:264)
	at com.alibaba.nacos.common.remote.client.RpcClient.reconnect(RpcClient.java:522)
	at com.alibaba.nacos.common.remote.client.RpcClient.lambda$start$2(RpcClient.java:370)
	at java.base/java.util.concurrent.Executors$RunnableAdapter.call(Executors.java:577)
	at java.base/java.util.concurrent.FutureTask.run(FutureTask.java:317)
	at java.base/java.util.concurrent.ScheduledThreadPoolExecutor$ScheduledFutureTask.run(ScheduledThreadPoolExecutor.java:304)
	at java.base/java.util.concurrent.ThreadPoolExecutor.runWorker(ThreadPoolExecutor.java:1144)
	at java.base/java.util.concurrent.ThreadPoolExecutor$Worker.run(ThreadPoolExecutor.java:642)
	at java.base/java.lang.Thread.run(Thread.java:1589)
Caused by: com.alibaba.nacos.shaded.io.grpc.StatusRuntimeException: UNAVAILABLE: io exception
	at com.alibaba.nacos.shaded.io.grpc.Status.asRuntimeException(Status.java:533)
	at com.alibaba.nacos.shaded.io.grpc.stub.ClientCalls$UnaryStreamToFuture.onClose(ClientCalls.java:490)
	at com.alibaba.nacos.shaded.io.grpc.PartialForwardingClientCallListener.onClose(PartialForwardingClientCallListener.java:39)
	at com.alibaba.nacos.shaded.io.grpc.ForwardingClientCallListener.onClose(ForwardingClientCallListener.java:23)
	at com.alibaba.nacos.shaded.io.grpc.ForwardingClientCallListener$SimpleForwardingClientCallListener.onClose(ForwardingClientCallListener.java:40)
	at com.alibaba.nacos.shaded.io.grpc.internal.CensusStatsModule$StatsClientInterceptor$1$1.onClose(CensusStatsModule.java:700)
	at com.alibaba.nacos.shaded.io.grpc.PartialForwardingClientCallListener.onClose(PartialForwardingClientCallListener.java:39)
	at com.alibaba.nacos.shaded.io.grpc.ForwardingClientCallListener.onClose(ForwardingClientCallListener.java:23)
	at com.alibaba.nacos.shaded.io.grpc.ForwardingClientCallListener$SimpleForwardingClientCallListener.onClose(ForwardingClientCallListener.java:40)
	at com.alibaba.nacos.shaded.io.grpc.internal.CensusTracingModule$TracingClientInterceptor$1$1.onClose(CensusTracingModule.java:399)
	at com.alibaba.nacos.shaded.io.grpc.internal.ClientCallImpl.closeObserver(ClientCallImpl.java:510)
	at com.alibaba.nacos.shaded.io.grpc.internal.ClientCallImpl.access$300(ClientCallImpl.java:66)
	at com.alibaba.nacos.shaded.io.grpc.internal.ClientCallImpl$ClientStreamListenerImpl.close(ClientCallImpl.java:630)
	at com.alibaba.nacos.shaded.io.grpc.internal.ClientCallImpl$ClientStreamListenerImpl.access$700(ClientCallImpl.java:518)
	at com.alibaba.nacos.shaded.io.grpc.internal.ClientCallImpl$ClientStreamListenerImpl$1StreamClosed.runInternal(ClientCallImpl.java:692)
	at com.alibaba.nacos.shaded.io.grpc.internal.ClientCallImpl$ClientStreamListenerImpl$1StreamClosed.runInContext(ClientCallImpl.java:681)
	at com.alibaba.nacos.shaded.io.grpc.internal.ContextRunnable.run(ContextRunnable.java:37)
	at com.alibaba.nacos.shaded.io.grpc.internal.SerializingExecutor.run(SerializingExecutor.java:123)
	... 3 common frames omitted
Caused by: com.alibaba.nacos.shaded.io.grpc.netty.shaded.io.netty.channel.AbstractChannel$AnnotatedConnectException: Connection refused: no further information: /127.0.0.1:9848
Caused by: java.net.ConnectException: Connection refused: no further information
	at java.base/sun.nio.ch.Net.pollConnect(Native Method)
	at java.base/sun.nio.ch.Net.pollConnectNow(Net.java:672)
	at java.base/sun.nio.ch.SocketChannelImpl.finishConnect(SocketChannelImpl.java:973)
	at com.alibaba.nacos.shaded.io.grpc.netty.shaded.io.netty.channel.socket.nio.NioSocketChannel.doFinishConnect(NioSocketChannel.java:327)
	at com.alibaba.nacos.shaded.io.grpc.netty.shaded.io.netty.channel.nio.AbstractNioChannel$AbstractNioUnsafe.finishConnect(AbstractNioChannel.java:336)
	at com.alibaba.nacos.shaded.io.grpc.netty.shaded.io.netty.channel.nio.NioEventLoop.processSelectedKey(NioEventLoop.java:685)
	at com.alibaba.nacos.shaded.io.grpc.netty.shaded.io.netty.channel.nio.NioEventLoop.processSelectedKeysOptimized(NioEventLoop.java:632)
	at com.alibaba.nacos.shaded.io.grpc.netty.shaded.io.netty.channel.nio.NioEventLoop.processSelectedKeys(NioEventLoop.java:549)
	at com.alibaba.nacos.shaded.io.grpc.netty.shaded.io.netty.channel.nio.NioEventLoop.run(NioEventLoop.java:511)
	at com.alibaba.nacos.shaded.io.grpc.netty.shaded.io.netty.util.concurrent.SingleThreadEventExecutor$5.run(SingleThreadEventExecutor.java:918)
	at com.alibaba.nacos.shaded.io.grpc.netty.shaded.io.netty.util.internal.ThreadExecutorMap$2.run(ThreadExecutorMap.java:74)
	at com.alibaba.nacos.shaded.io.grpc.netty.shaded.io.netty.util.concurrent.FastThreadLocalRunnable.run(FastThreadLocalRunnable.java:30)
	at java.base/java.lang.Thread.run(Thread.java:1589)
2025-09-19 15:13:33.178  INFO  [com.alibaba.nacos.client.remote.worker] c.a.n.c.r.client - [6557a64c-d3e6-481c-b159-daeb774ca1a6_config-0] Fail to connect server, after trying 24 times, last try server is {serverIp = '127.0.0.1', server main port = 8848}, error = unknown
2025-09-19 15:13:33.804  ERROR [com.alibaba.nacos.client.remote.worker] c.a.n.c.r.c.g.GrpcClient - Server check fail, please check server 127.0.0.1 ,port 9848 is available , error ={}
java.util.concurrent.ExecutionException: com.alibaba.nacos.shaded.io.grpc.StatusRuntimeException: UNAVAILABLE: io exception
	at com.alibaba.nacos.shaded.com.google.common.util.concurrent.AbstractFuture.getDoneValue(AbstractFuture.java:566)
	at com.alibaba.nacos.shaded.com.google.common.util.concurrent.AbstractFuture.get(AbstractFuture.java:445)
	at com.alibaba.nacos.common.remote.client.grpc.GrpcClient.serverCheck(GrpcClient.java:148)
	at com.alibaba.nacos.common.remote.client.grpc.GrpcClient.connectToServer(GrpcClient.java:264)
	at com.alibaba.nacos.common.remote.client.RpcClient.reconnect(RpcClient.java:522)
	at com.alibaba.nacos.common.remote.client.RpcClient.lambda$start$2(RpcClient.java:370)
	at java.base/java.util.concurrent.Executors$RunnableAdapter.call(Executors.java:577)
	at java.base/java.util.concurrent.FutureTask.run(FutureTask.java:317)
	at java.base/java.util.concurrent.ScheduledThreadPoolExecutor$ScheduledFutureTask.run(ScheduledThreadPoolExecutor.java:304)
	at java.base/java.util.concurrent.ThreadPoolExecutor.runWorker(ThreadPoolExecutor.java:1144)
	at java.base/java.util.concurrent.ThreadPoolExecutor$Worker.run(ThreadPoolExecutor.java:642)
	at java.base/java.lang.Thread.run(Thread.java:1589)
Caused by: com.alibaba.nacos.shaded.io.grpc.StatusRuntimeException: UNAVAILABLE: io exception
	at com.alibaba.nacos.shaded.io.grpc.Status.asRuntimeException(Status.java:533)
	at com.alibaba.nacos.shaded.io.grpc.stub.ClientCalls$UnaryStreamToFuture.onClose(ClientCalls.java:490)
	at com.alibaba.nacos.shaded.io.grpc.PartialForwardingClientCallListener.onClose(PartialForwardingClientCallListener.java:39)
	at com.alibaba.nacos.shaded.io.grpc.ForwardingClientCallListener.onClose(ForwardingClientCallListener.java:23)
	at com.alibaba.nacos.shaded.io.grpc.ForwardingClientCallListener$SimpleForwardingClientCallListener.onClose(ForwardingClientCallListener.java:40)
	at com.alibaba.nacos.shaded.io.grpc.internal.CensusStatsModule$StatsClientInterceptor$1$1.onClose(CensusStatsModule.java:700)
	at com.alibaba.nacos.shaded.io.grpc.PartialForwardingClientCallListener.onClose(PartialForwardingClientCallListener.java:39)
	at com.alibaba.nacos.shaded.io.grpc.ForwardingClientCallListener.onClose(ForwardingClientCallListener.java:23)
	at com.alibaba.nacos.shaded.io.grpc.ForwardingClientCallListener$SimpleForwardingClientCallListener.onClose(ForwardingClientCallListener.java:40)
	at com.alibaba.nacos.shaded.io.grpc.internal.CensusTracingModule$TracingClientInterceptor$1$1.onClose(CensusTracingModule.java:399)
	at com.alibaba.nacos.shaded.io.grpc.internal.ClientCallImpl.closeObserver(ClientCallImpl.java:510)
	at com.alibaba.nacos.shaded.io.grpc.internal.ClientCallImpl.access$300(ClientCallImpl.java:66)
	at com.alibaba.nacos.shaded.io.grpc.internal.ClientCallImpl$ClientStreamListenerImpl.close(ClientCallImpl.java:630)
	at com.alibaba.nacos.shaded.io.grpc.internal.ClientCallImpl$ClientStreamListenerImpl.access$700(ClientCallImpl.java:518)
	at com.alibaba.nacos.shaded.io.grpc.internal.ClientCallImpl$ClientStreamListenerImpl$1StreamClosed.runInternal(ClientCallImpl.java:692)
	at com.alibaba.nacos.shaded.io.grpc.internal.ClientCallImpl$ClientStreamListenerImpl$1StreamClosed.runInContext(ClientCallImpl.java:681)
	at com.alibaba.nacos.shaded.io.grpc.internal.ContextRunnable.run(ContextRunnable.java:37)
	at com.alibaba.nacos.shaded.io.grpc.internal.SerializingExecutor.run(SerializingExecutor.java:123)
	... 3 common frames omitted
Caused by: com.alibaba.nacos.shaded.io.grpc.netty.shaded.io.netty.channel.AbstractChannel$AnnotatedConnectException: Connection refused: no further information: /127.0.0.1:9848
Caused by: java.net.ConnectException: Connection refused: no further information
	at java.base/sun.nio.ch.Net.pollConnect(Native Method)
	at java.base/sun.nio.ch.Net.pollConnectNow(Net.java:672)
	at java.base/sun.nio.ch.SocketChannelImpl.finishConnect(SocketChannelImpl.java:973)
	at com.alibaba.nacos.shaded.io.grpc.netty.shaded.io.netty.channel.socket.nio.NioSocketChannel.doFinishConnect(NioSocketChannel.java:327)
	at com.alibaba.nacos.shaded.io.grpc.netty.shaded.io.netty.channel.nio.AbstractNioChannel$AbstractNioUnsafe.finishConnect(AbstractNioChannel.java:336)
	at com.alibaba.nacos.shaded.io.grpc.netty.shaded.io.netty.channel.nio.NioEventLoop.processSelectedKey(NioEventLoop.java:685)
	at com.alibaba.nacos.shaded.io.grpc.netty.shaded.io.netty.channel.nio.NioEventLoop.processSelectedKeysOptimized(NioEventLoop.java:632)
	at com.alibaba.nacos.shaded.io.grpc.netty.shaded.io.netty.channel.nio.NioEventLoop.processSelectedKeys(NioEventLoop.java:549)
	at com.alibaba.nacos.shaded.io.grpc.netty.shaded.io.netty.channel.nio.NioEventLoop.run(NioEventLoop.java:511)
	at com.alibaba.nacos.shaded.io.grpc.netty.shaded.io.netty.util.concurrent.SingleThreadEventExecutor$5.run(SingleThreadEventExecutor.java:918)
	at com.alibaba.nacos.shaded.io.grpc.netty.shaded.io.netty.util.internal.ThreadExecutorMap$2.run(ThreadExecutorMap.java:74)
	at com.alibaba.nacos.shaded.io.grpc.netty.shaded.io.netty.util.concurrent.FastThreadLocalRunnable.run(FastThreadLocalRunnable.java:30)
	at java.base/java.lang.Thread.run(Thread.java:1589)
2025-09-19 15:13:33.805  INFO  [com.alibaba.nacos.client.remote.worker] c.a.n.c.r.client - [163007b4-b646-410a-bc60-e39b7011f5a8] Fail to connect server, after trying 24 times, last try server is {serverIp = '127.0.0.1', server main port = 8848}, error = unknown
2025-09-19 15:13:35.543  ERROR [com.alibaba.nacos.client.Worker] c.a.n.c.r.client - Send request fail, request = ConfigBatchListenRequest{headers={charset=UTF-8, Client-AppName=unknown, Client-RequestToken=717f0b5193e2724cb32f00b973cbc4e2, Client-RequestTS=1758266015442, exConfigInfo=true, Timestamp=1758266015442}, requestId='null'}, retryTimes = 0, errorMessage = Client not connected, current status:STARTING
2025-09-19 15:13:35.644  ERROR [com.alibaba.nacos.client.Worker] c.a.n.c.r.client - Send request fail, request = ConfigBatchListenRequest{headers={charset=UTF-8, Client-AppName=unknown, Client-RequestToken=717f0b5193e2724cb32f00b973cbc4e2, Client-RequestTS=1758266015442, exConfigInfo=true, Timestamp=1758266015442}, requestId='null'}, retryTimes = 1, errorMessage = Client not connected, current status:STARTING
2025-09-19 15:13:35.706  ERROR [com.alibaba.nacos.client.remote.worker] c.a.n.c.r.c.g.GrpcClient - Server check fail, please check server 127.0.0.1 ,port 9848 is available , error ={}
java.util.concurrent.ExecutionException: com.alibaba.nacos.shaded.io.grpc.StatusRuntimeException: UNAVAILABLE: io exception
	at com.alibaba.nacos.shaded.com.google.common.util.concurrent.AbstractFuture.getDoneValue(AbstractFuture.java:566)
	at com.alibaba.nacos.shaded.com.google.common.util.concurrent.AbstractFuture.get(AbstractFuture.java:445)
	at com.alibaba.nacos.common.remote.client.grpc.GrpcClient.serverCheck(GrpcClient.java:148)
	at com.alibaba.nacos.common.remote.client.grpc.GrpcClient.connectToServer(GrpcClient.java:264)
	at com.alibaba.nacos.common.remote.client.RpcClient.reconnect(RpcClient.java:522)
	at com.alibaba.nacos.common.remote.client.RpcClient.lambda$start$2(RpcClient.java:370)
	at java.base/java.util.concurrent.Executors$RunnableAdapter.call(Executors.java:577)
	at java.base/java.util.concurrent.FutureTask.run(FutureTask.java:317)
	at java.base/java.util.concurrent.ScheduledThreadPoolExecutor$ScheduledFutureTask.run(ScheduledThreadPoolExecutor.java:304)
	at java.base/java.util.concurrent.ThreadPoolExecutor.runWorker(ThreadPoolExecutor.java:1144)
	at java.base/java.util.concurrent.ThreadPoolExecutor$Worker.run(ThreadPoolExecutor.java:642)
	at java.base/java.lang.Thread.run(Thread.java:1589)
Caused by: com.alibaba.nacos.shaded.io.grpc.StatusRuntimeException: UNAVAILABLE: io exception
	at com.alibaba.nacos.shaded.io.grpc.Status.asRuntimeException(Status.java:533)
	at com.alibaba.nacos.shaded.io.grpc.stub.ClientCalls$UnaryStreamToFuture.onClose(ClientCalls.java:490)
	at com.alibaba.nacos.shaded.io.grpc.PartialForwardingClientCallListener.onClose(PartialForwardingClientCallListener.java:39)
	at com.alibaba.nacos.shaded.io.grpc.ForwardingClientCallListener.onClose(ForwardingClientCallListener.java:23)
	at com.alibaba.nacos.shaded.io.grpc.ForwardingClientCallListener$SimpleForwardingClientCallListener.onClose(ForwardingClientCallListener.java:40)
	at com.alibaba.nacos.shaded.io.grpc.internal.CensusStatsModule$StatsClientInterceptor$1$1.onClose(CensusStatsModule.java:700)
	at com.alibaba.nacos.shaded.io.grpc.PartialForwardingClientCallListener.onClose(PartialForwardingClientCallListener.java:39)
	at com.alibaba.nacos.shaded.io.grpc.ForwardingClientCallListener.onClose(ForwardingClientCallListener.java:23)
	at com.alibaba.nacos.shaded.io.grpc.ForwardingClientCallListener$SimpleForwardingClientCallListener.onClose(ForwardingClientCallListener.java:40)
	at com.alibaba.nacos.shaded.io.grpc.internal.CensusTracingModule$TracingClientInterceptor$1$1.onClose(CensusTracingModule.java:399)
	at com.alibaba.nacos.shaded.io.grpc.internal.ClientCallImpl.closeObserver(ClientCallImpl.java:510)
	at com.alibaba.nacos.shaded.io.grpc.internal.ClientCallImpl.access$300(ClientCallImpl.java:66)
	at com.alibaba.nacos.shaded.io.grpc.internal.ClientCallImpl$ClientStreamListenerImpl.close(ClientCallImpl.java:630)
	at com.alibaba.nacos.shaded.io.grpc.internal.ClientCallImpl$ClientStreamListenerImpl.access$700(ClientCallImpl.java:518)
	at com.alibaba.nacos.shaded.io.grpc.internal.ClientCallImpl$ClientStreamListenerImpl$1StreamClosed.runInternal(ClientCallImpl.java:692)
	at com.alibaba.nacos.shaded.io.grpc.internal.ClientCallImpl$ClientStreamListenerImpl$1StreamClosed.runInContext(ClientCallImpl.java:681)
	at com.alibaba.nacos.shaded.io.grpc.internal.ContextRunnable.run(ContextRunnable.java:37)
	at com.alibaba.nacos.shaded.io.grpc.internal.SerializingExecutor.run(SerializingExecutor.java:123)
	... 3 common frames omitted
Caused by: com.alibaba.nacos.shaded.io.grpc.netty.shaded.io.netty.channel.AbstractChannel$AnnotatedConnectException: Connection refused: no further information: /127.0.0.1:9848
Caused by: java.net.ConnectException: Connection refused: no further information
	at java.base/sun.nio.ch.Net.pollConnect(Native Method)
	at java.base/sun.nio.ch.Net.pollConnectNow(Net.java:672)
	at java.base/sun.nio.ch.SocketChannelImpl.finishConnect(SocketChannelImpl.java:973)
	at com.alibaba.nacos.shaded.io.grpc.netty.shaded.io.netty.channel.socket.nio.NioSocketChannel.doFinishConnect(NioSocketChannel.java:327)
	at com.alibaba.nacos.shaded.io.grpc.netty.shaded.io.netty.channel.nio.AbstractNioChannel$AbstractNioUnsafe.finishConnect(AbstractNioChannel.java:336)
	at com.alibaba.nacos.shaded.io.grpc.netty.shaded.io.netty.channel.nio.NioEventLoop.processSelectedKey(NioEventLoop.java:685)
	at com.alibaba.nacos.shaded.io.grpc.netty.shaded.io.netty.channel.nio.NioEventLoop.processSelectedKeysOptimized(NioEventLoop.java:632)
	at com.alibaba.nacos.shaded.io.grpc.netty.shaded.io.netty.channel.nio.NioEventLoop.processSelectedKeys(NioEventLoop.java:549)
	at com.alibaba.nacos.shaded.io.grpc.netty.shaded.io.netty.channel.nio.NioEventLoop.run(NioEventLoop.java:511)
	at com.alibaba.nacos.shaded.io.grpc.netty.shaded.io.netty.util.concurrent.SingleThreadEventExecutor$5.run(SingleThreadEventExecutor.java:918)
	at com.alibaba.nacos.shaded.io.grpc.netty.shaded.io.netty.util.internal.ThreadExecutorMap$2.run(ThreadExecutorMap.java:74)
	at com.alibaba.nacos.shaded.io.grpc.netty.shaded.io.netty.util.concurrent.FastThreadLocalRunnable.run(FastThreadLocalRunnable.java:30)
	at java.base/java.lang.Thread.run(Thread.java:1589)
2025-09-19 15:13:35.707  INFO  [com.alibaba.nacos.client.remote.worker] c.a.n.c.r.client - [6557a64c-d3e6-481c-b159-daeb774ca1a6_config-0] Fail to connect server, after trying 25 times, last try server is {serverIp = '127.0.0.1', server main port = 8848}, error = unknown
2025-09-19 15:13:35.745  ERROR [com.alibaba.nacos.client.Worker] c.a.n.c.r.client - Send request fail, request = ConfigBatchListenRequest{headers={charset=UTF-8, Client-AppName=unknown, Client-RequestToken=717f0b5193e2724cb32f00b973cbc4e2, Client-RequestTS=1758266015442, exConfigInfo=true, Timestamp=1758266015442}, requestId='null'}, retryTimes = 2, errorMessage = Client not connected, current status:STARTING
2025-09-19 15:13:36.309  ERROR [com.alibaba.nacos.client.remote.worker] c.a.n.c.r.c.g.GrpcClient - Server check fail, please check server 127.0.0.1 ,port 9848 is available , error ={}
java.util.concurrent.ExecutionException: com.alibaba.nacos.shaded.io.grpc.StatusRuntimeException: UNAVAILABLE: io exception
	at com.alibaba.nacos.shaded.com.google.common.util.concurrent.AbstractFuture.getDoneValue(AbstractFuture.java:566)
	at com.alibaba.nacos.shaded.com.google.common.util.concurrent.AbstractFuture.get(AbstractFuture.java:445)
	at com.alibaba.nacos.common.remote.client.grpc.GrpcClient.serverCheck(GrpcClient.java:148)
	at com.alibaba.nacos.common.remote.client.grpc.GrpcClient.connectToServer(GrpcClient.java:264)
	at com.alibaba.nacos.common.remote.client.RpcClient.reconnect(RpcClient.java:522)
	at com.alibaba.nacos.common.remote.client.RpcClient.lambda$start$2(RpcClient.java:370)
	at java.base/java.util.concurrent.Executors$RunnableAdapter.call(Executors.java:577)
	at java.base/java.util.concurrent.FutureTask.run(FutureTask.java:317)
	at java.base/java.util.concurrent.ScheduledThreadPoolExecutor$ScheduledFutureTask.run(ScheduledThreadPoolExecutor.java:304)
	at java.base/java.util.concurrent.ThreadPoolExecutor.runWorker(ThreadPoolExecutor.java:1144)
	at java.base/java.util.concurrent.ThreadPoolExecutor$Worker.run(ThreadPoolExecutor.java:642)
	at java.base/java.lang.Thread.run(Thread.java:1589)
Caused by: com.alibaba.nacos.shaded.io.grpc.StatusRuntimeException: UNAVAILABLE: io exception
	at com.alibaba.nacos.shaded.io.grpc.Status.asRuntimeException(Status.java:533)
	at com.alibaba.nacos.shaded.io.grpc.stub.ClientCalls$UnaryStreamToFuture.onClose(ClientCalls.java:490)
	at com.alibaba.nacos.shaded.io.grpc.PartialForwardingClientCallListener.onClose(PartialForwardingClientCallListener.java:39)
	at com.alibaba.nacos.shaded.io.grpc.ForwardingClientCallListener.onClose(ForwardingClientCallListener.java:23)
	at com.alibaba.nacos.shaded.io.grpc.ForwardingClientCallListener$SimpleForwardingClientCallListener.onClose(ForwardingClientCallListener.java:40)
	at com.alibaba.nacos.shaded.io.grpc.internal.CensusStatsModule$StatsClientInterceptor$1$1.onClose(CensusStatsModule.java:700)
	at com.alibaba.nacos.shaded.io.grpc.PartialForwardingClientCallListener.onClose(PartialForwardingClientCallListener.java:39)
	at com.alibaba.nacos.shaded.io.grpc.ForwardingClientCallListener.onClose(ForwardingClientCallListener.java:23)
	at com.alibaba.nacos.shaded.io.grpc.ForwardingClientCallListener$SimpleForwardingClientCallListener.onClose(ForwardingClientCallListener.java:40)
	at com.alibaba.nacos.shaded.io.grpc.internal.CensusTracingModule$TracingClientInterceptor$1$1.onClose(CensusTracingModule.java:399)
	at com.alibaba.nacos.shaded.io.grpc.internal.ClientCallImpl.closeObserver(ClientCallImpl.java:510)
	at com.alibaba.nacos.shaded.io.grpc.internal.ClientCallImpl.access$300(ClientCallImpl.java:66)
	at com.alibaba.nacos.shaded.io.grpc.internal.ClientCallImpl$ClientStreamListenerImpl.close(ClientCallImpl.java:630)
	at com.alibaba.nacos.shaded.io.grpc.internal.ClientCallImpl$ClientStreamListenerImpl.access$700(ClientCallImpl.java:518)
	at com.alibaba.nacos.shaded.io.grpc.internal.ClientCallImpl$ClientStreamListenerImpl$1StreamClosed.runInternal(ClientCallImpl.java:692)
	at com.alibaba.nacos.shaded.io.grpc.internal.ClientCallImpl$ClientStreamListenerImpl$1StreamClosed.runInContext(ClientCallImpl.java:681)
	at com.alibaba.nacos.shaded.io.grpc.internal.ContextRunnable.run(ContextRunnable.java:37)
	at com.alibaba.nacos.shaded.io.grpc.internal.SerializingExecutor.run(SerializingExecutor.java:123)
	... 3 common frames omitted
Caused by: com.alibaba.nacos.shaded.io.grpc.netty.shaded.io.netty.channel.AbstractChannel$AnnotatedConnectException: Connection refused: no further information: /127.0.0.1:9848
Caused by: java.net.ConnectException: Connection refused: no further information
	at java.base/sun.nio.ch.Net.pollConnect(Native Method)
	at java.base/sun.nio.ch.Net.pollConnectNow(Net.java:672)
	at java.base/sun.nio.ch.SocketChannelImpl.finishConnect(SocketChannelImpl.java:973)
	at com.alibaba.nacos.shaded.io.grpc.netty.shaded.io.netty.channel.socket.nio.NioSocketChannel.doFinishConnect(NioSocketChannel.java:327)
	at com.alibaba.nacos.shaded.io.grpc.netty.shaded.io.netty.channel.nio.AbstractNioChannel$AbstractNioUnsafe.finishConnect(AbstractNioChannel.java:336)
	at com.alibaba.nacos.shaded.io.grpc.netty.shaded.io.netty.channel.nio.NioEventLoop.processSelectedKey(NioEventLoop.java:685)
	at com.alibaba.nacos.shaded.io.grpc.netty.shaded.io.netty.channel.nio.NioEventLoop.processSelectedKeysOptimized(NioEventLoop.java:632)
	at com.alibaba.nacos.shaded.io.grpc.netty.shaded.io.netty.channel.nio.NioEventLoop.processSelectedKeys(NioEventLoop.java:549)
	at com.alibaba.nacos.shaded.io.grpc.netty.shaded.io.netty.channel.nio.NioEventLoop.run(NioEventLoop.java:511)
	at com.alibaba.nacos.shaded.io.grpc.netty.shaded.io.netty.util.concurrent.SingleThreadEventExecutor$5.run(SingleThreadEventExecutor.java:918)
	at com.alibaba.nacos.shaded.io.grpc.netty.shaded.io.netty.util.internal.ThreadExecutorMap$2.run(ThreadExecutorMap.java:74)
	at com.alibaba.nacos.shaded.io.grpc.netty.shaded.io.netty.util.concurrent.FastThreadLocalRunnable.run(FastThreadLocalRunnable.java:30)
	at java.base/java.lang.Thread.run(Thread.java:1589)
2025-09-19 15:13:36.309  INFO  [com.alibaba.nacos.client.remote.worker] c.a.n.c.r.client - [163007b4-b646-410a-bc60-e39b7011f5a8] Fail to connect server, after trying 25 times, last try server is {serverIp = '127.0.0.1', server main port = 8848}, error = unknown
2025-09-19 15:13:38.334  ERROR [com.alibaba.nacos.client.remote.worker] c.a.n.c.r.c.g.GrpcClient - Server check fail, please check server 127.0.0.1 ,port 9848 is available , error ={}
java.util.concurrent.ExecutionException: com.alibaba.nacos.shaded.io.grpc.StatusRuntimeException: UNAVAILABLE: io exception
	at com.alibaba.nacos.shaded.com.google.common.util.concurrent.AbstractFuture.getDoneValue(AbstractFuture.java:566)
	at com.alibaba.nacos.shaded.com.google.common.util.concurrent.AbstractFuture.get(AbstractFuture.java:445)
	at com.alibaba.nacos.common.remote.client.grpc.GrpcClient.serverCheck(GrpcClient.java:148)
	at com.alibaba.nacos.common.remote.client.grpc.GrpcClient.connectToServer(GrpcClient.java:264)
	at com.alibaba.nacos.common.remote.client.RpcClient.reconnect(RpcClient.java:522)
	at com.alibaba.nacos.common.remote.client.RpcClient.lambda$start$2(RpcClient.java:370)
	at java.base/java.util.concurrent.Executors$RunnableAdapter.call(Executors.java:577)
	at java.base/java.util.concurrent.FutureTask.run(FutureTask.java:317)
	at java.base/java.util.concurrent.ScheduledThreadPoolExecutor$ScheduledFutureTask.run(ScheduledThreadPoolExecutor.java:304)
	at java.base/java.util.concurrent.ThreadPoolExecutor.runWorker(ThreadPoolExecutor.java:1144)
	at java.base/java.util.concurrent.ThreadPoolExecutor$Worker.run(ThreadPoolExecutor.java:642)
	at java.base/java.lang.Thread.run(Thread.java:1589)
Caused by: com.alibaba.nacos.shaded.io.grpc.StatusRuntimeException: UNAVAILABLE: io exception
	at com.alibaba.nacos.shaded.io.grpc.Status.asRuntimeException(Status.java:533)
	at com.alibaba.nacos.shaded.io.grpc.stub.ClientCalls$UnaryStreamToFuture.onClose(ClientCalls.java:490)
	at com.alibaba.nacos.shaded.io.grpc.PartialForwardingClientCallListener.onClose(PartialForwardingClientCallListener.java:39)
	at com.alibaba.nacos.shaded.io.grpc.ForwardingClientCallListener.onClose(ForwardingClientCallListener.java:23)
	at com.alibaba.nacos.shaded.io.grpc.ForwardingClientCallListener$SimpleForwardingClientCallListener.onClose(ForwardingClientCallListener.java:40)
	at com.alibaba.nacos.shaded.io.grpc.internal.CensusStatsModule$StatsClientInterceptor$1$1.onClose(CensusStatsModule.java:700)
	at com.alibaba.nacos.shaded.io.grpc.PartialForwardingClientCallListener.onClose(PartialForwardingClientCallListener.java:39)
	at com.alibaba.nacos.shaded.io.grpc.ForwardingClientCallListener.onClose(ForwardingClientCallListener.java:23)
	at com.alibaba.nacos.shaded.io.grpc.ForwardingClientCallListener$SimpleForwardingClientCallListener.onClose(ForwardingClientCallListener.java:40)
	at com.alibaba.nacos.shaded.io.grpc.internal.CensusTracingModule$TracingClientInterceptor$1$1.onClose(CensusTracingModule.java:399)
	at com.alibaba.nacos.shaded.io.grpc.internal.ClientCallImpl.closeObserver(ClientCallImpl.java:510)
	at com.alibaba.nacos.shaded.io.grpc.internal.ClientCallImpl.access$300(ClientCallImpl.java:66)
	at com.alibaba.nacos.shaded.io.grpc.internal.ClientCallImpl$ClientStreamListenerImpl.close(ClientCallImpl.java:630)
	at com.alibaba.nacos.shaded.io.grpc.internal.ClientCallImpl$ClientStreamListenerImpl.access$700(ClientCallImpl.java:518)
	at com.alibaba.nacos.shaded.io.grpc.internal.ClientCallImpl$ClientStreamListenerImpl$1StreamClosed.runInternal(ClientCallImpl.java:692)
	at com.alibaba.nacos.shaded.io.grpc.internal.ClientCallImpl$ClientStreamListenerImpl$1StreamClosed.runInContext(ClientCallImpl.java:681)
	at com.alibaba.nacos.shaded.io.grpc.internal.ContextRunnable.run(ContextRunnable.java:37)
	at com.alibaba.nacos.shaded.io.grpc.internal.SerializingExecutor.run(SerializingExecutor.java:123)
	... 3 common frames omitted
Caused by: com.alibaba.nacos.shaded.io.grpc.netty.shaded.io.netty.channel.AbstractChannel$AnnotatedConnectException: Connection refused: no further information: /127.0.0.1:9848
Caused by: java.net.ConnectException: Connection refused: no further information
	at java.base/sun.nio.ch.Net.pollConnect(Native Method)
	at java.base/sun.nio.ch.Net.pollConnectNow(Net.java:672)
	at java.base/sun.nio.ch.SocketChannelImpl.finishConnect(SocketChannelImpl.java:973)
	at com.alibaba.nacos.shaded.io.grpc.netty.shaded.io.netty.channel.socket.nio.NioSocketChannel.doFinishConnect(NioSocketChannel.java:327)
	at com.alibaba.nacos.shaded.io.grpc.netty.shaded.io.netty.channel.nio.AbstractNioChannel$AbstractNioUnsafe.finishConnect(AbstractNioChannel.java:336)
	at com.alibaba.nacos.shaded.io.grpc.netty.shaded.io.netty.channel.nio.NioEventLoop.processSelectedKey(NioEventLoop.java:685)
	at com.alibaba.nacos.shaded.io.grpc.netty.shaded.io.netty.channel.nio.NioEventLoop.processSelectedKeysOptimized(NioEventLoop.java:632)
	at com.alibaba.nacos.shaded.io.grpc.netty.shaded.io.netty.channel.nio.NioEventLoop.processSelectedKeys(NioEventLoop.java:549)
	at com.alibaba.nacos.shaded.io.grpc.netty.shaded.io.netty.channel.nio.NioEventLoop.run(NioEventLoop.java:511)
	at com.alibaba.nacos.shaded.io.grpc.netty.shaded.io.netty.util.concurrent.SingleThreadEventExecutor$5.run(SingleThreadEventExecutor.java:918)
	at com.alibaba.nacos.shaded.io.grpc.netty.shaded.io.netty.util.internal.ThreadExecutorMap$2.run(ThreadExecutorMap.java:74)
	at com.alibaba.nacos.shaded.io.grpc.netty.shaded.io.netty.util.concurrent.FastThreadLocalRunnable.run(FastThreadLocalRunnable.java:30)
	at java.base/java.lang.Thread.run(Thread.java:1589)
2025-09-19 15:13:38.335  INFO  [com.alibaba.nacos.client.remote.worker] c.a.n.c.r.client - [6557a64c-d3e6-481c-b159-daeb774ca1a6_config-0] Fail to connect server, after trying 26 times, last try server is {serverIp = '127.0.0.1', server main port = 8848}, error = unknown
2025-09-19 15:13:38.914  ERROR [com.alibaba.nacos.client.remote.worker] c.a.n.c.r.c.g.GrpcClient - Server check fail, please check server 127.0.0.1 ,port 9848 is available , error ={}
java.util.concurrent.ExecutionException: com.alibaba.nacos.shaded.io.grpc.StatusRuntimeException: UNAVAILABLE: io exception
	at com.alibaba.nacos.shaded.com.google.common.util.concurrent.AbstractFuture.getDoneValue(AbstractFuture.java:566)
	at com.alibaba.nacos.shaded.com.google.common.util.concurrent.AbstractFuture.get(AbstractFuture.java:445)
	at com.alibaba.nacos.common.remote.client.grpc.GrpcClient.serverCheck(GrpcClient.java:148)
	at com.alibaba.nacos.common.remote.client.grpc.GrpcClient.connectToServer(GrpcClient.java:264)
	at com.alibaba.nacos.common.remote.client.RpcClient.reconnect(RpcClient.java:522)
	at com.alibaba.nacos.common.remote.client.RpcClient.lambda$start$2(RpcClient.java:370)
	at java.base/java.util.concurrent.Executors$RunnableAdapter.call(Executors.java:577)
	at java.base/java.util.concurrent.FutureTask.run(FutureTask.java:317)
	at java.base/java.util.concurrent.ScheduledThreadPoolExecutor$ScheduledFutureTask.run(ScheduledThreadPoolExecutor.java:304)
	at java.base/java.util.concurrent.ThreadPoolExecutor.runWorker(ThreadPoolExecutor.java:1144)
	at java.base/java.util.concurrent.ThreadPoolExecutor$Worker.run(ThreadPoolExecutor.java:642)
	at java.base/java.lang.Thread.run(Thread.java:1589)
Caused by: com.alibaba.nacos.shaded.io.grpc.StatusRuntimeException: UNAVAILABLE: io exception
	at com.alibaba.nacos.shaded.io.grpc.Status.asRuntimeException(Status.java:533)
	at com.alibaba.nacos.shaded.io.grpc.stub.ClientCalls$UnaryStreamToFuture.onClose(ClientCalls.java:490)
	at com.alibaba.nacos.shaded.io.grpc.PartialForwardingClientCallListener.onClose(PartialForwardingClientCallListener.java:39)
	at com.alibaba.nacos.shaded.io.grpc.ForwardingClientCallListener.onClose(ForwardingClientCallListener.java:23)
	at com.alibaba.nacos.shaded.io.grpc.ForwardingClientCallListener$SimpleForwardingClientCallListener.onClose(ForwardingClientCallListener.java:40)
	at com.alibaba.nacos.shaded.io.grpc.internal.CensusStatsModule$StatsClientInterceptor$1$1.onClose(CensusStatsModule.java:700)
	at com.alibaba.nacos.shaded.io.grpc.PartialForwardingClientCallListener.onClose(PartialForwardingClientCallListener.java:39)
	at com.alibaba.nacos.shaded.io.grpc.ForwardingClientCallListener.onClose(ForwardingClientCallListener.java:23)
	at com.alibaba.nacos.shaded.io.grpc.ForwardingClientCallListener$SimpleForwardingClientCallListener.onClose(ForwardingClientCallListener.java:40)
	at com.alibaba.nacos.shaded.io.grpc.internal.CensusTracingModule$TracingClientInterceptor$1$1.onClose(CensusTracingModule.java:399)
	at com.alibaba.nacos.shaded.io.grpc.internal.ClientCallImpl.closeObserver(ClientCallImpl.java:510)
	at com.alibaba.nacos.shaded.io.grpc.internal.ClientCallImpl.access$300(ClientCallImpl.java:66)
	at com.alibaba.nacos.shaded.io.grpc.internal.ClientCallImpl$ClientStreamListenerImpl.close(ClientCallImpl.java:630)
	at com.alibaba.nacos.shaded.io.grpc.internal.ClientCallImpl$ClientStreamListenerImpl.access$700(ClientCallImpl.java:518)
	at com.alibaba.nacos.shaded.io.grpc.internal.ClientCallImpl$ClientStreamListenerImpl$1StreamClosed.runInternal(ClientCallImpl.java:692)
	at com.alibaba.nacos.shaded.io.grpc.internal.ClientCallImpl$ClientStreamListenerImpl$1StreamClosed.runInContext(ClientCallImpl.java:681)
	at com.alibaba.nacos.shaded.io.grpc.internal.ContextRunnable.run(ContextRunnable.java:37)
	at com.alibaba.nacos.shaded.io.grpc.internal.SerializingExecutor.run(SerializingExecutor.java:123)
	... 3 common frames omitted
Caused by: com.alibaba.nacos.shaded.io.grpc.netty.shaded.io.netty.channel.AbstractChannel$AnnotatedConnectException: Connection refused: no further information: /127.0.0.1:9848
Caused by: java.net.ConnectException: Connection refused: no further information
	at java.base/sun.nio.ch.Net.pollConnect(Native Method)
	at java.base/sun.nio.ch.Net.pollConnectNow(Net.java:672)
	at java.base/sun.nio.ch.SocketChannelImpl.finishConnect(SocketChannelImpl.java:973)
	at com.alibaba.nacos.shaded.io.grpc.netty.shaded.io.netty.channel.socket.nio.NioSocketChannel.doFinishConnect(NioSocketChannel.java:327)
	at com.alibaba.nacos.shaded.io.grpc.netty.shaded.io.netty.channel.nio.AbstractNioChannel$AbstractNioUnsafe.finishConnect(AbstractNioChannel.java:336)
	at com.alibaba.nacos.shaded.io.grpc.netty.shaded.io.netty.channel.nio.NioEventLoop.processSelectedKey(NioEventLoop.java:685)
	at com.alibaba.nacos.shaded.io.grpc.netty.shaded.io.netty.channel.nio.NioEventLoop.processSelectedKeysOptimized(NioEventLoop.java:632)
	at com.alibaba.nacos.shaded.io.grpc.netty.shaded.io.netty.channel.nio.NioEventLoop.processSelectedKeys(NioEventLoop.java:549)
	at com.alibaba.nacos.shaded.io.grpc.netty.shaded.io.netty.channel.nio.NioEventLoop.run(NioEventLoop.java:511)
	at com.alibaba.nacos.shaded.io.grpc.netty.shaded.io.netty.util.concurrent.SingleThreadEventExecutor$5.run(SingleThreadEventExecutor.java:918)
	at com.alibaba.nacos.shaded.io.grpc.netty.shaded.io.netty.util.internal.ThreadExecutorMap$2.run(ThreadExecutorMap.java:74)
	at com.alibaba.nacos.shaded.io.grpc.netty.shaded.io.netty.util.concurrent.FastThreadLocalRunnable.run(FastThreadLocalRunnable.java:30)
	at java.base/java.lang.Thread.run(Thread.java:1589)
2025-09-19 15:13:38.914  INFO  [com.alibaba.nacos.client.remote.worker] c.a.n.c.r.client - [163007b4-b646-410a-bc60-e39b7011f5a8] Fail to connect server, after trying 26 times, last try server is {serverIp = '127.0.0.1', server main port = 8848}, error = unknown
2025-09-19 15:13:40.899  ERROR [com.alibaba.nacos.client.Worker] c.a.n.c.r.client - Send request fail, request = ConfigBatchListenRequest{headers={charset=UTF-8, Client-AppName=unknown, Client-RequestToken=5385b20df986ab6ca00fbca70fb96529, Client-RequestTS=1758266020797, exConfigInfo=true, Timestamp=1758266020797}, requestId='null'}, retryTimes = 0, errorMessage = Client not connected, current status:STARTING
2025-09-19 15:13:41.000  ERROR [com.alibaba.nacos.client.Worker] c.a.n.c.r.client - Send request fail, request = ConfigBatchListenRequest{headers={charset=UTF-8, Client-AppName=unknown, Client-RequestToken=5385b20df986ab6ca00fbca70fb96529, Client-RequestTS=1758266020797, exConfigInfo=true, Timestamp=1758266020797}, requestId='null'}, retryTimes = 1, errorMessage = Client not connected, current status:STARTING
2025-09-19 15:13:41.068  ERROR [com.alibaba.nacos.client.remote.worker] c.a.n.c.r.c.g.GrpcClient - Server check fail, please check server 127.0.0.1 ,port 9848 is available , error ={}
java.util.concurrent.ExecutionException: com.alibaba.nacos.shaded.io.grpc.StatusRuntimeException: UNAVAILABLE: io exception
	at com.alibaba.nacos.shaded.com.google.common.util.concurrent.AbstractFuture.getDoneValue(AbstractFuture.java:566)
	at com.alibaba.nacos.shaded.com.google.common.util.concurrent.AbstractFuture.get(AbstractFuture.java:445)
	at com.alibaba.nacos.common.remote.client.grpc.GrpcClient.serverCheck(GrpcClient.java:148)
	at com.alibaba.nacos.common.remote.client.grpc.GrpcClient.connectToServer(GrpcClient.java:264)
	at com.alibaba.nacos.common.remote.client.RpcClient.reconnect(RpcClient.java:522)
	at com.alibaba.nacos.common.remote.client.RpcClient.lambda$start$2(RpcClient.java:370)
	at java.base/java.util.concurrent.Executors$RunnableAdapter.call(Executors.java:577)
	at java.base/java.util.concurrent.FutureTask.run(FutureTask.java:317)
	at java.base/java.util.concurrent.ScheduledThreadPoolExecutor$ScheduledFutureTask.run(ScheduledThreadPoolExecutor.java:304)
	at java.base/java.util.concurrent.ThreadPoolExecutor.runWorker(ThreadPoolExecutor.java:1144)
	at java.base/java.util.concurrent.ThreadPoolExecutor$Worker.run(ThreadPoolExecutor.java:642)
	at java.base/java.lang.Thread.run(Thread.java:1589)
Caused by: com.alibaba.nacos.shaded.io.grpc.StatusRuntimeException: UNAVAILABLE: io exception
	at com.alibaba.nacos.shaded.io.grpc.Status.asRuntimeException(Status.java:533)
	at com.alibaba.nacos.shaded.io.grpc.stub.ClientCalls$UnaryStreamToFuture.onClose(ClientCalls.java:490)
	at com.alibaba.nacos.shaded.io.grpc.PartialForwardingClientCallListener.onClose(PartialForwardingClientCallListener.java:39)
	at com.alibaba.nacos.shaded.io.grpc.ForwardingClientCallListener.onClose(ForwardingClientCallListener.java:23)
	at com.alibaba.nacos.shaded.io.grpc.ForwardingClientCallListener$SimpleForwardingClientCallListener.onClose(ForwardingClientCallListener.java:40)
	at com.alibaba.nacos.shaded.io.grpc.internal.CensusStatsModule$StatsClientInterceptor$1$1.onClose(CensusStatsModule.java:700)
	at com.alibaba.nacos.shaded.io.grpc.PartialForwardingClientCallListener.onClose(PartialForwardingClientCallListener.java:39)
	at com.alibaba.nacos.shaded.io.grpc.ForwardingClientCallListener.onClose(ForwardingClientCallListener.java:23)
	at com.alibaba.nacos.shaded.io.grpc.ForwardingClientCallListener$SimpleForwardingClientCallListener.onClose(ForwardingClientCallListener.java:40)
	at com.alibaba.nacos.shaded.io.grpc.internal.CensusTracingModule$TracingClientInterceptor$1$1.onClose(CensusTracingModule.java:399)
	at com.alibaba.nacos.shaded.io.grpc.internal.ClientCallImpl.closeObserver(ClientCallImpl.java:510)
	at com.alibaba.nacos.shaded.io.grpc.internal.ClientCallImpl.access$300(ClientCallImpl.java:66)
	at com.alibaba.nacos.shaded.io.grpc.internal.ClientCallImpl$ClientStreamListenerImpl.close(ClientCallImpl.java:630)
	at com.alibaba.nacos.shaded.io.grpc.internal.ClientCallImpl$ClientStreamListenerImpl.access$700(ClientCallImpl.java:518)
	at com.alibaba.nacos.shaded.io.grpc.internal.ClientCallImpl$ClientStreamListenerImpl$1StreamClosed.runInternal(ClientCallImpl.java:692)
	at com.alibaba.nacos.shaded.io.grpc.internal.ClientCallImpl$ClientStreamListenerImpl$1StreamClosed.runInContext(ClientCallImpl.java:681)
	at com.alibaba.nacos.shaded.io.grpc.internal.ContextRunnable.run(ContextRunnable.java:37)
	at com.alibaba.nacos.shaded.io.grpc.internal.SerializingExecutor.run(SerializingExecutor.java:123)
	... 3 common frames omitted
Caused by: com.alibaba.nacos.shaded.io.grpc.netty.shaded.io.netty.channel.AbstractChannel$AnnotatedConnectException: Connection refused: no further information: /127.0.0.1:9848
Caused by: java.net.ConnectException: Connection refused: no further information
	at java.base/sun.nio.ch.Net.pollConnect(Native Method)
	at java.base/sun.nio.ch.Net.pollConnectNow(Net.java:672)
	at java.base/sun.nio.ch.SocketChannelImpl.finishConnect(SocketChannelImpl.java:973)
	at com.alibaba.nacos.shaded.io.grpc.netty.shaded.io.netty.channel.socket.nio.NioSocketChannel.doFinishConnect(NioSocketChannel.java:327)
	at com.alibaba.nacos.shaded.io.grpc.netty.shaded.io.netty.channel.nio.AbstractNioChannel$AbstractNioUnsafe.finishConnect(AbstractNioChannel.java:336)
	at com.alibaba.nacos.shaded.io.grpc.netty.shaded.io.netty.channel.nio.NioEventLoop.processSelectedKey(NioEventLoop.java:685)
	at com.alibaba.nacos.shaded.io.grpc.netty.shaded.io.netty.channel.nio.NioEventLoop.processSelectedKeysOptimized(NioEventLoop.java:632)
	at com.alibaba.nacos.shaded.io.grpc.netty.shaded.io.netty.channel.nio.NioEventLoop.processSelectedKeys(NioEventLoop.java:549)
	at com.alibaba.nacos.shaded.io.grpc.netty.shaded.io.netty.channel.nio.NioEventLoop.run(NioEventLoop.java:511)
	at com.alibaba.nacos.shaded.io.grpc.netty.shaded.io.netty.util.concurrent.SingleThreadEventExecutor$5.run(SingleThreadEventExecutor.java:918)
	at com.alibaba.nacos.shaded.io.grpc.netty.shaded.io.netty.util.internal.ThreadExecutorMap$2.run(ThreadExecutorMap.java:74)
	at com.alibaba.nacos.shaded.io.grpc.netty.shaded.io.netty.util.concurrent.FastThreadLocalRunnable.run(FastThreadLocalRunnable.java:30)
	at java.base/java.lang.Thread.run(Thread.java:1589)
2025-09-19 15:13:41.068  INFO  [com.alibaba.nacos.client.remote.worker] c.a.n.c.r.client - [6557a64c-d3e6-481c-b159-daeb774ca1a6_config-0] Fail to connect server, after trying 27 times, last try server is {serverIp = '127.0.0.1', server main port = 8848}, error = unknown
2025-09-19 15:13:41.100  ERROR [com.alibaba.nacos.client.Worker] c.a.n.c.r.client - Send request fail, request = ConfigBatchListenRequest{headers={charset=UTF-8, Client-AppName=unknown, Client-RequestToken=5385b20df986ab6ca00fbca70fb96529, Client-RequestTS=1758266020797, exConfigInfo=true, Timestamp=1758266020797}, requestId='null'}, retryTimes = 2, errorMessage = Client not connected, current status:STARTING
2025-09-19 15:13:41.618  ERROR [com.alibaba.nacos.client.remote.worker] c.a.n.c.r.c.g.GrpcClient - Server check fail, please check server 127.0.0.1 ,port 9848 is available , error ={}
java.util.concurrent.ExecutionException: com.alibaba.nacos.shaded.io.grpc.StatusRuntimeException: UNAVAILABLE: io exception
	at com.alibaba.nacos.shaded.com.google.common.util.concurrent.AbstractFuture.getDoneValue(AbstractFuture.java:566)
	at com.alibaba.nacos.shaded.com.google.common.util.concurrent.AbstractFuture.get(AbstractFuture.java:445)
	at com.alibaba.nacos.common.remote.client.grpc.GrpcClient.serverCheck(GrpcClient.java:148)
	at com.alibaba.nacos.common.remote.client.grpc.GrpcClient.connectToServer(GrpcClient.java:264)
	at com.alibaba.nacos.common.remote.client.RpcClient.reconnect(RpcClient.java:522)
	at com.alibaba.nacos.common.remote.client.RpcClient.lambda$start$2(RpcClient.java:370)
	at java.base/java.util.concurrent.Executors$RunnableAdapter.call(Executors.java:577)
	at java.base/java.util.concurrent.FutureTask.run(FutureTask.java:317)
	at java.base/java.util.concurrent.ScheduledThreadPoolExecutor$ScheduledFutureTask.run(ScheduledThreadPoolExecutor.java:304)
	at java.base/java.util.concurrent.ThreadPoolExecutor.runWorker(ThreadPoolExecutor.java:1144)
	at java.base/java.util.concurrent.ThreadPoolExecutor$Worker.run(ThreadPoolExecutor.java:642)
	at java.base/java.lang.Thread.run(Thread.java:1589)
Caused by: com.alibaba.nacos.shaded.io.grpc.StatusRuntimeException: UNAVAILABLE: io exception
	at com.alibaba.nacos.shaded.io.grpc.Status.asRuntimeException(Status.java:533)
	at com.alibaba.nacos.shaded.io.grpc.stub.ClientCalls$UnaryStreamToFuture.onClose(ClientCalls.java:490)
	at com.alibaba.nacos.shaded.io.grpc.PartialForwardingClientCallListener.onClose(PartialForwardingClientCallListener.java:39)
	at com.alibaba.nacos.shaded.io.grpc.ForwardingClientCallListener.onClose(ForwardingClientCallListener.java:23)
	at com.alibaba.nacos.shaded.io.grpc.ForwardingClientCallListener$SimpleForwardingClientCallListener.onClose(ForwardingClientCallListener.java:40)
	at com.alibaba.nacos.shaded.io.grpc.internal.CensusStatsModule$StatsClientInterceptor$1$1.onClose(CensusStatsModule.java:700)
	at com.alibaba.nacos.shaded.io.grpc.PartialForwardingClientCallListener.onClose(PartialForwardingClientCallListener.java:39)
	at com.alibaba.nacos.shaded.io.grpc.ForwardingClientCallListener.onClose(ForwardingClientCallListener.java:23)
	at com.alibaba.nacos.shaded.io.grpc.ForwardingClientCallListener$SimpleForwardingClientCallListener.onClose(ForwardingClientCallListener.java:40)
	at com.alibaba.nacos.shaded.io.grpc.internal.CensusTracingModule$TracingClientInterceptor$1$1.onClose(CensusTracingModule.java:399)
	at com.alibaba.nacos.shaded.io.grpc.internal.ClientCallImpl.closeObserver(ClientCallImpl.java:510)
	at com.alibaba.nacos.shaded.io.grpc.internal.ClientCallImpl.access$300(ClientCallImpl.java:66)
	at com.alibaba.nacos.shaded.io.grpc.internal.ClientCallImpl$ClientStreamListenerImpl.close(ClientCallImpl.java:630)
	at com.alibaba.nacos.shaded.io.grpc.internal.ClientCallImpl$ClientStreamListenerImpl.access$700(ClientCallImpl.java:518)
	at com.alibaba.nacos.shaded.io.grpc.internal.ClientCallImpl$ClientStreamListenerImpl$1StreamClosed.runInternal(ClientCallImpl.java:692)
	at com.alibaba.nacos.shaded.io.grpc.internal.ClientCallImpl$ClientStreamListenerImpl$1StreamClosed.runInContext(ClientCallImpl.java:681)
	at com.alibaba.nacos.shaded.io.grpc.internal.ContextRunnable.run(ContextRunnable.java:37)
	at com.alibaba.nacos.shaded.io.grpc.internal.SerializingExecutor.run(SerializingExecutor.java:123)
	... 3 common frames omitted
Caused by: com.alibaba.nacos.shaded.io.grpc.netty.shaded.io.netty.channel.AbstractChannel$AnnotatedConnectException: Connection refused: no further information: /127.0.0.1:9848
Caused by: java.net.ConnectException: Connection refused: no further information
	at java.base/sun.nio.ch.Net.pollConnect(Native Method)
	at java.base/sun.nio.ch.Net.pollConnectNow(Net.java:672)
	at java.base/sun.nio.ch.SocketChannelImpl.finishConnect(SocketChannelImpl.java:973)
	at com.alibaba.nacos.shaded.io.grpc.netty.shaded.io.netty.channel.socket.nio.NioSocketChannel.doFinishConnect(NioSocketChannel.java:327)
	at com.alibaba.nacos.shaded.io.grpc.netty.shaded.io.netty.channel.nio.AbstractNioChannel$AbstractNioUnsafe.finishConnect(AbstractNioChannel.java:336)
	at com.alibaba.nacos.shaded.io.grpc.netty.shaded.io.netty.channel.nio.NioEventLoop.processSelectedKey(NioEventLoop.java:685)
	at com.alibaba.nacos.shaded.io.grpc.netty.shaded.io.netty.channel.nio.NioEventLoop.processSelectedKeysOptimized(NioEventLoop.java:632)
	at com.alibaba.nacos.shaded.io.grpc.netty.shaded.io.netty.channel.nio.NioEventLoop.processSelectedKeys(NioEventLoop.java:549)
	at com.alibaba.nacos.shaded.io.grpc.netty.shaded.io.netty.channel.nio.NioEventLoop.run(NioEventLoop.java:511)
	at com.alibaba.nacos.shaded.io.grpc.netty.shaded.io.netty.util.concurrent.SingleThreadEventExecutor$5.run(SingleThreadEventExecutor.java:918)
	at com.alibaba.nacos.shaded.io.grpc.netty.shaded.io.netty.util.internal.ThreadExecutorMap$2.run(ThreadExecutorMap.java:74)
	at com.alibaba.nacos.shaded.io.grpc.netty.shaded.io.netty.util.concurrent.FastThreadLocalRunnable.run(FastThreadLocalRunnable.java:30)
	at java.base/java.lang.Thread.run(Thread.java:1589)
2025-09-19 15:13:41.619  INFO  [com.alibaba.nacos.client.remote.worker] c.a.n.c.r.client - [163007b4-b646-410a-bc60-e39b7011f5a8] Fail to connect server, after trying 27 times, last try server is {serverIp = '127.0.0.1', server main port = 8848}, error = unknown
2025-09-19 15:13:43.904  ERROR [com.alibaba.nacos.client.remote.worker] c.a.n.c.r.c.g.GrpcClient - Server check fail, please check server 127.0.0.1 ,port 9848 is available , error ={}
java.util.concurrent.ExecutionException: com.alibaba.nacos.shaded.io.grpc.StatusRuntimeException: UNAVAILABLE: io exception
	at com.alibaba.nacos.shaded.com.google.common.util.concurrent.AbstractFuture.getDoneValue(AbstractFuture.java:566)
	at com.alibaba.nacos.shaded.com.google.common.util.concurrent.AbstractFuture.get(AbstractFuture.java:445)
	at com.alibaba.nacos.common.remote.client.grpc.GrpcClient.serverCheck(GrpcClient.java:148)
	at com.alibaba.nacos.common.remote.client.grpc.GrpcClient.connectToServer(GrpcClient.java:264)
	at com.alibaba.nacos.common.remote.client.RpcClient.reconnect(RpcClient.java:522)
	at com.alibaba.nacos.common.remote.client.RpcClient.lambda$start$2(RpcClient.java:370)
	at java.base/java.util.concurrent.Executors$RunnableAdapter.call(Executors.java:577)
	at java.base/java.util.concurrent.FutureTask.run(FutureTask.java:317)
	at java.base/java.util.concurrent.ScheduledThreadPoolExecutor$ScheduledFutureTask.run(ScheduledThreadPoolExecutor.java:304)
	at java.base/java.util.concurrent.ThreadPoolExecutor.runWorker(ThreadPoolExecutor.java:1144)
	at java.base/java.util.concurrent.ThreadPoolExecutor$Worker.run(ThreadPoolExecutor.java:642)
	at java.base/java.lang.Thread.run(Thread.java:1589)
Caused by: com.alibaba.nacos.shaded.io.grpc.StatusRuntimeException: UNAVAILABLE: io exception
	at com.alibaba.nacos.shaded.io.grpc.Status.asRuntimeException(Status.java:533)
	at com.alibaba.nacos.shaded.io.grpc.stub.ClientCalls$UnaryStreamToFuture.onClose(ClientCalls.java:490)
	at com.alibaba.nacos.shaded.io.grpc.PartialForwardingClientCallListener.onClose(PartialForwardingClientCallListener.java:39)
	at com.alibaba.nacos.shaded.io.grpc.ForwardingClientCallListener.onClose(ForwardingClientCallListener.java:23)
	at com.alibaba.nacos.shaded.io.grpc.ForwardingClientCallListener$SimpleForwardingClientCallListener.onClose(ForwardingClientCallListener.java:40)
	at com.alibaba.nacos.shaded.io.grpc.internal.CensusStatsModule$StatsClientInterceptor$1$1.onClose(CensusStatsModule.java:700)
	at com.alibaba.nacos.shaded.io.grpc.PartialForwardingClientCallListener.onClose(PartialForwardingClientCallListener.java:39)
	at com.alibaba.nacos.shaded.io.grpc.ForwardingClientCallListener.onClose(ForwardingClientCallListener.java:23)
	at com.alibaba.nacos.shaded.io.grpc.ForwardingClientCallListener$SimpleForwardingClientCallListener.onClose(ForwardingClientCallListener.java:40)
	at com.alibaba.nacos.shaded.io.grpc.internal.CensusTracingModule$TracingClientInterceptor$1$1.onClose(CensusTracingModule.java:399)
	at com.alibaba.nacos.shaded.io.grpc.internal.ClientCallImpl.closeObserver(ClientCallImpl.java:510)
	at com.alibaba.nacos.shaded.io.grpc.internal.ClientCallImpl.access$300(ClientCallImpl.java:66)
	at com.alibaba.nacos.shaded.io.grpc.internal.ClientCallImpl$ClientStreamListenerImpl.close(ClientCallImpl.java:630)
	at com.alibaba.nacos.shaded.io.grpc.internal.ClientCallImpl$ClientStreamListenerImpl.access$700(ClientCallImpl.java:518)
	at com.alibaba.nacos.shaded.io.grpc.internal.ClientCallImpl$ClientStreamListenerImpl$1StreamClosed.runInternal(ClientCallImpl.java:692)
	at com.alibaba.nacos.shaded.io.grpc.internal.ClientCallImpl$ClientStreamListenerImpl$1StreamClosed.runInContext(ClientCallImpl.java:681)
	at com.alibaba.nacos.shaded.io.grpc.internal.ContextRunnable.run(ContextRunnable.java:37)
	at com.alibaba.nacos.shaded.io.grpc.internal.SerializingExecutor.run(SerializingExecutor.java:123)
	... 3 common frames omitted
Caused by: com.alibaba.nacos.shaded.io.grpc.netty.shaded.io.netty.channel.AbstractChannel$AnnotatedConnectException: Connection refused: no further information: /127.0.0.1:9848
Caused by: java.net.ConnectException: Connection refused: no further information
	at java.base/sun.nio.ch.Net.pollConnect(Native Method)
	at java.base/sun.nio.ch.Net.pollConnectNow(Net.java:672)
	at java.base/sun.nio.ch.SocketChannelImpl.finishConnect(SocketChannelImpl.java:973)
	at com.alibaba.nacos.shaded.io.grpc.netty.shaded.io.netty.channel.socket.nio.NioSocketChannel.doFinishConnect(NioSocketChannel.java:327)
	at com.alibaba.nacos.shaded.io.grpc.netty.shaded.io.netty.channel.nio.AbstractNioChannel$AbstractNioUnsafe.finishConnect(AbstractNioChannel.java:336)
	at com.alibaba.nacos.shaded.io.grpc.netty.shaded.io.netty.channel.nio.NioEventLoop.processSelectedKey(NioEventLoop.java:685)
	at com.alibaba.nacos.shaded.io.grpc.netty.shaded.io.netty.channel.nio.NioEventLoop.processSelectedKeysOptimized(NioEventLoop.java:632)
	at com.alibaba.nacos.shaded.io.grpc.netty.shaded.io.netty.channel.nio.NioEventLoop.processSelectedKeys(NioEventLoop.java:549)
	at com.alibaba.nacos.shaded.io.grpc.netty.shaded.io.netty.channel.nio.NioEventLoop.run(NioEventLoop.java:511)
	at com.alibaba.nacos.shaded.io.grpc.netty.shaded.io.netty.util.concurrent.SingleThreadEventExecutor$5.run(SingleThreadEventExecutor.java:918)
	at com.alibaba.nacos.shaded.io.grpc.netty.shaded.io.netty.util.internal.ThreadExecutorMap$2.run(ThreadExecutorMap.java:74)
	at com.alibaba.nacos.shaded.io.grpc.netty.shaded.io.netty.util.concurrent.FastThreadLocalRunnable.run(FastThreadLocalRunnable.java:30)
	at java.base/java.lang.Thread.run(Thread.java:1589)
2025-09-19 15:13:43.904  INFO  [com.alibaba.nacos.client.remote.worker] c.a.n.c.r.client - [6557a64c-d3e6-481c-b159-daeb774ca1a6_config-0] Fail to connect server, after trying 28 times, last try server is {serverIp = '127.0.0.1', server main port = 8848}, error = unknown
2025-09-19 15:13:44.425  ERROR [com.alibaba.nacos.client.remote.worker] c.a.n.c.r.c.g.GrpcClient - Server check fail, please check server 127.0.0.1 ,port 9848 is available , error ={}
java.util.concurrent.ExecutionException: com.alibaba.nacos.shaded.io.grpc.StatusRuntimeException: UNAVAILABLE: io exception
	at com.alibaba.nacos.shaded.com.google.common.util.concurrent.AbstractFuture.getDoneValue(AbstractFuture.java:566)
	at com.alibaba.nacos.shaded.com.google.common.util.concurrent.AbstractFuture.get(AbstractFuture.java:445)
	at com.alibaba.nacos.common.remote.client.grpc.GrpcClient.serverCheck(GrpcClient.java:148)
	at com.alibaba.nacos.common.remote.client.grpc.GrpcClient.connectToServer(GrpcClient.java:264)
	at com.alibaba.nacos.common.remote.client.RpcClient.reconnect(RpcClient.java:522)
	at com.alibaba.nacos.common.remote.client.RpcClient.lambda$start$2(RpcClient.java:370)
	at java.base/java.util.concurrent.Executors$RunnableAdapter.call(Executors.java:577)
	at java.base/java.util.concurrent.FutureTask.run(FutureTask.java:317)
	at java.base/java.util.concurrent.ScheduledThreadPoolExecutor$ScheduledFutureTask.run(ScheduledThreadPoolExecutor.java:304)
	at java.base/java.util.concurrent.ThreadPoolExecutor.runWorker(ThreadPoolExecutor.java:1144)
	at java.base/java.util.concurrent.ThreadPoolExecutor$Worker.run(ThreadPoolExecutor.java:642)
	at java.base/java.lang.Thread.run(Thread.java:1589)
Caused by: com.alibaba.nacos.shaded.io.grpc.StatusRuntimeException: UNAVAILABLE: io exception
	at com.alibaba.nacos.shaded.io.grpc.Status.asRuntimeException(Status.java:533)
	at com.alibaba.nacos.shaded.io.grpc.stub.ClientCalls$UnaryStreamToFuture.onClose(ClientCalls.java:490)
	at com.alibaba.nacos.shaded.io.grpc.PartialForwardingClientCallListener.onClose(PartialForwardingClientCallListener.java:39)
	at com.alibaba.nacos.shaded.io.grpc.ForwardingClientCallListener.onClose(ForwardingClientCallListener.java:23)
	at com.alibaba.nacos.shaded.io.grpc.ForwardingClientCallListener$SimpleForwardingClientCallListener.onClose(ForwardingClientCallListener.java:40)
	at com.alibaba.nacos.shaded.io.grpc.internal.CensusStatsModule$StatsClientInterceptor$1$1.onClose(CensusStatsModule.java:700)
	at com.alibaba.nacos.shaded.io.grpc.PartialForwardingClientCallListener.onClose(PartialForwardingClientCallListener.java:39)
	at com.alibaba.nacos.shaded.io.grpc.ForwardingClientCallListener.onClose(ForwardingClientCallListener.java:23)
	at com.alibaba.nacos.shaded.io.grpc.ForwardingClientCallListener$SimpleForwardingClientCallListener.onClose(ForwardingClientCallListener.java:40)
	at com.alibaba.nacos.shaded.io.grpc.internal.CensusTracingModule$TracingClientInterceptor$1$1.onClose(CensusTracingModule.java:399)
	at com.alibaba.nacos.shaded.io.grpc.internal.ClientCallImpl.closeObserver(ClientCallImpl.java:510)
	at com.alibaba.nacos.shaded.io.grpc.internal.ClientCallImpl.access$300(ClientCallImpl.java:66)
	at com.alibaba.nacos.shaded.io.grpc.internal.ClientCallImpl$ClientStreamListenerImpl.close(ClientCallImpl.java:630)
	at com.alibaba.nacos.shaded.io.grpc.internal.ClientCallImpl$ClientStreamListenerImpl.access$700(ClientCallImpl.java:518)
	at com.alibaba.nacos.shaded.io.grpc.internal.ClientCallImpl$ClientStreamListenerImpl$1StreamClosed.runInternal(ClientCallImpl.java:692)
	at com.alibaba.nacos.shaded.io.grpc.internal.ClientCallImpl$ClientStreamListenerImpl$1StreamClosed.runInContext(ClientCallImpl.java:681)
	at com.alibaba.nacos.shaded.io.grpc.internal.ContextRunnable.run(ContextRunnable.java:37)
	at com.alibaba.nacos.shaded.io.grpc.internal.SerializingExecutor.run(SerializingExecutor.java:123)
	... 3 common frames omitted
Caused by: com.alibaba.nacos.shaded.io.grpc.netty.shaded.io.netty.channel.AbstractChannel$AnnotatedConnectException: Connection refused: no further information: /127.0.0.1:9848
Caused by: java.net.ConnectException: Connection refused: no further information
	at java.base/sun.nio.ch.Net.pollConnect(Native Method)
	at java.base/sun.nio.ch.Net.pollConnectNow(Net.java:672)
	at java.base/sun.nio.ch.SocketChannelImpl.finishConnect(SocketChannelImpl.java:973)
	at com.alibaba.nacos.shaded.io.grpc.netty.shaded.io.netty.channel.socket.nio.NioSocketChannel.doFinishConnect(NioSocketChannel.java:327)
	at com.alibaba.nacos.shaded.io.grpc.netty.shaded.io.netty.channel.nio.AbstractNioChannel$AbstractNioUnsafe.finishConnect(AbstractNioChannel.java:336)
	at com.alibaba.nacos.shaded.io.grpc.netty.shaded.io.netty.channel.nio.NioEventLoop.processSelectedKey(NioEventLoop.java:685)
	at com.alibaba.nacos.shaded.io.grpc.netty.shaded.io.netty.channel.nio.NioEventLoop.processSelectedKeysOptimized(NioEventLoop.java:632)
	at com.alibaba.nacos.shaded.io.grpc.netty.shaded.io.netty.channel.nio.NioEventLoop.processSelectedKeys(NioEventLoop.java:549)
	at com.alibaba.nacos.shaded.io.grpc.netty.shaded.io.netty.channel.nio.NioEventLoop.run(NioEventLoop.java:511)
	at com.alibaba.nacos.shaded.io.grpc.netty.shaded.io.netty.util.concurrent.SingleThreadEventExecutor$5.run(SingleThreadEventExecutor.java:918)
	at com.alibaba.nacos.shaded.io.grpc.netty.shaded.io.netty.util.internal.ThreadExecutorMap$2.run(ThreadExecutorMap.java:74)
	at com.alibaba.nacos.shaded.io.grpc.netty.shaded.io.netty.util.concurrent.FastThreadLocalRunnable.run(FastThreadLocalRunnable.java:30)
	at java.base/java.lang.Thread.run(Thread.java:1589)
2025-09-19 15:13:44.425  INFO  [com.alibaba.nacos.client.remote.worker] c.a.n.c.r.client - [163007b4-b646-410a-bc60-e39b7011f5a8] Fail to connect server, after trying 28 times, last try server is {serverIp = '127.0.0.1', server main port = 8848}, error = unknown
2025-09-19 15:13:46.255  ERROR [com.alibaba.nacos.client.Worker] c.a.n.c.r.client - Send request fail, request = ConfigBatchListenRequest{headers={charset=UTF-8, Client-AppName=unknown, Client-RequestToken=fc49e6ac52ebea73ab74a91789a2a082, Client-RequestTS=1758266026152, exConfigInfo=true, Timestamp=1758266026152}, requestId='null'}, retryTimes = 0, errorMessage = Client not connected, current status:STARTING
2025-09-19 15:13:46.358  ERROR [com.alibaba.nacos.client.Worker] c.a.n.c.r.client - Send request fail, request = ConfigBatchListenRequest{headers={charset=UTF-8, Client-AppName=unknown, Client-RequestToken=fc49e6ac52ebea73ab74a91789a2a082, Client-RequestTS=1758266026152, exConfigInfo=true, Timestamp=1758266026152}, requestId='null'}, retryTimes = 1, errorMessage = Client not connected, current status:STARTING
2025-09-19 15:13:46.458  ERROR [com.alibaba.nacos.client.Worker] c.a.n.c.r.client - Send request fail, request = ConfigBatchListenRequest{headers={charset=UTF-8, Client-AppName=unknown, Client-RequestToken=fc49e6ac52ebea73ab74a91789a2a082, Client-RequestTS=1758266026152, exConfigInfo=true, Timestamp=1758266026152}, requestId='null'}, retryTimes = 2, errorMessage = Client not connected, current status:STARTING
2025-09-19 15:13:46.842  ERROR [com.alibaba.nacos.client.remote.worker] c.a.n.c.r.c.g.GrpcClient - Server check fail, please check server 127.0.0.1 ,port 9848 is available , error ={}
java.util.concurrent.ExecutionException: com.alibaba.nacos.shaded.io.grpc.StatusRuntimeException: UNAVAILABLE: io exception
	at com.alibaba.nacos.shaded.com.google.common.util.concurrent.AbstractFuture.getDoneValue(AbstractFuture.java:566)
	at com.alibaba.nacos.shaded.com.google.common.util.concurrent.AbstractFuture.get(AbstractFuture.java:445)
	at com.alibaba.nacos.common.remote.client.grpc.GrpcClient.serverCheck(GrpcClient.java:148)
	at com.alibaba.nacos.common.remote.client.grpc.GrpcClient.connectToServer(GrpcClient.java:264)
	at com.alibaba.nacos.common.remote.client.RpcClient.reconnect(RpcClient.java:522)
	at com.alibaba.nacos.common.remote.client.RpcClient.lambda$start$2(RpcClient.java:370)
	at java.base/java.util.concurrent.Executors$RunnableAdapter.call(Executors.java:577)
	at java.base/java.util.concurrent.FutureTask.run(FutureTask.java:317)
	at java.base/java.util.concurrent.ScheduledThreadPoolExecutor$ScheduledFutureTask.run(ScheduledThreadPoolExecutor.java:304)
	at java.base/java.util.concurrent.ThreadPoolExecutor.runWorker(ThreadPoolExecutor.java:1144)
	at java.base/java.util.concurrent.ThreadPoolExecutor$Worker.run(ThreadPoolExecutor.java:642)
	at java.base/java.lang.Thread.run(Thread.java:1589)
Caused by: com.alibaba.nacos.shaded.io.grpc.StatusRuntimeException: UNAVAILABLE: io exception
	at com.alibaba.nacos.shaded.io.grpc.Status.asRuntimeException(Status.java:533)
	at com.alibaba.nacos.shaded.io.grpc.stub.ClientCalls$UnaryStreamToFuture.onClose(ClientCalls.java:490)
	at com.alibaba.nacos.shaded.io.grpc.PartialForwardingClientCallListener.onClose(PartialForwardingClientCallListener.java:39)
	at com.alibaba.nacos.shaded.io.grpc.ForwardingClientCallListener.onClose(ForwardingClientCallListener.java:23)
	at com.alibaba.nacos.shaded.io.grpc.ForwardingClientCallListener$SimpleForwardingClientCallListener.onClose(ForwardingClientCallListener.java:40)
	at com.alibaba.nacos.shaded.io.grpc.internal.CensusStatsModule$StatsClientInterceptor$1$1.onClose(CensusStatsModule.java:700)
	at com.alibaba.nacos.shaded.io.grpc.PartialForwardingClientCallListener.onClose(PartialForwardingClientCallListener.java:39)
	at com.alibaba.nacos.shaded.io.grpc.ForwardingClientCallListener.onClose(ForwardingClientCallListener.java:23)
	at com.alibaba.nacos.shaded.io.grpc.ForwardingClientCallListener$SimpleForwardingClientCallListener.onClose(ForwardingClientCallListener.java:40)
	at com.alibaba.nacos.shaded.io.grpc.internal.CensusTracingModule$TracingClientInterceptor$1$1.onClose(CensusTracingModule.java:399)
	at com.alibaba.nacos.shaded.io.grpc.internal.ClientCallImpl.closeObserver(ClientCallImpl.java:510)
	at com.alibaba.nacos.shaded.io.grpc.internal.ClientCallImpl.access$300(ClientCallImpl.java:66)
	at com.alibaba.nacos.shaded.io.grpc.internal.ClientCallImpl$ClientStreamListenerImpl.close(ClientCallImpl.java:630)
	at com.alibaba.nacos.shaded.io.grpc.internal.ClientCallImpl$ClientStreamListenerImpl.access$700(ClientCallImpl.java:518)
	at com.alibaba.nacos.shaded.io.grpc.internal.ClientCallImpl$ClientStreamListenerImpl$1StreamClosed.runInternal(ClientCallImpl.java:692)
	at com.alibaba.nacos.shaded.io.grpc.internal.ClientCallImpl$ClientStreamListenerImpl$1StreamClosed.runInContext(ClientCallImpl.java:681)
	at com.alibaba.nacos.shaded.io.grpc.internal.ContextRunnable.run(ContextRunnable.java:37)
	at com.alibaba.nacos.shaded.io.grpc.internal.SerializingExecutor.run(SerializingExecutor.java:123)
	... 3 common frames omitted
Caused by: com.alibaba.nacos.shaded.io.grpc.netty.shaded.io.netty.channel.AbstractChannel$AnnotatedConnectException: Connection refused: no further information: /127.0.0.1:9848
Caused by: java.net.ConnectException: Connection refused: no further information
	at java.base/sun.nio.ch.Net.pollConnect(Native Method)
	at java.base/sun.nio.ch.Net.pollConnectNow(Net.java:672)
	at java.base/sun.nio.ch.SocketChannelImpl.finishConnect(SocketChannelImpl.java:973)
	at com.alibaba.nacos.shaded.io.grpc.netty.shaded.io.netty.channel.socket.nio.NioSocketChannel.doFinishConnect(NioSocketChannel.java:327)
	at com.alibaba.nacos.shaded.io.grpc.netty.shaded.io.netty.channel.nio.AbstractNioChannel$AbstractNioUnsafe.finishConnect(AbstractNioChannel.java:336)
	at com.alibaba.nacos.shaded.io.grpc.netty.shaded.io.netty.channel.nio.NioEventLoop.processSelectedKey(NioEventLoop.java:685)
	at com.alibaba.nacos.shaded.io.grpc.netty.shaded.io.netty.channel.nio.NioEventLoop.processSelectedKeysOptimized(NioEventLoop.java:632)
	at com.alibaba.nacos.shaded.io.grpc.netty.shaded.io.netty.channel.nio.NioEventLoop.processSelectedKeys(NioEventLoop.java:549)
	at com.alibaba.nacos.shaded.io.grpc.netty.shaded.io.netty.channel.nio.NioEventLoop.run(NioEventLoop.java:511)
	at com.alibaba.nacos.shaded.io.grpc.netty.shaded.io.netty.util.concurrent.SingleThreadEventExecutor$5.run(SingleThreadEventExecutor.java:918)
	at com.alibaba.nacos.shaded.io.grpc.netty.shaded.io.netty.util.internal.ThreadExecutorMap$2.run(ThreadExecutorMap.java:74)
	at com.alibaba.nacos.shaded.io.grpc.netty.shaded.io.netty.util.concurrent.FastThreadLocalRunnable.run(FastThreadLocalRunnable.java:30)
	at java.base/java.lang.Thread.run(Thread.java:1589)
2025-09-19 15:13:46.842  INFO  [com.alibaba.nacos.client.remote.worker] c.a.n.c.r.client - [6557a64c-d3e6-481c-b159-daeb774ca1a6_config-0] Fail to connect server, after trying 29 times, last try server is {serverIp = '127.0.0.1', server main port = 8848}, error = unknown
2025-09-19 15:13:47.329  ERROR [com.alibaba.nacos.client.remote.worker] c.a.n.c.r.c.g.GrpcClient - Server check fail, please check server 127.0.0.1 ,port 9848 is available , error ={}
java.util.concurrent.ExecutionException: com.alibaba.nacos.shaded.io.grpc.StatusRuntimeException: UNAVAILABLE: io exception
	at com.alibaba.nacos.shaded.com.google.common.util.concurrent.AbstractFuture.getDoneValue(AbstractFuture.java:566)
	at com.alibaba.nacos.shaded.com.google.common.util.concurrent.AbstractFuture.get(AbstractFuture.java:445)
	at com.alibaba.nacos.common.remote.client.grpc.GrpcClient.serverCheck(GrpcClient.java:148)
	at com.alibaba.nacos.common.remote.client.grpc.GrpcClient.connectToServer(GrpcClient.java:264)
	at com.alibaba.nacos.common.remote.client.RpcClient.reconnect(RpcClient.java:522)
	at com.alibaba.nacos.common.remote.client.RpcClient.lambda$start$2(RpcClient.java:370)
	at java.base/java.util.concurrent.Executors$RunnableAdapter.call(Executors.java:577)
	at java.base/java.util.concurrent.FutureTask.run(FutureTask.java:317)
	at java.base/java.util.concurrent.ScheduledThreadPoolExecutor$ScheduledFutureTask.run(ScheduledThreadPoolExecutor.java:304)
	at java.base/java.util.concurrent.ThreadPoolExecutor.runWorker(ThreadPoolExecutor.java:1144)
	at java.base/java.util.concurrent.ThreadPoolExecutor$Worker.run(ThreadPoolExecutor.java:642)
	at java.base/java.lang.Thread.run(Thread.java:1589)
Caused by: com.alibaba.nacos.shaded.io.grpc.StatusRuntimeException: UNAVAILABLE: io exception
	at com.alibaba.nacos.shaded.io.grpc.Status.asRuntimeException(Status.java:533)
	at com.alibaba.nacos.shaded.io.grpc.stub.ClientCalls$UnaryStreamToFuture.onClose(ClientCalls.java:490)
	at com.alibaba.nacos.shaded.io.grpc.PartialForwardingClientCallListener.onClose(PartialForwardingClientCallListener.java:39)
	at com.alibaba.nacos.shaded.io.grpc.ForwardingClientCallListener.onClose(ForwardingClientCallListener.java:23)
	at com.alibaba.nacos.shaded.io.grpc.ForwardingClientCallListener$SimpleForwardingClientCallListener.onClose(ForwardingClientCallListener.java:40)
	at com.alibaba.nacos.shaded.io.grpc.internal.CensusStatsModule$StatsClientInterceptor$1$1.onClose(CensusStatsModule.java:700)
	at com.alibaba.nacos.shaded.io.grpc.PartialForwardingClientCallListener.onClose(PartialForwardingClientCallListener.java:39)
	at com.alibaba.nacos.shaded.io.grpc.ForwardingClientCallListener.onClose(ForwardingClientCallListener.java:23)
	at com.alibaba.nacos.shaded.io.grpc.ForwardingClientCallListener$SimpleForwardingClientCallListener.onClose(ForwardingClientCallListener.java:40)
	at com.alibaba.nacos.shaded.io.grpc.internal.CensusTracingModule$TracingClientInterceptor$1$1.onClose(CensusTracingModule.java:399)
	at com.alibaba.nacos.shaded.io.grpc.internal.ClientCallImpl.closeObserver(ClientCallImpl.java:510)
	at com.alibaba.nacos.shaded.io.grpc.internal.ClientCallImpl.access$300(ClientCallImpl.java:66)
	at com.alibaba.nacos.shaded.io.grpc.internal.ClientCallImpl$ClientStreamListenerImpl.close(ClientCallImpl.java:630)
	at com.alibaba.nacos.shaded.io.grpc.internal.ClientCallImpl$ClientStreamListenerImpl.access$700(ClientCallImpl.java:518)
	at com.alibaba.nacos.shaded.io.grpc.internal.ClientCallImpl$ClientStreamListenerImpl$1StreamClosed.runInternal(ClientCallImpl.java:692)
	at com.alibaba.nacos.shaded.io.grpc.internal.ClientCallImpl$ClientStreamListenerImpl$1StreamClosed.runInContext(ClientCallImpl.java:681)
	at com.alibaba.nacos.shaded.io.grpc.internal.ContextRunnable.run(ContextRunnable.java:37)
	at com.alibaba.nacos.shaded.io.grpc.internal.SerializingExecutor.run(SerializingExecutor.java:123)
	... 3 common frames omitted
Caused by: com.alibaba.nacos.shaded.io.grpc.netty.shaded.io.netty.channel.AbstractChannel$AnnotatedConnectException: Connection refused: no further information: /127.0.0.1:9848
Caused by: java.net.ConnectException: Connection refused: no further information
	at java.base/sun.nio.ch.Net.pollConnect(Native Method)
	at java.base/sun.nio.ch.Net.pollConnectNow(Net.java:672)
	at java.base/sun.nio.ch.SocketChannelImpl.finishConnect(SocketChannelImpl.java:973)
	at com.alibaba.nacos.shaded.io.grpc.netty.shaded.io.netty.channel.socket.nio.NioSocketChannel.doFinishConnect(NioSocketChannel.java:327)
	at com.alibaba.nacos.shaded.io.grpc.netty.shaded.io.netty.channel.nio.AbstractNioChannel$AbstractNioUnsafe.finishConnect(AbstractNioChannel.java:336)
	at com.alibaba.nacos.shaded.io.grpc.netty.shaded.io.netty.channel.nio.NioEventLoop.processSelectedKey(NioEventLoop.java:685)
	at com.alibaba.nacos.shaded.io.grpc.netty.shaded.io.netty.channel.nio.NioEventLoop.processSelectedKeysOptimized(NioEventLoop.java:632)
	at com.alibaba.nacos.shaded.io.grpc.netty.shaded.io.netty.channel.nio.NioEventLoop.processSelectedKeys(NioEventLoop.java:549)
	at com.alibaba.nacos.shaded.io.grpc.netty.shaded.io.netty.channel.nio.NioEventLoop.run(NioEventLoop.java:511)
	at com.alibaba.nacos.shaded.io.grpc.netty.shaded.io.netty.util.concurrent.SingleThreadEventExecutor$5.run(SingleThreadEventExecutor.java:918)
	at com.alibaba.nacos.shaded.io.grpc.netty.shaded.io.netty.util.internal.ThreadExecutorMap$2.run(ThreadExecutorMap.java:74)
	at com.alibaba.nacos.shaded.io.grpc.netty.shaded.io.netty.util.concurrent.FastThreadLocalRunnable.run(FastThreadLocalRunnable.java:30)
	at java.base/java.lang.Thread.run(Thread.java:1589)
2025-09-19 15:13:47.330  INFO  [com.alibaba.nacos.client.remote.worker] c.a.n.c.r.client - [163007b4-b646-410a-bc60-e39b7011f5a8] Fail to connect server, after trying 29 times, last try server is {serverIp = '127.0.0.1', server main port = 8848}, error = unknown
2025-09-19 15:13:49.710  WARN  [Thread-3] c.a.n.c.n.NotifyCenter - [NotifyCenter] Start destroying Publisher
2025-09-19 15:13:49.710  WARN  [Thread-0] c.a.n.c.h.HttpClientBeanHolder - [HttpClientBeanHolder] Start destroying common HttpClient
2025-09-19 15:13:49.711  WARN  [Thread-3] c.a.n.c.n.NotifyCenter - [NotifyCenter] Destruction of the end
2025-09-19 15:13:49.711  WARN  [Thread-0] c.a.n.c.h.HttpClientBeanHolder - [HttpClientBeanHolder] Destruction of the end
2025-09-19 15:18:17.927  INFO  [main] c.a.n.c.r.client - [RpcClientFactory] create a new rpc client of ff6761c0-fb03-48cf-8806-96ecc831715e_config-0
2025-09-19 15:18:17.970  INFO  [main] o.r.Reflections - Reflections took 18 ms to scan 1 urls, producing 3 keys and 6 values 
2025-09-19 15:18:17.999  INFO  [main] o.r.Reflections - Reflections took 9 ms to scan 1 urls, producing 4 keys and 9 values 
2025-09-19 15:18:18.006  INFO  [main] o.r.Reflections - Reflections took 5 ms to scan 1 urls, producing 3 keys and 10 values 
2025-09-19 15:18:18.008  WARN  [main] o.r.Reflections - given scan urls are empty. set urls in the configuration
2025-09-19 15:18:18.013  INFO  [main] o.r.Reflections - Reflections took 4 ms to scan 1 urls, producing 1 keys and 5 values 
2025-09-19 15:18:18.022  INFO  [main] o.r.Reflections - Reflections took 5 ms to scan 1 urls, producing 1 keys and 7 values 
2025-09-19 15:18:18.028  INFO  [main] o.r.Reflections - Reflections took 4 ms to scan 1 urls, producing 2 keys and 8 values 
2025-09-19 15:18:18.029  WARN  [main] o.r.Reflections - given scan urls are empty. set urls in the configuration
2025-09-19 15:18:18.030  INFO  [main] c.a.n.c.r.client - [ff6761c0-fb03-48cf-8806-96ecc831715e_config-0] RpcClient init label, labels = {module=config, Vipserver-Tag=null, source=sdk, Amory-Tag=null, Location-Tag=null, taskId=0, AppName=unknown}
2025-09-19 15:18:18.031  INFO  [main] c.a.n.c.r.client - [ff6761c0-fb03-48cf-8806-96ecc831715e_config-0] Register server push request handler:com.alibaba.nacos.client.config.impl.ClientWorker$ConfigRpcTransportClient$$Lambda$70/0x0000000801109b38
2025-09-19 15:18:18.032  INFO  [main] c.a.n.c.r.client - [ff6761c0-fb03-48cf-8806-96ecc831715e_config-0] Register server push request handler:com.alibaba.nacos.client.config.impl.ClientWorker$ConfigRpcTransportClient$$Lambda$71/0x0000000801109d48
2025-09-19 15:18:18.033  INFO  [main] c.a.n.c.r.client - [ff6761c0-fb03-48cf-8806-96ecc831715e_config-0] Registry connection listener to current client:com.alibaba.nacos.client.config.impl.ClientWorker$ConfigRpcTransportClient$1
2025-09-19 15:18:18.034  INFO  [main] c.a.n.c.r.client - [ff6761c0-fb03-48cf-8806-96ecc831715e_config-0] RpcClient init, ServerListFactory = com.alibaba.nacos.client.config.impl.ClientWorker$ConfigRpcTransportClient$2
2025-09-19 15:18:18.045  INFO  [main] c.a.n.c.r.client - [ff6761c0-fb03-48cf-8806-96ecc831715e_config-0] Try to connect to server on start up, server: {serverIp = '127.0.0.1', server main port = 8848}
2025-09-19 15:18:18.880  INFO  [main] c.a.n.c.r.client - [ff6761c0-fb03-48cf-8806-96ecc831715e_config-0] Success to connect to server [127.0.0.1:8848] on start up, connectionId = 1758266298686_127.0.0.1_50504
2025-09-19 15:18:18.881  INFO  [com.alibaba.nacos.client.remote.worker] c.a.n.c.r.client - [ff6761c0-fb03-48cf-8806-96ecc831715e_config-0] Notify connected event to listeners.
2025-09-19 15:18:18.881  INFO  [main] c.a.n.c.r.client - [ff6761c0-fb03-48cf-8806-96ecc831715e_config-0] Register server push request handler:com.alibaba.nacos.common.remote.client.RpcClient$ConnectResetRequestHandler
2025-09-19 15:18:18.882  INFO  [main] c.a.n.c.r.client - [ff6761c0-fb03-48cf-8806-96ecc831715e_config-0] Register server push request handler:com.alibaba.nacos.common.remote.client.RpcClient$$Lambda$109/0x00000008012aea68
2025-09-19 15:18:18.924  INFO  [main] c.y.g.c.c.n.i.NacosConfigCenter - Rules-Config From Nacos: null
2025-09-19 15:18:18.958  WARN  [main] c.y.g.c.c.n.i.NacosConfigCenter - Failed to parse config JSON from Nacos, result is null
2025-09-19 15:18:18.988  INFO  [main] c.y.g.c.f.GatewayFilterChainFactory - load filter success:class com.yu.gateway.core.filter.auth.AuthFilter,auth_filter,auth_filter,1
2025-09-19 15:18:18.991  INFO  [main] c.y.g.c.f.GatewayFilterChainFactory - load filter success:class com.yu.gateway.core.filter.loadBalance.LoadBalanceFilter,load_balance_filter,load_balance_filter,100
2025-09-19 15:18:18.992  INFO  [main] c.y.g.c.f.GatewayFilterChainFactory - load filter success:class com.yu.gateway.core.filter.router.RouterFilter,router_filter,router_filter,2147483647
2025-09-19 15:18:18.993  INFO  [main] c.y.g.c.f.GatewayFilterChainFactory - load filter success:class com.yu.gateway.core.filter.gray.GrayFilter,gray_filter,gray_filter,4
2025-09-19 15:18:18.993  INFO  [main] c.y.g.c.f.GatewayFilterChainFactory - load filter success:class com.yu.gateway.core.filter.flow.FlowControlFilter,flow_ctl_filter,flow_ctl_filter,50
2025-09-19 15:18:19.298  WARN  [main] i.n.b.ServerBootstrap - Unknown channel option 'SO_KEEPALIVE' for channel '[id: 0xa750b8c9]'
2025-09-19 15:18:19.305  INFO  [main] c.y.g.c.n.NettyHttpServer - server startup on port 8888
2025-09-19 15:18:19.306  INFO  [main] c.y.g.c.Container - api gateway starting!
2025-09-19 15:18:19.321  INFO  [main] c.a.n.c.r.client - [RpcClientFactory] create a new rpc client of 5446a0fe-daad-4ce8-9cd4-fa5a97f046d7
2025-09-19 15:18:19.321  INFO  [main] c.a.n.c.r.client - [5446a0fe-daad-4ce8-9cd4-fa5a97f046d7] RpcClient init label, labels = {module=naming, source=sdk}
2025-09-19 15:18:19.322  INFO  [main] c.a.n.c.r.client - [5446a0fe-daad-4ce8-9cd4-fa5a97f046d7] RpcClient init, ServerListFactory = com.alibaba.nacos.client.naming.core.ServerListManager
2025-09-19 15:18:19.322  INFO  [main] c.a.n.c.r.client - [5446a0fe-daad-4ce8-9cd4-fa5a97f046d7] Registry connection listener to current client:com.alibaba.nacos.client.naming.remote.gprc.redo.NamingGrpcRedoService
2025-09-19 15:18:19.323  INFO  [main] c.a.n.c.r.client - [5446a0fe-daad-4ce8-9cd4-fa5a97f046d7] Register server push request handler:com.alibaba.nacos.client.naming.remote.gprc.NamingPushRequestHandler
2025-09-19 15:18:19.324  INFO  [main] c.a.n.c.r.client - [5446a0fe-daad-4ce8-9cd4-fa5a97f046d7] Try to connect to server on start up, server: {serverIp = '127.0.0.1', server main port = 8848}
2025-09-19 15:18:19.456  INFO  [main] c.a.n.c.r.client - [5446a0fe-daad-4ce8-9cd4-fa5a97f046d7] Success to connect to server [127.0.0.1:8848] on start up, connectionId = 1758266299332_127.0.0.1_50505
2025-09-19 15:18:19.456  INFO  [main] c.a.n.c.r.client - [5446a0fe-daad-4ce8-9cd4-fa5a97f046d7] Register server push request handler:com.alibaba.nacos.common.remote.client.RpcClient$ConnectResetRequestHandler
2025-09-19 15:18:19.456  INFO  [main] c.a.n.c.r.client - [5446a0fe-daad-4ce8-9cd4-fa5a97f046d7] Register server push request handler:com.alibaba.nacos.common.remote.client.RpcClient$$Lambda$109/0x00000008012aea68
2025-09-19 15:18:19.456  INFO  [com.alibaba.nacos.client.remote.worker] c.a.n.c.r.client - [5446a0fe-daad-4ce8-9cd4-fa5a97f046d7] Notify connected event to listeners.
2025-09-19 15:18:19.648  ERROR [main] c.y.g.r.c.n.i.NacosRegisterCenter - register com.yu.gateway.common.config.ServiceDefinition@5229e9b0 failed
com.alibaba.nacos.api.exception.NacosException: failed to req API:/nacos/v1/ns/service after all servers([127.0.0.1:8848]) tried: ErrCode:410, ErrMsg:{"timestamp":"2025-09-19T07:18:19.646+00:00","status":410,"error":"Gone","message":"{\"code\":40000,\"message\":\"Current API will be deprecated, please use API(s) `PUT ${contextPath:nacos}/v3/admin/ns/service` instead, or set `nacos.core.api.compatibility.admin.enabled=true` in application.properties.\"}","path":"/nacos/v1/ns/service"}
	at com.alibaba.nacos.client.naming.remote.http.NamingHttpClientProxy.reqApi(NamingHttpClientProxy.java:450)
	at com.alibaba.nacos.client.naming.remote.http.NamingHttpClientProxy.reqApi(NamingHttpClientProxy.java:391)
	at com.alibaba.nacos.client.naming.remote.http.NamingHttpClientProxy.reqApi(NamingHttpClientProxy.java:386)
	at com.alibaba.nacos.client.naming.remote.http.NamingHttpClientProxy.updateService(NamingHttpClientProxy.java:282)
	at com.alibaba.nacos.client.naming.NacosNamingMaintainService.updateService(NacosNamingMaintainService.java:192)
	at com.alibaba.nacos.client.naming.NacosNamingMaintainService.updateService(NacosNamingMaintainService.java:187)
	at com.yu.gateway.register.center.nacos.impl.NacosRegisterCenter.register(NacosRegisterCenter.java:104)
	at com.yu.gateway.core.BootStrap.registerAndSubscribe(BootStrap.java:92)
	at com.yu.gateway.core.BootStrap.main(BootStrap.java:55)
2025-09-19 15:23:14.936  WARN  [Thread-3] c.a.n.c.n.NotifyCenter - [NotifyCenter] Start destroying Publisher
2025-09-19 15:23:14.936  WARN  [Thread-0] c.a.n.c.h.HttpClientBeanHolder - [HttpClientBeanHolder] Start destroying common HttpClient
2025-09-19 15:23:14.937  WARN  [Thread-3] c.a.n.c.n.NotifyCenter - [NotifyCenter] Destruction of the end
2025-09-19 15:23:14.937  WARN  [Thread-0] c.a.n.c.h.HttpClientBeanHolder - [HttpClientBeanHolder] Destruction of the end
2025-09-19 15:23:19.362  INFO  [main] c.a.n.c.r.client - [RpcClientFactory] create a new rpc client of f8bfa90e-2d8b-4321-a524-344e068a1362_config-0
2025-09-19 15:23:19.404  INFO  [main] o.r.Reflections - Reflections took 21 ms to scan 1 urls, producing 3 keys and 6 values 
2025-09-19 15:23:19.438  INFO  [main] o.r.Reflections - Reflections took 9 ms to scan 1 urls, producing 4 keys and 9 values 
2025-09-19 15:23:19.446  INFO  [main] o.r.Reflections - Reflections took 6 ms to scan 1 urls, producing 3 keys and 10 values 
2025-09-19 15:23:19.449  WARN  [main] o.r.Reflections - given scan urls are empty. set urls in the configuration
2025-09-19 15:23:19.455  INFO  [main] o.r.Reflections - Reflections took 5 ms to scan 1 urls, producing 1 keys and 5 values 
2025-09-19 15:23:19.463  INFO  [main] o.r.Reflections - Reflections took 5 ms to scan 1 urls, producing 1 keys and 7 values 
2025-09-19 15:23:19.472  INFO  [main] o.r.Reflections - Reflections took 6 ms to scan 1 urls, producing 2 keys and 8 values 
2025-09-19 15:23:19.475  WARN  [main] o.r.Reflections - given scan urls are empty. set urls in the configuration
2025-09-19 15:23:19.478  INFO  [main] c.a.n.c.r.client - [f8bfa90e-2d8b-4321-a524-344e068a1362_config-0] RpcClient init label, labels = {module=config, Vipserver-Tag=null, source=sdk, Amory-Tag=null, Location-Tag=null, taskId=0, AppName=unknown}
2025-09-19 15:23:19.479  INFO  [main] c.a.n.c.r.client - [f8bfa90e-2d8b-4321-a524-344e068a1362_config-0] Register server push request handler:com.alibaba.nacos.client.config.impl.ClientWorker$ConfigRpcTransportClient$$Lambda$70/0x0000000801109b38
2025-09-19 15:23:19.480  INFO  [main] c.a.n.c.r.client - [f8bfa90e-2d8b-4321-a524-344e068a1362_config-0] Register server push request handler:com.alibaba.nacos.client.config.impl.ClientWorker$ConfigRpcTransportClient$$Lambda$71/0x0000000801109d48
2025-09-19 15:23:19.481  INFO  [main] c.a.n.c.r.client - [f8bfa90e-2d8b-4321-a524-344e068a1362_config-0] Registry connection listener to current client:com.alibaba.nacos.client.config.impl.ClientWorker$ConfigRpcTransportClient$1
2025-09-19 15:23:19.483  INFO  [main] c.a.n.c.r.client - [f8bfa90e-2d8b-4321-a524-344e068a1362_config-0] RpcClient init, ServerListFactory = com.alibaba.nacos.client.config.impl.ClientWorker$ConfigRpcTransportClient$2
2025-09-19 15:23:19.502  INFO  [main] c.a.n.c.r.client - [f8bfa90e-2d8b-4321-a524-344e068a1362_config-0] Try to connect to server on start up, server: {serverIp = '127.0.0.1', server main port = 8848}
2025-09-19 15:23:20.298  INFO  [main] c.a.n.c.r.client - [f8bfa90e-2d8b-4321-a524-344e068a1362_config-0] Success to connect to server [127.0.0.1:8848] on start up, connectionId = 1758266600121_127.0.0.1_62454
2025-09-19 15:23:20.299  INFO  [com.alibaba.nacos.client.remote.worker] c.a.n.c.r.client - [f8bfa90e-2d8b-4321-a524-344e068a1362_config-0] Notify connected event to listeners.
2025-09-19 15:23:20.299  INFO  [main] c.a.n.c.r.client - [f8bfa90e-2d8b-4321-a524-344e068a1362_config-0] Register server push request handler:com.alibaba.nacos.common.remote.client.RpcClient$ConnectResetRequestHandler
2025-09-19 15:23:20.299  INFO  [main] c.a.n.c.r.client - [f8bfa90e-2d8b-4321-a524-344e068a1362_config-0] Register server push request handler:com.alibaba.nacos.common.remote.client.RpcClient$$Lambda$109/0x00000008012ae868
2025-09-19 15:23:20.339  INFO  [main] c.y.g.c.c.n.i.NacosConfigCenter - Rules-Config From Nacos: null
2025-09-19 15:23:20.376  WARN  [main] c.y.g.c.c.n.i.NacosConfigCenter - Failed to parse config JSON from Nacos, result is null
2025-09-19 15:23:20.405  INFO  [main] c.y.g.c.f.GatewayFilterChainFactory - load filter success:class com.yu.gateway.core.filter.auth.AuthFilter,auth_filter,auth_filter,1
2025-09-19 15:23:20.408  INFO  [main] c.y.g.c.f.GatewayFilterChainFactory - load filter success:class com.yu.gateway.core.filter.loadBalance.LoadBalanceFilter,load_balance_filter,load_balance_filter,100
2025-09-19 15:23:20.409  INFO  [main] c.y.g.c.f.GatewayFilterChainFactory - load filter success:class com.yu.gateway.core.filter.router.RouterFilter,router_filter,router_filter,2147483647
2025-09-19 15:23:20.410  INFO  [main] c.y.g.c.f.GatewayFilterChainFactory - load filter success:class com.yu.gateway.core.filter.gray.GrayFilter,gray_filter,gray_filter,4
2025-09-19 15:23:20.410  INFO  [main] c.y.g.c.f.GatewayFilterChainFactory - load filter success:class com.yu.gateway.core.filter.flow.FlowControlFilter,flow_ctl_filter,flow_ctl_filter,50
2025-09-19 15:23:20.685  WARN  [main] i.n.b.ServerBootstrap - Unknown channel option 'SO_KEEPALIVE' for channel '[id: 0x9ad7309b]'
2025-09-19 15:23:20.691  INFO  [main] c.y.g.c.n.NettyHttpServer - server startup on port 8888
2025-09-19 15:23:20.692  INFO  [main] c.y.g.c.Container - api gateway starting!
2025-09-19 15:23:20.707  INFO  [main] c.a.n.c.r.client - [RpcClientFactory] create a new rpc client of 43c8b73d-6398-4cd2-97a8-704f5eddf50d
2025-09-19 15:23:20.707  INFO  [main] c.a.n.c.r.client - [43c8b73d-6398-4cd2-97a8-704f5eddf50d] RpcClient init label, labels = {module=naming, source=sdk}
2025-09-19 15:23:20.708  INFO  [main] c.a.n.c.r.client - [43c8b73d-6398-4cd2-97a8-704f5eddf50d] RpcClient init, ServerListFactory = com.alibaba.nacos.client.naming.core.ServerListManager
2025-09-19 15:23:20.708  INFO  [main] c.a.n.c.r.client - [43c8b73d-6398-4cd2-97a8-704f5eddf50d] Registry connection listener to current client:com.alibaba.nacos.client.naming.remote.gprc.redo.NamingGrpcRedoService
2025-09-19 15:23:20.709  INFO  [main] c.a.n.c.r.client - [43c8b73d-6398-4cd2-97a8-704f5eddf50d] Register server push request handler:com.alibaba.nacos.client.naming.remote.gprc.NamingPushRequestHandler
2025-09-19 15:23:20.709  INFO  [main] c.a.n.c.r.client - [43c8b73d-6398-4cd2-97a8-704f5eddf50d] Try to connect to server on start up, server: {serverIp = '127.0.0.1', server main port = 8848}
2025-09-19 15:23:20.829  INFO  [main] c.a.n.c.r.client - [43c8b73d-6398-4cd2-97a8-704f5eddf50d] Success to connect to server [127.0.0.1:8848] on start up, connectionId = 1758266600720_127.0.0.1_58310
2025-09-19 15:23:20.829  INFO  [main] c.a.n.c.r.client - [43c8b73d-6398-4cd2-97a8-704f5eddf50d] Register server push request handler:com.alibaba.nacos.common.remote.client.RpcClient$ConnectResetRequestHandler
2025-09-19 15:23:20.829  INFO  [main] c.a.n.c.r.client - [43c8b73d-6398-4cd2-97a8-704f5eddf50d] Register server push request handler:com.alibaba.nacos.common.remote.client.RpcClient$$Lambda$109/0x00000008012ae868
2025-09-19 15:23:20.830  INFO  [com.alibaba.nacos.client.remote.worker] c.a.n.c.r.client - [43c8b73d-6398-4cd2-97a8-704f5eddf50d] Notify connected event to listeners.
2025-09-19 15:23:21.017  ERROR [main] c.y.g.r.c.n.i.NacosRegisterCenter - register com.yu.gateway.common.config.ServiceDefinition@5229e9b0 failed
com.alibaba.nacos.api.exception.NacosException: failed to req API:/nacos/v1/ns/service after all servers([127.0.0.1:8848]) tried: ErrCode:410, ErrMsg:{"timestamp":"2025-09-19T07:23:21.016+00:00","status":410,"error":"Gone","message":"{\"code\":40000,\"message\":\"Current API will be deprecated, please use API(s) `PUT ${contextPath:nacos}/v3/admin/ns/service` instead, or set `nacos.core.api.compatibility.admin.enabled=true` in application.properties.\"}","path":"/nacos/v1/ns/service"}
	at com.alibaba.nacos.client.naming.remote.http.NamingHttpClientProxy.reqApi(NamingHttpClientProxy.java:450)
	at com.alibaba.nacos.client.naming.remote.http.NamingHttpClientProxy.reqApi(NamingHttpClientProxy.java:391)
	at com.alibaba.nacos.client.naming.remote.http.NamingHttpClientProxy.reqApi(NamingHttpClientProxy.java:386)
	at com.alibaba.nacos.client.naming.remote.http.NamingHttpClientProxy.updateService(NamingHttpClientProxy.java:282)
	at com.alibaba.nacos.client.naming.NacosNamingMaintainService.updateService(NacosNamingMaintainService.java:192)
	at com.alibaba.nacos.client.naming.NacosNamingMaintainService.updateService(NacosNamingMaintainService.java:187)
	at com.yu.gateway.register.center.nacos.impl.NacosRegisterCenter.register(NacosRegisterCenter.java:104)
	at com.yu.gateway.core.BootStrap.registerAndSubscribe(BootStrap.java:92)
	at com.yu.gateway.core.BootStrap.main(BootStrap.java:55)
2025-09-19 15:23:46.867  WARN  [Thread-3] c.a.n.c.n.NotifyCenter - [NotifyCenter] Start destroying Publisher
2025-09-19 15:23:46.867  WARN  [Thread-0] c.a.n.c.h.HttpClientBeanHolder - [HttpClientBeanHolder] Start destroying common HttpClient
2025-09-19 15:23:46.868  WARN  [Thread-3] c.a.n.c.n.NotifyCenter - [NotifyCenter] Destruction of the end
2025-09-19 15:23:46.868  WARN  [Thread-0] c.a.n.c.h.HttpClientBeanHolder - [HttpClientBeanHolder] Destruction of the end
2025-09-19 15:24:48.667  INFO  [main] c.a.n.c.r.client - [RpcClientFactory] create a new rpc client of 92d7c930-756a-42e1-8777-0d915961a176_config-0
2025-09-19 15:24:48.709  INFO  [main] o.r.Reflections - Reflections took 18 ms to scan 1 urls, producing 3 keys and 6 values 
2025-09-19 15:24:48.750  INFO  [main] o.r.Reflections - Reflections took 8 ms to scan 1 urls, producing 4 keys and 9 values 
2025-09-19 15:24:48.760  INFO  [main] o.r.Reflections - Reflections took 8 ms to scan 1 urls, producing 3 keys and 10 values 
2025-09-19 15:24:48.763  WARN  [main] o.r.Reflections - given scan urls are empty. set urls in the configuration
2025-09-19 15:24:48.767  INFO  [main] o.r.Reflections - Reflections took 4 ms to scan 1 urls, producing 1 keys and 5 values 
2025-09-19 15:24:48.775  INFO  [main] o.r.Reflections - Reflections took 5 ms to scan 1 urls, producing 1 keys and 7 values 
2025-09-19 15:24:48.782  INFO  [main] o.r.Reflections - Reflections took 4 ms to scan 1 urls, producing 2 keys and 8 values 
2025-09-19 15:24:48.784  WARN  [main] o.r.Reflections - given scan urls are empty. set urls in the configuration
2025-09-19 15:24:48.785  INFO  [main] c.a.n.c.r.client - [92d7c930-756a-42e1-8777-0d915961a176_config-0] RpcClient init label, labels = {module=config, Vipserver-Tag=null, source=sdk, Amory-Tag=null, Location-Tag=null, taskId=0, AppName=unknown}
2025-09-19 15:24:48.786  INFO  [main] c.a.n.c.r.client - [92d7c930-756a-42e1-8777-0d915961a176_config-0] Register server push request handler:com.alibaba.nacos.client.config.impl.ClientWorker$ConfigRpcTransportClient$$Lambda$70/0x0000000801109b38
2025-09-19 15:24:48.787  INFO  [main] c.a.n.c.r.client - [92d7c930-756a-42e1-8777-0d915961a176_config-0] Register server push request handler:com.alibaba.nacos.client.config.impl.ClientWorker$ConfigRpcTransportClient$$Lambda$71/0x0000000801109d48
2025-09-19 15:24:48.788  INFO  [main] c.a.n.c.r.client - [92d7c930-756a-42e1-8777-0d915961a176_config-0] Registry connection listener to current client:com.alibaba.nacos.client.config.impl.ClientWorker$ConfigRpcTransportClient$1
2025-09-19 15:24:48.789  INFO  [main] c.a.n.c.r.client - [92d7c930-756a-42e1-8777-0d915961a176_config-0] RpcClient init, ServerListFactory = com.alibaba.nacos.client.config.impl.ClientWorker$ConfigRpcTransportClient$2
2025-09-19 15:24:48.800  INFO  [main] c.a.n.c.r.client - [92d7c930-756a-42e1-8777-0d915961a176_config-0] Try to connect to server on start up, server: {serverIp = '127.0.0.1', server main port = 8848}
2025-09-19 15:24:49.535  INFO  [main] c.a.n.c.r.client - [92d7c930-756a-42e1-8777-0d915961a176_config-0] Success to connect to server [127.0.0.1:8848] on start up, connectionId = 1758266689362_127.0.0.1_55187
2025-09-19 15:24:49.536  INFO  [com.alibaba.nacos.client.remote.worker] c.a.n.c.r.client - [92d7c930-756a-42e1-8777-0d915961a176_config-0] Notify connected event to listeners.
2025-09-19 15:24:49.536  INFO  [main] c.a.n.c.r.client - [92d7c930-756a-42e1-8777-0d915961a176_config-0] Register server push request handler:com.alibaba.nacos.common.remote.client.RpcClient$ConnectResetRequestHandler
2025-09-19 15:24:49.536  INFO  [main] c.a.n.c.r.client - [92d7c930-756a-42e1-8777-0d915961a176_config-0] Register server push request handler:com.alibaba.nacos.common.remote.client.RpcClient$$Lambda$109/0x00000008012ae650
2025-09-19 15:24:49.570  INFO  [main] c.y.g.c.c.n.i.NacosConfigCenter - Rules-Config From Nacos: null
2025-09-19 15:24:49.605  WARN  [main] c.y.g.c.c.n.i.NacosConfigCenter - Failed to parse config JSON from Nacos, result is null
2025-09-19 15:24:49.637  INFO  [main] c.y.g.c.f.GatewayFilterChainFactory - load filter success:class com.yu.gateway.core.filter.auth.AuthFilter,auth_filter,auth_filter,1
2025-09-19 15:24:49.641  INFO  [main] c.y.g.c.f.GatewayFilterChainFactory - load filter success:class com.yu.gateway.core.filter.loadBalance.LoadBalanceFilter,load_balance_filter,load_balance_filter,100
2025-09-19 15:24:49.642  INFO  [main] c.y.g.c.f.GatewayFilterChainFactory - load filter success:class com.yu.gateway.core.filter.router.RouterFilter,router_filter,router_filter,2147483647
2025-09-19 15:24:49.642  INFO  [main] c.y.g.c.f.GatewayFilterChainFactory - load filter success:class com.yu.gateway.core.filter.gray.GrayFilter,gray_filter,gray_filter,4
2025-09-19 15:24:49.643  INFO  [main] c.y.g.c.f.GatewayFilterChainFactory - load filter success:class com.yu.gateway.core.filter.flow.FlowControlFilter,flow_ctl_filter,flow_ctl_filter,50
2025-09-19 15:24:49.896  WARN  [main] i.n.b.ServerBootstrap - Unknown channel option 'SO_KEEPALIVE' for channel '[id: 0x4538f64e]'
2025-09-19 15:24:49.902  INFO  [main] c.y.g.c.n.NettyHttpServer - server startup on port 8888
2025-09-19 15:24:49.902  INFO  [main] c.y.g.c.Container - api gateway starting!
2025-09-19 15:24:49.916  INFO  [main] c.a.n.c.r.client - [RpcClientFactory] create a new rpc client of 4af201cb-932b-44ce-85ef-5156dc633bad
2025-09-19 15:24:49.916  INFO  [main] c.a.n.c.r.client - [4af201cb-932b-44ce-85ef-5156dc633bad] RpcClient init label, labels = {module=naming, source=sdk}
2025-09-19 15:24:49.917  INFO  [main] c.a.n.c.r.client - [4af201cb-932b-44ce-85ef-5156dc633bad] RpcClient init, ServerListFactory = com.alibaba.nacos.client.naming.core.ServerListManager
2025-09-19 15:24:49.917  INFO  [main] c.a.n.c.r.client - [4af201cb-932b-44ce-85ef-5156dc633bad] Registry connection listener to current client:com.alibaba.nacos.client.naming.remote.gprc.redo.NamingGrpcRedoService
2025-09-19 15:24:49.917  INFO  [main] c.a.n.c.r.client - [4af201cb-932b-44ce-85ef-5156dc633bad] Register server push request handler:com.alibaba.nacos.client.naming.remote.gprc.NamingPushRequestHandler
2025-09-19 15:24:49.917  INFO  [main] c.a.n.c.r.client - [4af201cb-932b-44ce-85ef-5156dc633bad] Try to connect to server on start up, server: {serverIp = '127.0.0.1', server main port = 8848}
2025-09-19 15:24:50.034  INFO  [main] c.a.n.c.r.client - [4af201cb-932b-44ce-85ef-5156dc633bad] Success to connect to server [127.0.0.1:8848] on start up, connectionId = 1758266689923_127.0.0.1_55188
2025-09-19 15:24:50.034  INFO  [com.alibaba.nacos.client.remote.worker] c.a.n.c.r.client - [4af201cb-932b-44ce-85ef-5156dc633bad] Notify connected event to listeners.
2025-09-19 15:24:50.034  INFO  [main] c.a.n.c.r.client - [4af201cb-932b-44ce-85ef-5156dc633bad] Register server push request handler:com.alibaba.nacos.common.remote.client.RpcClient$ConnectResetRequestHandler
2025-09-19 15:24:50.034  INFO  [main] c.a.n.c.r.client - [4af201cb-932b-44ce-85ef-5156dc633bad] Register server push request handler:com.alibaba.nacos.common.remote.client.RpcClient$$Lambda$109/0x00000008012ae650
2025-09-19 15:24:50.213  ERROR [main] c.y.g.r.c.n.i.NacosRegisterCenter - register com.yu.gateway.common.config.ServiceDefinition@5229e9b0 failed
com.alibaba.nacos.api.exception.NacosException: failed to req API:/nacos/v1/ns/service after all servers([127.0.0.1:8848]) tried: ErrCode:410, ErrMsg:{"timestamp":"2025-09-19T07:24:50.212+00:00","status":410,"error":"Gone","message":"{\"code\":40000,\"message\":\"Current API will be deprecated, please use API(s) `PUT ${contextPath:nacos}/v3/admin/ns/service` instead, or set `nacos.core.api.compatibility.admin.enabled=true` in application.properties.\"}","path":"/nacos/v1/ns/service"}
	at com.alibaba.nacos.client.naming.remote.http.NamingHttpClientProxy.reqApi(NamingHttpClientProxy.java:450)
	at com.alibaba.nacos.client.naming.remote.http.NamingHttpClientProxy.reqApi(NamingHttpClientProxy.java:391)
	at com.alibaba.nacos.client.naming.remote.http.NamingHttpClientProxy.reqApi(NamingHttpClientProxy.java:386)
	at com.alibaba.nacos.client.naming.remote.http.NamingHttpClientProxy.updateService(NamingHttpClientProxy.java:282)
	at com.alibaba.nacos.client.naming.NacosNamingMaintainService.updateService(NacosNamingMaintainService.java:192)
	at com.alibaba.nacos.client.naming.NacosNamingMaintainService.updateService(NacosNamingMaintainService.java:187)
	at com.yu.gateway.register.center.nacos.impl.NacosRegisterCenter.register(NacosRegisterCenter.java:104)
	at com.yu.gateway.core.BootStrap.registerAndSubscribe(BootStrap.java:92)
	at com.yu.gateway.core.BootStrap.main(BootStrap.java:55)
2025-09-19 15:27:12.445  WARN  [Thread-3] c.a.n.c.n.NotifyCenter - [NotifyCenter] Start destroying Publisher
2025-09-19 15:27:12.445  WARN  [Thread-0] c.a.n.c.h.HttpClientBeanHolder - [HttpClientBeanHolder] Start destroying common HttpClient
2025-09-19 15:27:12.445  WARN  [Thread-3] c.a.n.c.n.NotifyCenter - [NotifyCenter] Destruction of the end
2025-09-19 15:27:12.445  WARN  [Thread-0] c.a.n.c.h.HttpClientBeanHolder - [HttpClientBeanHolder] Destruction of the end
2025-09-19 15:30:27.299  INFO  [main] c.a.n.c.r.client - [RpcClientFactory] create a new rpc client of 0ebb0da3-5f5a-4756-8ba3-c281d8ddb538_config-0
2025-09-19 15:30:27.343  INFO  [main] o.r.Reflections - Reflections took 20 ms to scan 1 urls, producing 3 keys and 6 values 
2025-09-19 15:30:27.382  INFO  [main] o.r.Reflections - Reflections took 8 ms to scan 1 urls, producing 4 keys and 9 values 
2025-09-19 15:30:27.394  INFO  [main] o.r.Reflections - Reflections took 9 ms to scan 1 urls, producing 3 keys and 10 values 
2025-09-19 15:30:27.396  WARN  [main] o.r.Reflections - given scan urls are empty. set urls in the configuration
2025-09-19 15:30:27.401  INFO  [main] o.r.Reflections - Reflections took 4 ms to scan 1 urls, producing 1 keys and 5 values 
2025-09-19 15:30:27.409  INFO  [main] o.r.Reflections - Reflections took 3 ms to scan 1 urls, producing 1 keys and 7 values 
2025-09-19 15:30:27.417  INFO  [main] o.r.Reflections - Reflections took 4 ms to scan 1 urls, producing 2 keys and 8 values 
2025-09-19 15:30:27.420  WARN  [main] o.r.Reflections - given scan urls are empty. set urls in the configuration
2025-09-19 15:30:27.422  INFO  [main] c.a.n.c.r.client - [0ebb0da3-5f5a-4756-8ba3-c281d8ddb538_config-0] RpcClient init label, labels = {module=config, Vipserver-Tag=null, source=sdk, Amory-Tag=null, Location-Tag=null, taskId=0, AppName=unknown}
2025-09-19 15:30:27.423  INFO  [main] c.a.n.c.r.client - [0ebb0da3-5f5a-4756-8ba3-c281d8ddb538_config-0] Register server push request handler:com.alibaba.nacos.client.config.impl.ClientWorker$ConfigRpcTransportClient$$Lambda$70/0x0000000801109b38
2025-09-19 15:30:27.424  INFO  [main] c.a.n.c.r.client - [0ebb0da3-5f5a-4756-8ba3-c281d8ddb538_config-0] Register server push request handler:com.alibaba.nacos.client.config.impl.ClientWorker$ConfigRpcTransportClient$$Lambda$71/0x0000000801109d48
2025-09-19 15:30:27.425  INFO  [main] c.a.n.c.r.client - [0ebb0da3-5f5a-4756-8ba3-c281d8ddb538_config-0] Registry connection listener to current client:com.alibaba.nacos.client.config.impl.ClientWorker$ConfigRpcTransportClient$1
2025-09-19 15:30:27.426  INFO  [main] c.a.n.c.r.client - [0ebb0da3-5f5a-4756-8ba3-c281d8ddb538_config-0] RpcClient init, ServerListFactory = com.alibaba.nacos.client.config.impl.ClientWorker$ConfigRpcTransportClient$2
2025-09-19 15:30:27.435  INFO  [main] c.a.n.c.r.client - [0ebb0da3-5f5a-4756-8ba3-c281d8ddb538_config-0] Try to connect to server on start up, server: {serverIp = '127.0.0.1', server main port = 8848}
2025-09-19 15:30:28.334  INFO  [main] c.a.n.c.r.client - [0ebb0da3-5f5a-4756-8ba3-c281d8ddb538_config-0] Success to connect to server [127.0.0.1:8848] on start up, connectionId = 1758267028119_127.0.0.1_62230
2025-09-19 15:30:28.334  INFO  [com.alibaba.nacos.client.remote.worker] c.a.n.c.r.client - [0ebb0da3-5f5a-4756-8ba3-c281d8ddb538_config-0] Notify connected event to listeners.
2025-09-19 15:30:28.335  INFO  [main] c.a.n.c.r.client - [0ebb0da3-5f5a-4756-8ba3-c281d8ddb538_config-0] Register server push request handler:com.alibaba.nacos.common.remote.client.RpcClient$ConnectResetRequestHandler
2025-09-19 15:30:28.335  INFO  [main] c.a.n.c.r.client - [0ebb0da3-5f5a-4756-8ba3-c281d8ddb538_config-0] Register server push request handler:com.alibaba.nacos.common.remote.client.RpcClient$$Lambda$109/0x00000008012ade30
2025-09-19 15:30:28.383  INFO  [main] c.y.g.c.c.n.i.NacosConfigCenter - Rules-Config From Nacos: null
2025-09-19 15:30:28.423  WARN  [main] c.y.g.c.c.n.i.NacosConfigCenter - Failed to parse config JSON from Nacos, result is null
2025-09-19 15:30:28.456  INFO  [main] c.y.g.c.f.GatewayFilterChainFactory - load filter success:class com.yu.gateway.core.filter.auth.AuthFilter,auth_filter,auth_filter,1
2025-09-19 15:30:28.459  INFO  [main] c.y.g.c.f.GatewayFilterChainFactory - load filter success:class com.yu.gateway.core.filter.loadBalance.LoadBalanceFilter,load_balance_filter,load_balance_filter,100
2025-09-19 15:30:28.460  INFO  [main] c.y.g.c.f.GatewayFilterChainFactory - load filter success:class com.yu.gateway.core.filter.router.RouterFilter,router_filter,router_filter,2147483647
2025-09-19 15:30:28.461  INFO  [main] c.y.g.c.f.GatewayFilterChainFactory - load filter success:class com.yu.gateway.core.filter.gray.GrayFilter,gray_filter,gray_filter,4
2025-09-19 15:30:28.461  INFO  [main] c.y.g.c.f.GatewayFilterChainFactory - load filter success:class com.yu.gateway.core.filter.flow.FlowControlFilter,flow_ctl_filter,flow_ctl_filter,50
2025-09-19 15:30:28.759  WARN  [main] i.n.b.ServerBootstrap - Unknown channel option 'SO_KEEPALIVE' for channel '[id: 0x029607c8]'
2025-09-19 15:30:28.766  INFO  [main] c.y.g.c.n.NettyHttpServer - server startup on port 8888
2025-09-19 15:30:28.767  INFO  [main] c.y.g.c.Container - api gateway starting!
2025-09-19 15:30:28.783  INFO  [main] c.a.n.c.r.client - [RpcClientFactory] create a new rpc client of 22d7d186-82da-4e89-86dd-b6f209162bae
2025-09-19 15:30:28.783  INFO  [main] c.a.n.c.r.client - [22d7d186-82da-4e89-86dd-b6f209162bae] RpcClient init label, labels = {module=naming, source=sdk}
2025-09-19 15:30:28.784  INFO  [main] c.a.n.c.r.client - [22d7d186-82da-4e89-86dd-b6f209162bae] RpcClient init, ServerListFactory = com.alibaba.nacos.client.naming.core.ServerListManager
2025-09-19 15:30:28.784  INFO  [main] c.a.n.c.r.client - [22d7d186-82da-4e89-86dd-b6f209162bae] Registry connection listener to current client:com.alibaba.nacos.client.naming.remote.gprc.redo.NamingGrpcRedoService
2025-09-19 15:30:28.784  INFO  [main] c.a.n.c.r.client - [22d7d186-82da-4e89-86dd-b6f209162bae] Register server push request handler:com.alibaba.nacos.client.naming.remote.gprc.NamingPushRequestHandler
2025-09-19 15:30:28.785  INFO  [main] c.a.n.c.r.client - [22d7d186-82da-4e89-86dd-b6f209162bae] Try to connect to server on start up, server: {serverIp = '127.0.0.1', server main port = 8848}
2025-09-19 15:30:28.913  INFO  [main] c.a.n.c.r.client - [22d7d186-82da-4e89-86dd-b6f209162bae] Success to connect to server [127.0.0.1:8848] on start up, connectionId = 1758267028795_127.0.0.1_62232
2025-09-19 15:30:28.913  INFO  [com.alibaba.nacos.client.remote.worker] c.a.n.c.r.client - [22d7d186-82da-4e89-86dd-b6f209162bae] Notify connected event to listeners.
2025-09-19 15:30:28.913  INFO  [main] c.a.n.c.r.client - [22d7d186-82da-4e89-86dd-b6f209162bae] Register server push request handler:com.alibaba.nacos.common.remote.client.RpcClient$ConnectResetRequestHandler
2025-09-19 15:30:28.913  INFO  [main] c.a.n.c.r.client - [22d7d186-82da-4e89-86dd-b6f209162bae] Register server push request handler:com.alibaba.nacos.common.remote.client.RpcClient$$Lambda$109/0x00000008012ade30
2025-09-19 15:30:29.122  INFO  [main] c.y.g.r.c.n.i.NacosRegisterCenter - register com.yu.gateway.common.config.ServiceDefinition@5229e9b0 com.yu.gateway.common.config.ServiceInstance@39449bd7
2025-09-19 15:30:29.134  INFO  [main] c.y.g.r.c.n.i.NacosRegisterCenter - service list size 1
2025-09-19 15:30:29.138  INFO  [main] c.y.g.r.c.n.i.NacosRegisterCenter - Nacos event is {"serviceName":"api-gateway"}
2025-09-19 15:30:29.194  INFO  [main] c.y.g.c.BootStrap - refresh service and instance: api-gateway [{"gray":false,"port":8888,"registerTime":1758267029038,"enable":true,"ip":"10.19.22.108","serviceInstanceId":"10.19.22.108:8888"}]
2025-09-19 15:30:29.196  INFO  [main] c.y.g.r.c.n.i.NacosRegisterCenter - subscribe a service, serviceName api-gateway envdev
2025-09-19 15:30:29.677  INFO  [nacos-grpc-client-executor-11] c.a.n.c.r.client - [22d7d186-82da-4e89-86dd-b6f209162bae] Receive server push request, request = NotifySubscriberRequest, requestId = 1
2025-09-19 15:30:29.678  INFO  [nacos-grpc-client-executor-11] c.a.n.c.r.client - [22d7d186-82da-4e89-86dd-b6f209162bae] Ack server push request, request = NotifySubscriberRequest, requestId = 1
2025-09-19 15:30:39.211  INFO  [doSubscribeAllServices.0] c.y.g.r.c.n.i.NacosRegisterCenter - service list size 1
2025-09-19 15:30:49.227  INFO  [doSubscribeAllServices.0] c.y.g.r.c.n.i.NacosRegisterCenter - service list size 1
2025-09-19 15:30:59.236  INFO  [doSubscribeAllServices.0] c.y.g.r.c.n.i.NacosRegisterCenter - service list size 1
2025-09-19 15:31:09.248  INFO  [doSubscribeAllServices.0] c.y.g.r.c.n.i.NacosRegisterCenter - service list size 1
2025-09-19 15:31:19.260  INFO  [doSubscribeAllServices.0] c.y.g.r.c.n.i.NacosRegisterCenter - service list size 1
2025-09-19 15:31:29.269  INFO  [doSubscribeAllServices.0] c.y.g.r.c.n.i.NacosRegisterCenter - service list size 1
2025-09-19 15:31:39.277  INFO  [doSubscribeAllServices.0] c.y.g.r.c.n.i.NacosRegisterCenter - service list size 1
2025-09-19 15:31:45.139  ERROR [ParallelQueueHandlergateway-queue--pool-0] c.y.g.c.n.p.NettyCoreProcessor - 处理未知错误
java.lang.NullPointerException: Cannot invoke "Object.hashCode()" because "key" is null
	at java.base/java.util.concurrent.ConcurrentHashMap.get(ConcurrentHashMap.java:936)
	at com.yu.gateway.common.config.DynamicConfigManager.getServiceDefinition(DynamicConfigManager.java:63)
	at com.yu.gateway.core.helper.RequestHelper.doContext(RequestHelper.java:35)
	at com.yu.gateway.core.netty.processor.NettyCoreProcessor.process(NettyCoreProcessor.java:44)
	at com.yu.gateway.core.netty.processor.DisruptorNettyCoreProcessor$BatchEventListenerProcessor.onEvent(DisruptorNettyCoreProcessor.java:85)
	at com.yu.gateway.core.netty.processor.DisruptorNettyCoreProcessor$BatchEventListenerProcessor.onEvent(DisruptorNettyCoreProcessor.java:81)
	at com.yu.gateway.core.disruptor.ParallelQueueHandler$HolderWorkHandler.onEvent(ParallelQueueHandler.java:202)
	at com.yu.gateway.core.disruptor.ParallelQueueHandler$HolderWorkHandler.onEvent(ParallelQueueHandler.java:199)
	at com.lmax.disruptor.WorkProcessor.run(WorkProcessor.java:143)
	at java.base/java.util.concurrent.ThreadPoolExecutor.runWorker(ThreadPoolExecutor.java:1144)
	at java.base/java.util.concurrent.ThreadPoolExecutor$Worker.run(ThreadPoolExecutor.java:642)
	at java.base/java.lang.Thread.run(Thread.java:1589)
2025-09-19 15:31:45.291  ERROR [ParallelQueueHandlergateway-queue--pool-3] c.y.g.c.n.p.NettyCoreProcessor - 处理未知错误
java.lang.NullPointerException: Cannot invoke "Object.hashCode()" because "key" is null
	at java.base/java.util.concurrent.ConcurrentHashMap.get(ConcurrentHashMap.java:936)
	at com.yu.gateway.common.config.DynamicConfigManager.getServiceDefinition(DynamicConfigManager.java:63)
	at com.yu.gateway.core.helper.RequestHelper.doContext(RequestHelper.java:35)
	at com.yu.gateway.core.netty.processor.NettyCoreProcessor.process(NettyCoreProcessor.java:44)
	at com.yu.gateway.core.netty.processor.DisruptorNettyCoreProcessor$BatchEventListenerProcessor.onEvent(DisruptorNettyCoreProcessor.java:85)
	at com.yu.gateway.core.netty.processor.DisruptorNettyCoreProcessor$BatchEventListenerProcessor.onEvent(DisruptorNettyCoreProcessor.java:81)
	at com.yu.gateway.core.disruptor.ParallelQueueHandler$HolderWorkHandler.onEvent(ParallelQueueHandler.java:202)
	at com.yu.gateway.core.disruptor.ParallelQueueHandler$HolderWorkHandler.onEvent(ParallelQueueHandler.java:199)
	at com.lmax.disruptor.WorkProcessor.run(WorkProcessor.java:143)
	at java.base/java.util.concurrent.ThreadPoolExecutor.runWorker(ThreadPoolExecutor.java:1144)
	at java.base/java.util.concurrent.ThreadPoolExecutor$Worker.run(ThreadPoolExecutor.java:642)
	at java.base/java.lang.Thread.run(Thread.java:1589)
2025-09-19 15:31:49.304  INFO  [doSubscribeAllServices.0] c.y.g.r.c.n.i.NacosRegisterCenter - service list size 1
2025-09-19 15:31:59.318  INFO  [doSubscribeAllServices.0] c.y.g.r.c.n.i.NacosRegisterCenter - service list size 1
2025-09-19 15:32:09.327  INFO  [doSubscribeAllServices.0] c.y.g.r.c.n.i.NacosRegisterCenter - service list size 1
2025-09-19 15:32:19.351  INFO  [doSubscribeAllServices.0] c.y.g.r.c.n.i.NacosRegisterCenter - service list size 1
2025-09-19 15:32:29.366  INFO  [doSubscribeAllServices.0] c.y.g.r.c.n.i.NacosRegisterCenter - service list size 1
2025-09-19 15:32:39.388  INFO  [doSubscribeAllServices.0] c.y.g.r.c.n.i.NacosRegisterCenter - service list size 1
2025-09-19 15:32:49.407  INFO  [doSubscribeAllServices.0] c.y.g.r.c.n.i.NacosRegisterCenter - service list size 1
2025-09-19 15:32:59.416  INFO  [doSubscribeAllServices.0] c.y.g.r.c.n.i.NacosRegisterCenter - service list size 1
2025-09-19 15:33:09.425  INFO  [doSubscribeAllServices.0] c.y.g.r.c.n.i.NacosRegisterCenter - service list size 1
2025-09-19 15:33:19.431  INFO  [doSubscribeAllServices.0] c.y.g.r.c.n.i.NacosRegisterCenter - service list size 1
2025-09-19 15:33:29.438  INFO  [doSubscribeAllServices.0] c.y.g.r.c.n.i.NacosRegisterCenter - service list size 1
2025-09-19 15:33:39.444  INFO  [doSubscribeAllServices.0] c.y.g.r.c.n.i.NacosRegisterCenter - service list size 1
2025-09-19 15:33:49.453  INFO  [doSubscribeAllServices.0] c.y.g.r.c.n.i.NacosRegisterCenter - service list size 1
2025-09-19 15:33:59.460  INFO  [doSubscribeAllServices.0] c.y.g.r.c.n.i.NacosRegisterCenter - service list size 1
2025-09-19 15:34:09.467  INFO  [doSubscribeAllServices.0] c.y.g.r.c.n.i.NacosRegisterCenter - service list size 1
2025-09-19 15:34:19.475  INFO  [doSubscribeAllServices.0] c.y.g.r.c.n.i.NacosRegisterCenter - service list size 1
2025-09-19 15:34:29.490  INFO  [doSubscribeAllServices.0] c.y.g.r.c.n.i.NacosRegisterCenter - service list size 1
2025-09-19 15:34:39.495  INFO  [doSubscribeAllServices.0] c.y.g.r.c.n.i.NacosRegisterCenter - service list size 1
2025-09-19 15:34:49.501  INFO  [doSubscribeAllServices.0] c.y.g.r.c.n.i.NacosRegisterCenter - service list size 1
2025-09-19 15:34:59.509  INFO  [doSubscribeAllServices.0] c.y.g.r.c.n.i.NacosRegisterCenter - service list size 1
2025-09-19 15:35:09.517  INFO  [doSubscribeAllServices.0] c.y.g.r.c.n.i.NacosRegisterCenter - service list size 1
2025-09-19 15:35:19.530  INFO  [doSubscribeAllServices.0] c.y.g.r.c.n.i.NacosRegisterCenter - service list size 1
2025-09-19 15:35:29.539  INFO  [doSubscribeAllServices.0] c.y.g.r.c.n.i.NacosRegisterCenter - service list size 1
2025-09-19 15:35:39.545  INFO  [doSubscribeAllServices.0] c.y.g.r.c.n.i.NacosRegisterCenter - service list size 1
2025-09-19 15:35:49.564  INFO  [doSubscribeAllServices.0] c.y.g.r.c.n.i.NacosRegisterCenter - service list size 1
2025-09-19 15:35:59.578  INFO  [doSubscribeAllServices.0] c.y.g.r.c.n.i.NacosRegisterCenter - service list size 1
2025-09-19 15:36:09.584  INFO  [doSubscribeAllServices.0] c.y.g.r.c.n.i.NacosRegisterCenter - service list size 1
2025-09-19 15:36:19.597  INFO  [doSubscribeAllServices.0] c.y.g.r.c.n.i.NacosRegisterCenter - service list size 1
2025-09-19 15:36:29.609  INFO  [doSubscribeAllServices.0] c.y.g.r.c.n.i.NacosRegisterCenter - service list size 1
2025-09-19 15:36:39.618  INFO  [doSubscribeAllServices.0] c.y.g.r.c.n.i.NacosRegisterCenter - service list size 1
2025-09-19 15:36:49.624  INFO  [doSubscribeAllServices.0] c.y.g.r.c.n.i.NacosRegisterCenter - service list size 1
2025-09-19 15:36:59.630  INFO  [doSubscribeAllServices.0] c.y.g.r.c.n.i.NacosRegisterCenter - service list size 1
2025-09-19 15:37:09.649  INFO  [doSubscribeAllServices.0] c.y.g.r.c.n.i.NacosRegisterCenter - service list size 1
2025-09-19 15:37:19.667  INFO  [doSubscribeAllServices.0] c.y.g.r.c.n.i.NacosRegisterCenter - service list size 1
2025-09-19 15:37:29.683  INFO  [doSubscribeAllServices.0] c.y.g.r.c.n.i.NacosRegisterCenter - service list size 1
2025-09-19 15:37:39.700  INFO  [doSubscribeAllServices.0] c.y.g.r.c.n.i.NacosRegisterCenter - service list size 1
2025-09-19 15:37:49.710  INFO  [doSubscribeAllServices.0] c.y.g.r.c.n.i.NacosRegisterCenter - service list size 1
2025-09-19 15:37:59.724  INFO  [doSubscribeAllServices.0] c.y.g.r.c.n.i.NacosRegisterCenter - service list size 1
2025-09-19 15:38:09.740  INFO  [doSubscribeAllServices.0] c.y.g.r.c.n.i.NacosRegisterCenter - service list size 1
2025-09-19 15:38:19.748  INFO  [doSubscribeAllServices.0] c.y.g.r.c.n.i.NacosRegisterCenter - service list size 1
2025-09-19 15:38:29.756  INFO  [doSubscribeAllServices.0] c.y.g.r.c.n.i.NacosRegisterCenter - service list size 1
2025-09-19 15:38:39.763  INFO  [doSubscribeAllServices.0] c.y.g.r.c.n.i.NacosRegisterCenter - service list size 1
2025-09-19 15:38:49.768  INFO  [doSubscribeAllServices.0] c.y.g.r.c.n.i.NacosRegisterCenter - service list size 1
2025-09-19 15:38:59.774  INFO  [doSubscribeAllServices.0] c.y.g.r.c.n.i.NacosRegisterCenter - service list size 1
2025-09-19 15:39:09.779  INFO  [doSubscribeAllServices.0] c.y.g.r.c.n.i.NacosRegisterCenter - service list size 1
2025-09-19 15:39:19.783  INFO  [doSubscribeAllServices.0] c.y.g.r.c.n.i.NacosRegisterCenter - service list size 1
2025-09-19 15:39:29.791  INFO  [doSubscribeAllServices.0] c.y.g.r.c.n.i.NacosRegisterCenter - service list size 1
2025-09-19 15:39:39.799  INFO  [doSubscribeAllServices.0] c.y.g.r.c.n.i.NacosRegisterCenter - service list size 1
2025-09-19 15:39:49.816  INFO  [doSubscribeAllServices.0] c.y.g.r.c.n.i.NacosRegisterCenter - service list size 1
2025-09-19 15:39:59.831  INFO  [doSubscribeAllServices.0] c.y.g.r.c.n.i.NacosRegisterCenter - service list size 1
2025-09-19 15:40:02.167  WARN  [Thread-3] c.a.n.c.n.NotifyCenter - [NotifyCenter] Start destroying Publisher
2025-09-19 15:40:02.167  WARN  [Thread-0] c.a.n.c.h.HttpClientBeanHolder - [HttpClientBeanHolder] Start destroying common HttpClient
2025-09-19 15:40:02.167  WARN  [Thread-3] c.a.n.c.n.NotifyCenter - [NotifyCenter] Destruction of the end
2025-09-19 15:40:02.167  WARN  [Thread-0] c.a.n.c.h.HttpClientBeanHolder - [HttpClientBeanHolder] Destruction of the end
2025-09-19 15:40:24.334  INFO  [main] c.a.n.c.r.client - [RpcClientFactory] create a new rpc client of 5a14e574-cbee-4006-9a20-f22a5413b816_config-0
2025-09-19 15:40:24.374  INFO  [main] o.r.Reflections - Reflections took 18 ms to scan 1 urls, producing 3 keys and 6 values 
2025-09-19 15:40:24.408  INFO  [main] o.r.Reflections - Reflections took 8 ms to scan 1 urls, producing 4 keys and 9 values 
2025-09-19 15:40:24.418  INFO  [main] o.r.Reflections - Reflections took 6 ms to scan 1 urls, producing 3 keys and 10 values 
2025-09-19 15:40:24.421  WARN  [main] o.r.Reflections - given scan urls are empty. set urls in the configuration
2025-09-19 15:40:24.428  INFO  [main] o.r.Reflections - Reflections took 6 ms to scan 1 urls, producing 1 keys and 5 values 
2025-09-19 15:40:24.438  INFO  [main] o.r.Reflections - Reflections took 5 ms to scan 1 urls, producing 1 keys and 7 values 
2025-09-19 15:40:24.445  INFO  [main] o.r.Reflections - Reflections took 4 ms to scan 1 urls, producing 2 keys and 8 values 
2025-09-19 15:40:24.449  WARN  [main] o.r.Reflections - given scan urls are empty. set urls in the configuration
2025-09-19 15:40:24.451  INFO  [main] c.a.n.c.r.client - [5a14e574-cbee-4006-9a20-f22a5413b816_config-0] RpcClient init label, labels = {module=config, Vipserver-Tag=null, source=sdk, Amory-Tag=null, Location-Tag=null, taskId=0, AppName=unknown}
2025-09-19 15:40:24.453  INFO  [main] c.a.n.c.r.client - [5a14e574-cbee-4006-9a20-f22a5413b816_config-0] Register server push request handler:com.alibaba.nacos.client.config.impl.ClientWorker$ConfigRpcTransportClient$$Lambda$70/0x0000000801109b38
2025-09-19 15:40:24.454  INFO  [main] c.a.n.c.r.client - [5a14e574-cbee-4006-9a20-f22a5413b816_config-0] Register server push request handler:com.alibaba.nacos.client.config.impl.ClientWorker$ConfigRpcTransportClient$$Lambda$71/0x0000000801109d48
2025-09-19 15:40:24.455  INFO  [main] c.a.n.c.r.client - [5a14e574-cbee-4006-9a20-f22a5413b816_config-0] Registry connection listener to current client:com.alibaba.nacos.client.config.impl.ClientWorker$ConfigRpcTransportClient$1
2025-09-19 15:40:24.457  INFO  [main] c.a.n.c.r.client - [5a14e574-cbee-4006-9a20-f22a5413b816_config-0] RpcClient init, ServerListFactory = com.alibaba.nacos.client.config.impl.ClientWorker$ConfigRpcTransportClient$2
2025-09-19 15:40:24.474  INFO  [main] c.a.n.c.r.client - [5a14e574-cbee-4006-9a20-f22a5413b816_config-0] Try to connect to server on start up, server: {serverIp = '127.0.0.1', server main port = 8848}
2025-09-19 15:40:25.220  INFO  [main] c.a.n.c.r.client - [5a14e574-cbee-4006-9a20-f22a5413b816_config-0] Success to connect to server [127.0.0.1:8848] on start up, connectionId = 1758267625040_127.0.0.1_65223
2025-09-19 15:40:25.220  INFO  [com.alibaba.nacos.client.remote.worker] c.a.n.c.r.client - [5a14e574-cbee-4006-9a20-f22a5413b816_config-0] Notify connected event to listeners.
2025-09-19 15:40:25.221  INFO  [main] c.a.n.c.r.client - [5a14e574-cbee-4006-9a20-f22a5413b816_config-0] Register server push request handler:com.alibaba.nacos.common.remote.client.RpcClient$ConnectResetRequestHandler
2025-09-19 15:40:25.221  INFO  [main] c.a.n.c.r.client - [5a14e574-cbee-4006-9a20-f22a5413b816_config-0] Register server push request handler:com.alibaba.nacos.common.remote.client.RpcClient$$Lambda$109/0x00000008012ae028
2025-09-19 15:40:25.256  INFO  [main] c.y.g.c.c.n.i.NacosConfigCenter - Rules-Config From Nacos: null
2025-09-19 15:40:25.293  WARN  [main] c.y.g.c.c.n.i.NacosConfigCenter - Failed to parse config JSON from Nacos, result is null
2025-09-19 15:40:25.321  INFO  [main] c.y.g.c.f.GatewayFilterChainFactory - load filter success:class com.yu.gateway.core.filter.auth.AuthFilter,auth_filter,auth_filter,1
2025-09-19 15:40:25.324  INFO  [main] c.y.g.c.f.GatewayFilterChainFactory - load filter success:class com.yu.gateway.core.filter.loadBalance.LoadBalanceFilter,load_balance_filter,load_balance_filter,100
2025-09-19 15:40:25.325  INFO  [main] c.y.g.c.f.GatewayFilterChainFactory - load filter success:class com.yu.gateway.core.filter.router.RouterFilter,router_filter,router_filter,2147483647
2025-09-19 15:40:25.326  INFO  [main] c.y.g.c.f.GatewayFilterChainFactory - load filter success:class com.yu.gateway.core.filter.gray.GrayFilter,gray_filter,gray_filter,4
2025-09-19 15:40:25.326  INFO  [main] c.y.g.c.f.GatewayFilterChainFactory - load filter success:class com.yu.gateway.core.filter.flow.FlowControlFilter,flow_ctl_filter,flow_ctl_filter,50
2025-09-19 15:40:25.601  WARN  [main] i.n.b.ServerBootstrap - Unknown channel option 'SO_KEEPALIVE' for channel '[id: 0xf38bc7e8]'
2025-09-19 15:40:25.607  INFO  [main] c.y.g.c.n.NettyHttpServer - server startup on port 8888
2025-09-19 15:40:25.608  INFO  [main] c.y.g.c.Container - api gateway starting!
2025-09-19 15:40:25.623  INFO  [main] c.a.n.c.r.client - [RpcClientFactory] create a new rpc client of dc80f37d-692d-404a-a77f-cfbb6578fff6
2025-09-19 15:40:25.624  INFO  [main] c.a.n.c.r.client - [dc80f37d-692d-404a-a77f-cfbb6578fff6] RpcClient init label, labels = {module=naming, source=sdk}
2025-09-19 15:40:25.625  INFO  [main] c.a.n.c.r.client - [dc80f37d-692d-404a-a77f-cfbb6578fff6] RpcClient init, ServerListFactory = com.alibaba.nacos.client.naming.core.ServerListManager
2025-09-19 15:40:25.625  INFO  [main] c.a.n.c.r.client - [dc80f37d-692d-404a-a77f-cfbb6578fff6] Registry connection listener to current client:com.alibaba.nacos.client.naming.remote.gprc.redo.NamingGrpcRedoService
2025-09-19 15:40:25.625  INFO  [main] c.a.n.c.r.client - [dc80f37d-692d-404a-a77f-cfbb6578fff6] Register server push request handler:com.alibaba.nacos.client.naming.remote.gprc.NamingPushRequestHandler
2025-09-19 15:40:25.625  INFO  [main] c.a.n.c.r.client - [dc80f37d-692d-404a-a77f-cfbb6578fff6] Try to connect to server on start up, server: {serverIp = '127.0.0.1', server main port = 8848}
2025-09-19 15:40:25.740  INFO  [main] c.a.n.c.r.client - [dc80f37d-692d-404a-a77f-cfbb6578fff6] Success to connect to server [127.0.0.1:8848] on start up, connectionId = 1758267625631_127.0.0.1_65224
2025-09-19 15:40:25.740  INFO  [main] c.a.n.c.r.client - [dc80f37d-692d-404a-a77f-cfbb6578fff6] Register server push request handler:com.alibaba.nacos.common.remote.client.RpcClient$ConnectResetRequestHandler
2025-09-19 15:40:25.740  INFO  [com.alibaba.nacos.client.remote.worker] c.a.n.c.r.client - [dc80f37d-692d-404a-a77f-cfbb6578fff6] Notify connected event to listeners.
2025-09-19 15:40:25.741  INFO  [main] c.a.n.c.r.client - [dc80f37d-692d-404a-a77f-cfbb6578fff6] Register server push request handler:com.alibaba.nacos.common.remote.client.RpcClient$$Lambda$109/0x00000008012ae028
2025-09-19 15:40:25.909  INFO  [main] c.y.g.r.c.n.i.NacosRegisterCenter - register com.yu.gateway.common.config.ServiceDefinition@5229e9b0 com.yu.gateway.common.config.ServiceInstance@39449bd7
2025-09-19 15:40:25.918  INFO  [main] c.y.g.r.c.n.i.NacosRegisterCenter - service list size 1
2025-09-19 15:40:25.922  INFO  [main] c.y.g.r.c.n.i.NacosRegisterCenter - Nacos event is {"serviceName":"api-gateway"}
2025-09-19 15:40:25.951  INFO  [main] c.y.g.c.BootStrap - refresh service and instance: api-gateway []
2025-09-19 15:40:25.953  INFO  [main] c.y.g.r.c.n.i.NacosRegisterCenter - subscribe a service, serviceName api-gateway envdev
2025-09-19 15:40:26.482  INFO  [nacos-grpc-client-executor-8] c.a.n.c.r.client - [dc80f37d-692d-404a-a77f-cfbb6578fff6] Receive server push request, request = NotifySubscriberRequest, requestId = 2
2025-09-19 15:40:26.485  INFO  [nacos-grpc-client-executor-8] c.a.n.c.r.client - [dc80f37d-692d-404a-a77f-cfbb6578fff6] Ack server push request, request = NotifySubscriberRequest, requestId = 2
2025-09-19 15:40:26.490  INFO  [nacos.publisher-com.alibaba.nacos.client.naming.event.InstancesChangeEvent] c.y.g.r.c.n.i.NacosRegisterCenter - Nacos event is {"groupName":"dev","instances":[{"metadata":{"meta":"{\"enable\":true,\"gray\":false,\"ip\":\"10.19.22.108\",\"port\":8888,\"registerTime\":1758267625849,\"serviceInstanceId\":\"10.19.22.108:8888\"}"},"ip":"10.19.22.108","instanceHeartBeatTimeOut":15000,"ephemeral":true,"weight":1.0,"serviceName":"dev@@api-gateway","enabled":true,"ipDeleteTimeout":30000,"instanceHeartBeatInterval":5000,"instanceId":"10.19.22.108:8888","port":8888,"healthy":true,"clusterName":"DEFAULT"}],"serviceName":"api-gateway","clusters":""}
2025-09-19 15:40:26.507  INFO  [nacos.publisher-com.alibaba.nacos.client.naming.event.InstancesChangeEvent] c.y.g.c.BootStrap - refresh service and instance: api-gateway [{"gray":false,"port":8888,"registerTime":1758267625849,"enable":true,"ip":"10.19.22.108","serviceInstanceId":"10.19.22.108:8888"}]
2025-09-19 15:40:35.965  INFO  [doSubscribeAllServices.0] c.y.g.r.c.n.i.NacosRegisterCenter - service list size 1
2025-09-19 15:40:45.983  INFO  [doSubscribeAllServices.0] c.y.g.r.c.n.i.NacosRegisterCenter - service list size 1
2025-09-19 15:40:55.998  INFO  [doSubscribeAllServices.0] c.y.g.r.c.n.i.NacosRegisterCenter - service list size 1
2025-09-19 15:41:06.005  INFO  [doSubscribeAllServices.0] c.y.g.r.c.n.i.NacosRegisterCenter - service list size 1
2025-09-19 15:41:16.036  INFO  [doSubscribeAllServices.0] c.y.g.r.c.n.i.NacosRegisterCenter - service list size 1
2025-09-19 15:41:18.260  ERROR [ParallelQueueHandlergateway-queue--pool-0] c.y.g.c.n.p.NettyCoreProcessor - 处理未知错误
java.lang.NullPointerException: Cannot invoke "Object.hashCode()" because "key" is null
	at java.base/java.util.concurrent.ConcurrentHashMap.get(ConcurrentHashMap.java:936)
	at com.yu.gateway.common.config.DynamicConfigManager.getServiceDefinition(DynamicConfigManager.java:63)
	at com.yu.gateway.core.helper.RequestHelper.doContext(RequestHelper.java:35)
	at com.yu.gateway.core.netty.processor.NettyCoreProcessor.process(NettyCoreProcessor.java:44)
	at com.yu.gateway.core.netty.processor.DisruptorNettyCoreProcessor$BatchEventListenerProcessor.onEvent(DisruptorNettyCoreProcessor.java:85)
	at com.yu.gateway.core.netty.processor.DisruptorNettyCoreProcessor$BatchEventListenerProcessor.onEvent(DisruptorNettyCoreProcessor.java:81)
	at com.yu.gateway.core.disruptor.ParallelQueueHandler$HolderWorkHandler.onEvent(ParallelQueueHandler.java:202)
	at com.yu.gateway.core.disruptor.ParallelQueueHandler$HolderWorkHandler.onEvent(ParallelQueueHandler.java:199)
	at com.lmax.disruptor.WorkProcessor.run(WorkProcessor.java:143)
	at java.base/java.util.concurrent.ThreadPoolExecutor.runWorker(ThreadPoolExecutor.java:1144)
	at java.base/java.util.concurrent.ThreadPoolExecutor$Worker.run(ThreadPoolExecutor.java:642)
	at java.base/java.lang.Thread.run(Thread.java:1589)
2025-09-19 15:41:18.434  ERROR [ParallelQueueHandlergateway-queue--pool-1] c.y.g.c.n.p.NettyCoreProcessor - 处理未知错误
java.lang.NullPointerException: Cannot invoke "Object.hashCode()" because "key" is null
	at java.base/java.util.concurrent.ConcurrentHashMap.get(ConcurrentHashMap.java:936)
	at com.yu.gateway.common.config.DynamicConfigManager.getServiceDefinition(DynamicConfigManager.java:63)
	at com.yu.gateway.core.helper.RequestHelper.doContext(RequestHelper.java:35)
	at com.yu.gateway.core.netty.processor.NettyCoreProcessor.process(NettyCoreProcessor.java:44)
	at com.yu.gateway.core.netty.processor.DisruptorNettyCoreProcessor$BatchEventListenerProcessor.onEvent(DisruptorNettyCoreProcessor.java:85)
	at com.yu.gateway.core.netty.processor.DisruptorNettyCoreProcessor$BatchEventListenerProcessor.onEvent(DisruptorNettyCoreProcessor.java:81)
	at com.yu.gateway.core.disruptor.ParallelQueueHandler$HolderWorkHandler.onEvent(ParallelQueueHandler.java:202)
	at com.yu.gateway.core.disruptor.ParallelQueueHandler$HolderWorkHandler.onEvent(ParallelQueueHandler.java:199)
	at com.lmax.disruptor.WorkProcessor.run(WorkProcessor.java:143)
	at java.base/java.util.concurrent.ThreadPoolExecutor.runWorker(ThreadPoolExecutor.java:1144)
	at java.base/java.util.concurrent.ThreadPoolExecutor$Worker.run(ThreadPoolExecutor.java:642)
	at java.base/java.lang.Thread.run(Thread.java:1589)
2025-09-19 15:41:26.046  INFO  [doSubscribeAllServices.0] c.y.g.r.c.n.i.NacosRegisterCenter - service list size 1
2025-09-19 15:41:36.051  INFO  [doSubscribeAllServices.0] c.y.g.r.c.n.i.NacosRegisterCenter - service list size 1
2025-09-19 15:41:46.057  INFO  [doSubscribeAllServices.0] c.y.g.r.c.n.i.NacosRegisterCenter - service list size 1
2025-09-19 15:41:56.066  INFO  [doSubscribeAllServices.0] c.y.g.r.c.n.i.NacosRegisterCenter - service list size 1
2025-09-19 15:42:06.074  INFO  [doSubscribeAllServices.0] c.y.g.r.c.n.i.NacosRegisterCenter - service list size 1
2025-09-19 15:42:16.090  INFO  [doSubscribeAllServices.0] c.y.g.r.c.n.i.NacosRegisterCenter - service list size 1
2025-09-19 15:42:26.097  INFO  [doSubscribeAllServices.0] c.y.g.r.c.n.i.NacosRegisterCenter - service list size 1
2025-09-19 15:42:36.104  INFO  [doSubscribeAllServices.0] c.y.g.r.c.n.i.NacosRegisterCenter - service list size 1
2025-09-19 15:42:46.112  INFO  [doSubscribeAllServices.0] c.y.g.r.c.n.i.NacosRegisterCenter - service list size 1
2025-09-19 15:42:56.126  INFO  [doSubscribeAllServices.0] c.y.g.r.c.n.i.NacosRegisterCenter - service list size 1
2025-09-19 15:43:06.133  INFO  [doSubscribeAllServices.0] c.y.g.r.c.n.i.NacosRegisterCenter - service list size 1
2025-09-19 15:43:16.152  INFO  [doSubscribeAllServices.0] c.y.g.r.c.n.i.NacosRegisterCenter - service list size 1
2025-09-19 15:43:26.170  INFO  [doSubscribeAllServices.0] c.y.g.r.c.n.i.NacosRegisterCenter - service list size 1
2025-09-19 15:43:36.187  INFO  [doSubscribeAllServices.0] c.y.g.r.c.n.i.NacosRegisterCenter - service list size 1
2025-09-19 15:43:46.207  INFO  [doSubscribeAllServices.0] c.y.g.r.c.n.i.NacosRegisterCenter - service list size 1
2025-09-19 15:43:56.219  INFO  [doSubscribeAllServices.0] c.y.g.r.c.n.i.NacosRegisterCenter - service list size 1
2025-09-19 15:44:06.240  INFO  [doSubscribeAllServices.0] c.y.g.r.c.n.i.NacosRegisterCenter - service list size 1
2025-09-19 15:44:16.249  INFO  [doSubscribeAllServices.0] c.y.g.r.c.n.i.NacosRegisterCenter - service list size 1
2025-09-19 15:44:26.254  INFO  [doSubscribeAllServices.0] c.y.g.r.c.n.i.NacosRegisterCenter - service list size 1
2025-09-19 15:44:36.260  INFO  [doSubscribeAllServices.0] c.y.g.r.c.n.i.NacosRegisterCenter - service list size 1
2025-09-19 15:44:46.265  INFO  [doSubscribeAllServices.0] c.y.g.r.c.n.i.NacosRegisterCenter - service list size 1
2025-09-19 15:44:56.268  INFO  [doSubscribeAllServices.0] c.y.g.r.c.n.i.NacosRegisterCenter - service list size 1
2025-09-19 15:45:06.272  INFO  [doSubscribeAllServices.0] c.y.g.r.c.n.i.NacosRegisterCenter - service list size 1
2025-09-19 15:45:14.196  WARN  [Thread-3] c.a.n.c.n.NotifyCenter - [NotifyCenter] Start destroying Publisher
2025-09-19 15:45:14.196  WARN  [Thread-0] c.a.n.c.h.HttpClientBeanHolder - [HttpClientBeanHolder] Start destroying common HttpClient
2025-09-19 15:45:14.196  WARN  [Thread-3] c.a.n.c.n.NotifyCenter - [NotifyCenter] Destruction of the end
2025-09-19 15:45:14.197  WARN  [Thread-0] c.a.n.c.h.HttpClientBeanHolder - [HttpClientBeanHolder] Destruction of the end
2025-09-19 15:45:19.108  INFO  [main] c.a.n.c.r.client - [RpcClientFactory] create a new rpc client of 135a0794-9178-4ad5-a4a1-0b23cea84578_config-0
2025-09-19 15:45:19.146  INFO  [main] o.r.Reflections - Reflections took 18 ms to scan 1 urls, producing 3 keys and 6 values 
2025-09-19 15:45:19.177  INFO  [main] o.r.Reflections - Reflections took 8 ms to scan 1 urls, producing 4 keys and 9 values 
2025-09-19 15:45:19.185  INFO  [main] o.r.Reflections - Reflections took 7 ms to scan 1 urls, producing 3 keys and 10 values 
2025-09-19 15:45:19.189  WARN  [main] o.r.Reflections - given scan urls are empty. set urls in the configuration
2025-09-19 15:45:19.194  INFO  [main] o.r.Reflections - Reflections took 5 ms to scan 1 urls, producing 1 keys and 5 values 
2025-09-19 15:45:19.201  INFO  [main] o.r.Reflections - Reflections took 4 ms to scan 1 urls, producing 1 keys and 7 values 
2025-09-19 15:45:19.208  INFO  [main] o.r.Reflections - Reflections took 4 ms to scan 1 urls, producing 2 keys and 8 values 
2025-09-19 15:45:19.210  WARN  [main] o.r.Reflections - given scan urls are empty. set urls in the configuration
2025-09-19 15:45:19.213  INFO  [main] c.a.n.c.r.client - [135a0794-9178-4ad5-a4a1-0b23cea84578_config-0] RpcClient init label, labels = {module=config, Vipserver-Tag=null, source=sdk, Amory-Tag=null, Location-Tag=null, taskId=0, AppName=unknown}
2025-09-19 15:45:19.214  INFO  [main] c.a.n.c.r.client - [135a0794-9178-4ad5-a4a1-0b23cea84578_config-0] Register server push request handler:com.alibaba.nacos.client.config.impl.ClientWorker$ConfigRpcTransportClient$$Lambda$70/0x0000000801109b38
2025-09-19 15:45:19.215  INFO  [main] c.a.n.c.r.client - [135a0794-9178-4ad5-a4a1-0b23cea84578_config-0] Register server push request handler:com.alibaba.nacos.client.config.impl.ClientWorker$ConfigRpcTransportClient$$Lambda$71/0x0000000801109d48
2025-09-19 15:45:19.216  INFO  [main] c.a.n.c.r.client - [135a0794-9178-4ad5-a4a1-0b23cea84578_config-0] Registry connection listener to current client:com.alibaba.nacos.client.config.impl.ClientWorker$ConfigRpcTransportClient$1
2025-09-19 15:45:19.217  INFO  [main] c.a.n.c.r.client - [135a0794-9178-4ad5-a4a1-0b23cea84578_config-0] RpcClient init, ServerListFactory = com.alibaba.nacos.client.config.impl.ClientWorker$ConfigRpcTransportClient$2
2025-09-19 15:45:19.227  INFO  [main] c.a.n.c.r.client - [135a0794-9178-4ad5-a4a1-0b23cea84578_config-0] Try to connect to server on start up, server: {serverIp = '127.0.0.1', server main port = 8848}
2025-09-19 15:45:20.029  INFO  [main] c.a.n.c.r.client - [135a0794-9178-4ad5-a4a1-0b23cea84578_config-0] Success to connect to server [127.0.0.1:8848] on start up, connectionId = 1758267919841_127.0.0.1_51033
2025-09-19 15:45:20.029  INFO  [com.alibaba.nacos.client.remote.worker] c.a.n.c.r.client - [135a0794-9178-4ad5-a4a1-0b23cea84578_config-0] Notify connected event to listeners.
2025-09-19 15:45:20.030  INFO  [main] c.a.n.c.r.client - [135a0794-9178-4ad5-a4a1-0b23cea84578_config-0] Register server push request handler:com.alibaba.nacos.common.remote.client.RpcClient$ConnectResetRequestHandler
2025-09-19 15:45:20.030  INFO  [main] c.a.n.c.r.client - [135a0794-9178-4ad5-a4a1-0b23cea84578_config-0] Register server push request handler:com.alibaba.nacos.common.remote.client.RpcClient$$Lambda$109/0x00000008012ae650
2025-09-19 15:45:20.063  INFO  [main] c.y.g.c.c.n.i.NacosConfigCenter - Rules-Config From Nacos: null
2025-09-19 15:45:20.095  WARN  [main] c.y.g.c.c.n.i.NacosConfigCenter - Failed to parse config JSON from Nacos, result is null
2025-09-19 15:45:20.123  INFO  [main] c.y.g.c.f.GatewayFilterChainFactory - load filter success:class com.yu.gateway.core.filter.auth.AuthFilter,auth_filter,auth_filter,1
2025-09-19 15:45:20.126  INFO  [main] c.y.g.c.f.GatewayFilterChainFactory - load filter success:class com.yu.gateway.core.filter.loadBalance.LoadBalanceFilter,load_balance_filter,load_balance_filter,100
2025-09-19 15:45:20.127  INFO  [main] c.y.g.c.f.GatewayFilterChainFactory - load filter success:class com.yu.gateway.core.filter.router.RouterFilter,router_filter,router_filter,2147483647
2025-09-19 15:45:20.127  INFO  [main] c.y.g.c.f.GatewayFilterChainFactory - load filter success:class com.yu.gateway.core.filter.gray.GrayFilter,gray_filter,gray_filter,4
2025-09-19 15:45:20.128  INFO  [main] c.y.g.c.f.GatewayFilterChainFactory - load filter success:class com.yu.gateway.core.filter.flow.FlowControlFilter,flow_ctl_filter,flow_ctl_filter,50
2025-09-19 15:45:20.392  WARN  [main] i.n.b.ServerBootstrap - Unknown channel option 'SO_KEEPALIVE' for channel '[id: 0xec48bdb5]'
2025-09-19 15:45:20.399  INFO  [main] c.y.g.c.n.NettyHttpServer - server startup on port 8888
2025-09-19 15:45:20.400  INFO  [main] c.y.g.c.Container - api gateway starting!
2025-09-19 15:45:20.415  INFO  [main] c.a.n.c.r.client - [RpcClientFactory] create a new rpc client of 325070f5-7724-46cc-956d-42579fdd2161
2025-09-19 15:45:20.415  INFO  [main] c.a.n.c.r.client - [325070f5-7724-46cc-956d-42579fdd2161] RpcClient init label, labels = {module=naming, source=sdk}
2025-09-19 15:45:20.416  INFO  [main] c.a.n.c.r.client - [325070f5-7724-46cc-956d-42579fdd2161] RpcClient init, ServerListFactory = com.alibaba.nacos.client.naming.core.ServerListManager
2025-09-19 15:45:20.416  INFO  [main] c.a.n.c.r.client - [325070f5-7724-46cc-956d-42579fdd2161] Registry connection listener to current client:com.alibaba.nacos.client.naming.remote.gprc.redo.NamingGrpcRedoService
2025-09-19 15:45:20.416  INFO  [main] c.a.n.c.r.client - [325070f5-7724-46cc-956d-42579fdd2161] Register server push request handler:com.alibaba.nacos.client.naming.remote.gprc.NamingPushRequestHandler
2025-09-19 15:45:20.417  INFO  [main] c.a.n.c.r.client - [325070f5-7724-46cc-956d-42579fdd2161] Try to connect to server on start up, server: {serverIp = '127.0.0.1', server main port = 8848}
2025-09-19 15:45:20.543  INFO  [main] c.a.n.c.r.client - [325070f5-7724-46cc-956d-42579fdd2161] Success to connect to server [127.0.0.1:8848] on start up, connectionId = 1758267920426_127.0.0.1_51034
2025-09-19 15:45:20.543  INFO  [main] c.a.n.c.r.client - [325070f5-7724-46cc-956d-42579fdd2161] Register server push request handler:com.alibaba.nacos.common.remote.client.RpcClient$ConnectResetRequestHandler
2025-09-19 15:45:20.543  INFO  [main] c.a.n.c.r.client - [325070f5-7724-46cc-956d-42579fdd2161] Register server push request handler:com.alibaba.nacos.common.remote.client.RpcClient$$Lambda$109/0x00000008012ae650
2025-09-19 15:45:20.543  INFO  [com.alibaba.nacos.client.remote.worker] c.a.n.c.r.client - [325070f5-7724-46cc-956d-42579fdd2161] Notify connected event to listeners.
2025-09-19 15:45:20.736  INFO  [main] c.y.g.r.c.n.i.NacosRegisterCenter - register com.yu.gateway.common.config.ServiceDefinition@5229e9b0 com.yu.gateway.common.config.ServiceInstance@39449bd7
2025-09-19 15:45:20.741  INFO  [main] c.y.g.r.c.n.i.NacosRegisterCenter - service list size 1
2025-09-19 15:45:20.747  INFO  [main] c.y.g.r.c.n.i.NacosRegisterCenter - Nacos event is {"serviceName":"api-gateway"}
2025-09-19 15:45:20.776  INFO  [main] c.y.g.c.BootStrap - refresh service and instance: api-gateway []
2025-09-19 15:45:20.777  INFO  [main] c.y.g.r.c.n.i.NacosRegisterCenter - subscribe a service, serviceName api-gateway envdev
2025-09-19 15:45:21.244  INFO  [nacos-grpc-client-executor-8] c.a.n.c.r.client - [325070f5-7724-46cc-956d-42579fdd2161] Receive server push request, request = NotifySubscriberRequest, requestId = 3
2025-09-19 15:45:21.247  INFO  [nacos-grpc-client-executor-8] c.a.n.c.r.client - [325070f5-7724-46cc-956d-42579fdd2161] Ack server push request, request = NotifySubscriberRequest, requestId = 3
2025-09-19 15:45:21.249  INFO  [nacos.publisher-com.alibaba.nacos.client.naming.event.InstancesChangeEvent] c.y.g.r.c.n.i.NacosRegisterCenter - Nacos event is {"groupName":"dev","instances":[{"metadata":{"meta":"{\"enable\":true,\"gray\":false,\"ip\":\"10.19.22.108\",\"port\":8888,\"registerTime\":1758267920684,\"serviceInstanceId\":\"10.19.22.108:8888\"}"},"ip":"10.19.22.108","instanceHeartBeatTimeOut":15000,"ephemeral":true,"weight":1.0,"serviceName":"dev@@api-gateway","enabled":true,"ipDeleteTimeout":30000,"instanceHeartBeatInterval":5000,"instanceId":"10.19.22.108:8888","port":8888,"healthy":true,"clusterName":"DEFAULT"}],"serviceName":"api-gateway","clusters":""}
2025-09-19 15:45:21.260  INFO  [nacos.publisher-com.alibaba.nacos.client.naming.event.InstancesChangeEvent] c.y.g.c.BootStrap - refresh service and instance: api-gateway [{"gray":false,"port":8888,"registerTime":1758267920684,"enable":true,"ip":"10.19.22.108","serviceInstanceId":"10.19.22.108:8888"}]
2025-09-19 15:45:30.789  INFO  [doSubscribeAllServices.0] c.y.g.r.c.n.i.NacosRegisterCenter - service list size 1
2025-09-19 15:45:40.797  INFO  [doSubscribeAllServices.0] c.y.g.r.c.n.i.NacosRegisterCenter - service list size 1
2025-09-19 15:45:50.804  INFO  [doSubscribeAllServices.0] c.y.g.r.c.n.i.NacosRegisterCenter - service list size 3
2025-09-19 15:45:50.804  INFO  [doSubscribeAllServices.0] c.y.g.r.c.n.i.NacosRegisterCenter - Nacos event is {"serviceName":"backend-user-server"}
2025-09-19 15:45:50.816  INFO  [doSubscribeAllServices.0] c.y.g.c.BootStrap - refresh service and instance: backend-user-server:1.0.0 [{"gray":false,"port":8201,"registerTime":1758267944596,"enable":true,"ip":"10.19.22.108","serviceInstanceId":"10.19.22.108:8201","weight":100,"version":"1.0.0","uniqueId":"backend-user-server:1.0.0"}]
2025-09-19 15:45:50.816  INFO  [doSubscribeAllServices.0] c.y.g.r.c.n.i.NacosRegisterCenter - subscribe a service, serviceName backend-user-server envdev
2025-09-19 15:45:50.816  INFO  [doSubscribeAllServices.0] c.y.g.r.c.n.i.NacosRegisterCenter - Nacos event is {"serviceName":"backend-http-server"}
2025-09-19 15:45:50.824  INFO  [doSubscribeAllServices.0] c.y.g.c.BootStrap - refresh service and instance: backend-http-server:1.0.0 [{"gray":false,"port":8201,"registerTime":1758267945094,"enable":true,"ip":"10.19.22.108","serviceInstanceId":"10.19.22.108:8201","weight":100,"version":"1.0.0","uniqueId":"backend-http-server:1.0.0"}]
2025-09-19 15:45:50.825  INFO  [doSubscribeAllServices.0] c.y.g.r.c.n.i.NacosRegisterCenter - subscribe a service, serviceName backend-http-server envdev
2025-09-19 15:45:51.406  INFO  [nacos-grpc-client-executor-23] c.a.n.c.r.client - [325070f5-7724-46cc-956d-42579fdd2161] Receive server push request, request = NotifySubscriberRequest, requestId = 4
2025-09-19 15:45:51.407  INFO  [nacos-grpc-client-executor-23] c.a.n.c.r.client - [325070f5-7724-46cc-956d-42579fdd2161] Ack server push request, request = NotifySubscriberRequest, requestId = 4
2025-09-19 15:45:51.411  INFO  [nacos-grpc-client-executor-24] c.a.n.c.r.client - [325070f5-7724-46cc-956d-42579fdd2161] Receive server push request, request = NotifySubscriberRequest, requestId = 5
2025-09-19 15:45:51.412  INFO  [nacos-grpc-client-executor-24] c.a.n.c.r.client - [325070f5-7724-46cc-956d-42579fdd2161] Ack server push request, request = NotifySubscriberRequest, requestId = 5
2025-09-19 15:46:00.831  INFO  [doSubscribeAllServices.0] c.y.g.r.c.n.i.NacosRegisterCenter - service list size 3
2025-09-19 15:46:10.837  INFO  [doSubscribeAllServices.0] c.y.g.r.c.n.i.NacosRegisterCenter - service list size 3
2025-09-19 15:46:20.844  INFO  [doSubscribeAllServices.0] c.y.g.r.c.n.i.NacosRegisterCenter - service list size 3
2025-09-19 15:46:28.881  INFO  [nacos-grpc-client-executor-38] c.a.n.c.r.client - [325070f5-7724-46cc-956d-42579fdd2161] Receive server push request, request = NotifySubscriberRequest, requestId = 6
2025-09-19 15:46:28.882  INFO  [nacos.publisher-com.alibaba.nacos.client.naming.event.InstancesChangeEvent] c.y.g.r.c.n.i.NacosRegisterCenter - Nacos event is {"groupName":"dev","instances":[{"metadata":{"meta":"{\"enable\":true,\"gray\":false,\"ip\":\"10.19.22.108\",\"port\":8201,\"registerTime\":1758267945094,\"serviceInstanceId\":\"10.19.22.108:8201\",\"uniqueId\":\"backend-http-server:1.0.0\",\"version\":\"1.0.0\",\"weight\":100}"},"ip":"10.19.22.108","instanceHeartBeatTimeOut":15000,"ephemeral":true,"weight":1.0,"serviceName":"dev@@backend-http-server","enabled":true,"ipDeleteTimeout":30000,"instanceHeartBeatInterval":5000,"instanceId":"10.19.22.108:8201","port":8201,"healthy":true,"clusterName":"DEFAULT"},{"metadata":{"meta":"{\"enable\":true,\"gray\":false,\"ip\":\"10.19.22.108\",\"port\":8202,\"registerTime\":1758267988233,\"serviceInstanceId\":\"10.19.22.108:8202\",\"uniqueId\":\"backend-http-server:1.0.0\",\"version\":\"1.0.0\",\"weight\":100}"},"ip":"10.19.22.108","instanceHeartBeatTimeOut":15000,"ephemeral":true,"weight":1.0,"serviceName":"dev@@backend-http-server","enabled":true,"ipDeleteTimeout":30000,"instanceHeartBeatInterval":5000,"instanceId":"10.19.22.108:8202","port":8202,"healthy":true,"clusterName":"DEFAULT"}],"serviceName":"backend-http-server","clusters":""}
2025-09-19 15:46:28.882  INFO  [nacos-grpc-client-executor-38] c.a.n.c.r.client - [325070f5-7724-46cc-956d-42579fdd2161] Ack server push request, request = NotifySubscriberRequest, requestId = 6
2025-09-19 15:46:28.886  INFO  [nacos.publisher-com.alibaba.nacos.client.naming.event.InstancesChangeEvent] c.y.g.c.BootStrap - refresh service and instance: backend-http-server:1.0.0 [{"gray":false,"port":8201,"registerTime":1758267945094,"enable":true,"ip":"10.19.22.108","serviceInstanceId":"10.19.22.108:8201","weight":100,"version":"1.0.0","uniqueId":"backend-http-server:1.0.0"},{"gray":false,"port":8202,"registerTime":1758267988233,"enable":true,"ip":"10.19.22.108","serviceInstanceId":"10.19.22.108:8202","weight":100,"version":"1.0.0","uniqueId":"backend-http-server:1.0.0"}]
2025-09-19 15:46:30.853  INFO  [doSubscribeAllServices.0] c.y.g.r.c.n.i.NacosRegisterCenter - service list size 3
2025-09-19 15:46:40.859  INFO  [doSubscribeAllServices.0] c.y.g.r.c.n.i.NacosRegisterCenter - service list size 3
2025-09-19 15:46:44.530  INFO  [nacos-grpc-client-executor-44] c.a.n.c.r.client - [325070f5-7724-46cc-956d-42579fdd2161] Receive server push request, request = NotifySubscriberRequest, requestId = 7
2025-09-19 15:46:44.531  INFO  [nacos.publisher-com.alibaba.nacos.client.naming.event.InstancesChangeEvent] c.y.g.r.c.n.i.NacosRegisterCenter - Nacos event is {"groupName":"dev","instances":[],"serviceName":"backend-user-server","clusters":""}
2025-09-19 15:46:44.531  INFO  [nacos-grpc-client-executor-44] c.a.n.c.r.client - [325070f5-7724-46cc-956d-42579fdd2161] Ack server push request, request = NotifySubscriberRequest, requestId = 7
2025-09-19 15:46:44.534  INFO  [nacos.publisher-com.alibaba.nacos.client.naming.event.InstancesChangeEvent] c.y.g.c.BootStrap - refresh service and instance: backend-user-server:1.0.0 []
2025-09-19 15:46:44.536  INFO  [nacos-grpc-client-executor-45] c.a.n.c.r.client - [325070f5-7724-46cc-956d-42579fdd2161] Receive server push request, request = NotifySubscriberRequest, requestId = 8
2025-09-19 15:46:44.537  INFO  [nacos.publisher-com.alibaba.nacos.client.naming.event.InstancesChangeEvent] c.y.g.r.c.n.i.NacosRegisterCenter - Nacos event is {"groupName":"dev","instances":[],"serviceName":"backend-http-server","clusters":""}
2025-09-19 15:46:44.537  INFO  [nacos-grpc-client-executor-45] c.a.n.c.r.client - [325070f5-7724-46cc-956d-42579fdd2161] Ack server push request, request = NotifySubscriberRequest, requestId = 8
2025-09-19 15:46:44.540  INFO  [nacos.publisher-com.alibaba.nacos.client.naming.event.InstancesChangeEvent] c.y.g.c.BootStrap - refresh service and instance: backend-http-server:1.0.0 []
2025-09-19 15:46:50.866  INFO  [doSubscribeAllServices.0] c.y.g.r.c.n.i.NacosRegisterCenter - service list size 3
2025-09-19 15:46:51.296  WARN  [Thread-3] c.a.n.c.n.NotifyCenter - [NotifyCenter] Start destroying Publisher
2025-09-19 15:46:51.296  WARN  [Thread-0] c.a.n.c.h.HttpClientBeanHolder - [HttpClientBeanHolder] Start destroying common HttpClient
2025-09-19 15:46:51.296  WARN  [Thread-3] c.a.n.c.n.NotifyCenter - [NotifyCenter] Destruction of the end
2025-09-19 15:46:51.297  WARN  [Thread-0] c.a.n.c.h.HttpClientBeanHolder - [HttpClientBeanHolder] Destruction of the end
2025-09-19 15:51:05.874  INFO  [main] c.a.n.c.r.client - [RpcClientFactory] create a new rpc client of 6abe78a6-07fc-4090-b097-ba98b52362d0_config-0
2025-09-19 15:51:05.914  INFO  [main] o.r.Reflections - Reflections took 18 ms to scan 1 urls, producing 3 keys and 6 values 
2025-09-19 15:51:05.952  INFO  [main] o.r.Reflections - Reflections took 7 ms to scan 1 urls, producing 4 keys and 9 values 
2025-09-19 15:51:05.962  INFO  [main] o.r.Reflections - Reflections took 7 ms to scan 1 urls, producing 3 keys and 10 values 
2025-09-19 15:51:05.965  WARN  [main] o.r.Reflections - given scan urls are empty. set urls in the configuration
2025-09-19 15:51:05.969  INFO  [main] o.r.Reflections - Reflections took 3 ms to scan 1 urls, producing 1 keys and 5 values 
2025-09-19 15:51:05.976  INFO  [main] o.r.Reflections - Reflections took 5 ms to scan 1 urls, producing 1 keys and 7 values 
2025-09-19 15:51:05.983  INFO  [main] o.r.Reflections - Reflections took 4 ms to scan 1 urls, producing 2 keys and 8 values 
2025-09-19 15:51:05.985  WARN  [main] o.r.Reflections - given scan urls are empty. set urls in the configuration
2025-09-19 15:51:05.987  INFO  [main] c.a.n.c.r.client - [6abe78a6-07fc-4090-b097-ba98b52362d0_config-0] RpcClient init label, labels = {module=config, Vipserver-Tag=null, source=sdk, Amory-Tag=null, Location-Tag=null, taskId=0, AppName=unknown}
2025-09-19 15:51:05.989  INFO  [main] c.a.n.c.r.client - [6abe78a6-07fc-4090-b097-ba98b52362d0_config-0] Register server push request handler:com.alibaba.nacos.client.config.impl.ClientWorker$ConfigRpcTransportClient$$Lambda$70/0x0000000801109b38
2025-09-19 15:51:05.990  INFO  [main] c.a.n.c.r.client - [6abe78a6-07fc-4090-b097-ba98b52362d0_config-0] Register server push request handler:com.alibaba.nacos.client.config.impl.ClientWorker$ConfigRpcTransportClient$$Lambda$71/0x0000000801109d48
2025-09-19 15:51:05.991  INFO  [main] c.a.n.c.r.client - [6abe78a6-07fc-4090-b097-ba98b52362d0_config-0] Registry connection listener to current client:com.alibaba.nacos.client.config.impl.ClientWorker$ConfigRpcTransportClient$1
2025-09-19 15:51:05.992  INFO  [main] c.a.n.c.r.client - [6abe78a6-07fc-4090-b097-ba98b52362d0_config-0] RpcClient init, ServerListFactory = com.alibaba.nacos.client.config.impl.ClientWorker$ConfigRpcTransportClient$2
2025-09-19 15:51:06.000  INFO  [main] c.a.n.c.r.client - [6abe78a6-07fc-4090-b097-ba98b52362d0_config-0] Try to connect to server on start up, server: {serverIp = '127.0.0.1', server main port = 8848}
2025-09-19 15:51:06.741  INFO  [main] c.a.n.c.r.client - [6abe78a6-07fc-4090-b097-ba98b52362d0_config-0] Success to connect to server [127.0.0.1:8848] on start up, connectionId = 1758268266569_127.0.0.1_50144
2025-09-19 15:51:06.742  INFO  [com.alibaba.nacos.client.remote.worker] c.a.n.c.r.client - [6abe78a6-07fc-4090-b097-ba98b52362d0_config-0] Notify connected event to listeners.
2025-09-19 15:51:06.742  INFO  [main] c.a.n.c.r.client - [6abe78a6-07fc-4090-b097-ba98b52362d0_config-0] Register server push request handler:com.alibaba.nacos.common.remote.client.RpcClient$ConnectResetRequestHandler
2025-09-19 15:51:06.742  INFO  [main] c.a.n.c.r.client - [6abe78a6-07fc-4090-b097-ba98b52362d0_config-0] Register server push request handler:com.alibaba.nacos.common.remote.client.RpcClient$$Lambda$109/0x00000008012ade30
2025-09-19 15:51:06.775  INFO  [main] c.y.g.c.c.n.i.NacosConfigCenter - Rules-Config From Nacos: null
2025-09-19 15:51:06.807  WARN  [main] c.y.g.c.c.n.i.NacosConfigCenter - Failed to parse config JSON from Nacos, result is null
2025-09-19 15:51:06.837  INFO  [main] c.y.g.c.f.GatewayFilterChainFactory - load filter success:class com.yu.gateway.core.filter.auth.AuthFilter,auth_filter,auth_filter,1
2025-09-19 15:51:06.840  INFO  [main] c.y.g.c.f.GatewayFilterChainFactory - load filter success:class com.yu.gateway.core.filter.loadBalance.LoadBalanceFilter,load_balance_filter,load_balance_filter,100
2025-09-19 15:51:06.841  INFO  [main] c.y.g.c.f.GatewayFilterChainFactory - load filter success:class com.yu.gateway.core.filter.router.RouterFilter,router_filter,router_filter,2147483647
2025-09-19 15:51:06.841  INFO  [main] c.y.g.c.f.GatewayFilterChainFactory - load filter success:class com.yu.gateway.core.filter.gray.GrayFilter,gray_filter,gray_filter,4
2025-09-19 15:51:06.842  INFO  [main] c.y.g.c.f.GatewayFilterChainFactory - load filter success:class com.yu.gateway.core.filter.flow.FlowControlFilter,flow_ctl_filter,flow_ctl_filter,50
2025-09-19 15:51:07.095  WARN  [main] i.n.b.ServerBootstrap - Unknown channel option 'SO_KEEPALIVE' for channel '[id: 0x38f729ad]'
2025-09-19 15:51:07.100  INFO  [main] c.y.g.c.n.NettyHttpServer - server startup on port 8888
2025-09-19 15:51:07.101  INFO  [main] c.y.g.c.Container - api gateway starting!
2025-09-19 15:51:07.115  INFO  [main] c.a.n.c.r.client - [RpcClientFactory] create a new rpc client of 5516e1d2-f84e-4db0-b7a8-17cbacd52795
2025-09-19 15:51:07.115  INFO  [main] c.a.n.c.r.client - [5516e1d2-f84e-4db0-b7a8-17cbacd52795] RpcClient init label, labels = {module=naming, source=sdk}
2025-09-19 15:51:07.116  INFO  [main] c.a.n.c.r.client - [5516e1d2-f84e-4db0-b7a8-17cbacd52795] RpcClient init, ServerListFactory = com.alibaba.nacos.client.naming.core.ServerListManager
2025-09-19 15:51:07.116  INFO  [main] c.a.n.c.r.client - [5516e1d2-f84e-4db0-b7a8-17cbacd52795] Registry connection listener to current client:com.alibaba.nacos.client.naming.remote.gprc.redo.NamingGrpcRedoService
2025-09-19 15:51:07.116  INFO  [main] c.a.n.c.r.client - [5516e1d2-f84e-4db0-b7a8-17cbacd52795] Register server push request handler:com.alibaba.nacos.client.naming.remote.gprc.NamingPushRequestHandler
2025-09-19 15:51:07.117  INFO  [main] c.a.n.c.r.client - [5516e1d2-f84e-4db0-b7a8-17cbacd52795] Try to connect to server on start up, server: {serverIp = '127.0.0.1', server main port = 8848}
2025-09-19 15:51:07.241  INFO  [main] c.a.n.c.r.client - [5516e1d2-f84e-4db0-b7a8-17cbacd52795] Success to connect to server [127.0.0.1:8848] on start up, connectionId = 1758268267123_127.0.0.1_64669
2025-09-19 15:51:07.242  INFO  [com.alibaba.nacos.client.remote.worker] c.a.n.c.r.client - [5516e1d2-f84e-4db0-b7a8-17cbacd52795] Notify connected event to listeners.
2025-09-19 15:51:07.242  INFO  [main] c.a.n.c.r.client - [5516e1d2-f84e-4db0-b7a8-17cbacd52795] Register server push request handler:com.alibaba.nacos.common.remote.client.RpcClient$ConnectResetRequestHandler
2025-09-19 15:51:07.242  INFO  [main] c.a.n.c.r.client - [5516e1d2-f84e-4db0-b7a8-17cbacd52795] Register server push request handler:com.alibaba.nacos.common.remote.client.RpcClient$$Lambda$109/0x00000008012ade30
2025-09-19 15:51:07.410  INFO  [main] c.y.g.r.c.n.i.NacosRegisterCenter - register com.yu.gateway.common.config.ServiceDefinition@5229e9b0 com.yu.gateway.common.config.ServiceInstance@39449bd7
2025-09-19 15:51:07.416  INFO  [main] c.y.g.r.c.n.i.NacosRegisterCenter - service list size 1
2025-09-19 15:51:07.420  INFO  [main] c.y.g.r.c.n.i.NacosRegisterCenter - Nacos event is {"serviceName":"api-gateway"}
2025-09-19 15:51:07.457  INFO  [main] c.y.g.c.BootStrap - refresh service and instance: api-gateway [{"gray":false,"port":8888,"registerTime":1758268267346,"enable":true,"ip":"10.19.22.108","serviceInstanceId":"10.19.22.108:8888"}]
2025-09-19 15:51:07.458  INFO  [main] c.y.g.r.c.n.i.NacosRegisterCenter - subscribe a service, serviceName api-gateway envdev
2025-09-19 15:51:07.915  INFO  [nacos-grpc-client-executor-9] c.a.n.c.r.client - [5516e1d2-f84e-4db0-b7a8-17cbacd52795] Receive server push request, request = NotifySubscriberRequest, requestId = 10
2025-09-19 15:51:07.916  INFO  [nacos-grpc-client-executor-9] c.a.n.c.r.client - [5516e1d2-f84e-4db0-b7a8-17cbacd52795] Ack server push request, request = NotifySubscriberRequest, requestId = 10
2025-09-19 15:51:17.471  INFO  [doSubscribeAllServices.0] c.y.g.r.c.n.i.NacosRegisterCenter - service list size 1
2025-09-19 15:51:27.479  INFO  [doSubscribeAllServices.0] c.y.g.r.c.n.i.NacosRegisterCenter - service list size 3
2025-09-19 15:51:27.479  INFO  [doSubscribeAllServices.0] c.y.g.r.c.n.i.NacosRegisterCenter - Nacos event is {"serviceName":"backend-user-server"}
2025-09-19 15:51:27.489  INFO  [doSubscribeAllServices.0] c.y.g.c.BootStrap - refresh service and instance: backend-user-server:1.0.0 [{"gray":false,"port":8201,"registerTime":1758268283201,"enable":true,"ip":"10.19.22.108","serviceInstanceId":"10.19.22.108:8201","weight":100,"version":"1.0.0","uniqueId":"backend-user-server:1.0.0"}]
2025-09-19 15:51:27.489  INFO  [doSubscribeAllServices.0] c.y.g.r.c.n.i.NacosRegisterCenter - subscribe a service, serviceName backend-user-server envdev
2025-09-19 15:51:27.489  INFO  [doSubscribeAllServices.0] c.y.g.r.c.n.i.NacosRegisterCenter - Nacos event is {"serviceName":"backend-http-server"}
2025-09-19 15:51:27.494  INFO  [doSubscribeAllServices.0] c.y.g.c.BootStrap - refresh service and instance: backend-http-server:1.0.0 [{"gray":false,"port":8201,"registerTime":1758268283406,"enable":true,"ip":"10.19.22.108","serviceInstanceId":"10.19.22.108:8201","weight":100,"version":"1.0.0","uniqueId":"backend-http-server:1.0.0"}]
2025-09-19 15:51:27.495  INFO  [doSubscribeAllServices.0] c.y.g.r.c.n.i.NacosRegisterCenter - subscribe a service, serviceName backend-http-server envdev
2025-09-19 15:51:27.992  INFO  [nacos-grpc-client-executor-19] c.a.n.c.r.client - [5516e1d2-f84e-4db0-b7a8-17cbacd52795] Receive server push request, request = NotifySubscriberRequest, requestId = 11
2025-09-19 15:51:27.992  INFO  [nacos-grpc-client-executor-19] c.a.n.c.r.client - [5516e1d2-f84e-4db0-b7a8-17cbacd52795] Ack server push request, request = NotifySubscriberRequest, requestId = 11
2025-09-19 15:51:28.101  INFO  [nacos-grpc-client-executor-20] c.a.n.c.r.client - [5516e1d2-f84e-4db0-b7a8-17cbacd52795] Receive server push request, request = NotifySubscriberRequest, requestId = 12
2025-09-19 15:51:28.102  INFO  [nacos-grpc-client-executor-20] c.a.n.c.r.client - [5516e1d2-f84e-4db0-b7a8-17cbacd52795] Ack server push request, request = NotifySubscriberRequest, requestId = 12
2025-09-19 15:51:37.505  INFO  [doSubscribeAllServices.0] c.y.g.r.c.n.i.NacosRegisterCenter - service list size 3
2025-09-19 15:51:39.659  ERROR [ParallelQueueHandlergateway-queue--pool-6] c.y.g.c.n.p.NettyCoreProcessor - 处理未知错误
java.lang.IllegalArgumentException: Missing required header: uniqueId
	at com.yu.gateway.core.helper.RequestHelper.doRequest(RequestHelper.java:60)
	at com.yu.gateway.core.helper.RequestHelper.doContext(RequestHelper.java:32)
	at com.yu.gateway.core.netty.processor.NettyCoreProcessor.process(NettyCoreProcessor.java:44)
	at com.yu.gateway.core.netty.processor.DisruptorNettyCoreProcessor$BatchEventListenerProcessor.onEvent(DisruptorNettyCoreProcessor.java:85)
	at com.yu.gateway.core.netty.processor.DisruptorNettyCoreProcessor$BatchEventListenerProcessor.onEvent(DisruptorNettyCoreProcessor.java:81)
	at com.yu.gateway.core.disruptor.ParallelQueueHandler$HolderWorkHandler.onEvent(ParallelQueueHandler.java:202)
	at com.yu.gateway.core.disruptor.ParallelQueueHandler$HolderWorkHandler.onEvent(ParallelQueueHandler.java:199)
	at com.lmax.disruptor.WorkProcessor.run(WorkProcessor.java:143)
	at java.base/java.util.concurrent.ThreadPoolExecutor.runWorker(ThreadPoolExecutor.java:1144)
	at java.base/java.util.concurrent.ThreadPoolExecutor$Worker.run(ThreadPoolExecutor.java:642)
	at java.base/java.lang.Thread.run(Thread.java:1589)
2025-09-19 15:51:39.828  ERROR [ParallelQueueHandlergateway-queue--pool-0] c.y.g.c.n.p.NettyCoreProcessor - 处理未知错误
java.lang.IllegalArgumentException: Missing required header: uniqueId
	at com.yu.gateway.core.helper.RequestHelper.doRequest(RequestHelper.java:60)
	at com.yu.gateway.core.helper.RequestHelper.doContext(RequestHelper.java:32)
	at com.yu.gateway.core.netty.processor.NettyCoreProcessor.process(NettyCoreProcessor.java:44)
	at com.yu.gateway.core.netty.processor.DisruptorNettyCoreProcessor$BatchEventListenerProcessor.onEvent(DisruptorNettyCoreProcessor.java:85)
	at com.yu.gateway.core.netty.processor.DisruptorNettyCoreProcessor$BatchEventListenerProcessor.onEvent(DisruptorNettyCoreProcessor.java:81)
	at com.yu.gateway.core.disruptor.ParallelQueueHandler$HolderWorkHandler.onEvent(ParallelQueueHandler.java:202)
	at com.yu.gateway.core.disruptor.ParallelQueueHandler$HolderWorkHandler.onEvent(ParallelQueueHandler.java:199)
	at com.lmax.disruptor.WorkProcessor.run(WorkProcessor.java:143)
	at java.base/java.util.concurrent.ThreadPoolExecutor.runWorker(ThreadPoolExecutor.java:1144)
	at java.base/java.util.concurrent.ThreadPoolExecutor$Worker.run(ThreadPoolExecutor.java:642)
	at java.base/java.lang.Thread.run(Thread.java:1589)
2025-09-19 15:51:47.520  INFO  [doSubscribeAllServices.0] c.y.g.r.c.n.i.NacosRegisterCenter - service list size 3
2025-09-19 15:51:57.532  INFO  [doSubscribeAllServices.0] c.y.g.r.c.n.i.NacosRegisterCenter - service list size 3
2025-09-19 15:52:07.538  INFO  [doSubscribeAllServices.0] c.y.g.r.c.n.i.NacosRegisterCenter - service list size 3
2025-09-19 15:52:11.374  INFO  [nacos-grpc-client-executor-38] c.a.n.c.r.client - [5516e1d2-f84e-4db0-b7a8-17cbacd52795] Receive server push request, request = NotifySubscriberRequest, requestId = 13
2025-09-19 15:52:11.380  INFO  [nacos-grpc-client-executor-38] c.a.n.c.r.client - [5516e1d2-f84e-4db0-b7a8-17cbacd52795] Ack server push request, request = NotifySubscriberRequest, requestId = 13
2025-09-19 15:52:11.380  INFO  [nacos.publisher-com.alibaba.nacos.client.naming.event.InstancesChangeEvent] c.y.g.r.c.n.i.NacosRegisterCenter - Nacos event is {"groupName":"dev","instances":[{"metadata":{"meta":"{\"enable\":true,\"gray\":false,\"ip\":\"10.19.22.108\",\"port\":8201,\"registerTime\":1758268283406,\"serviceInstanceId\":\"10.19.22.108:8201\",\"uniqueId\":\"backend-http-server:1.0.0\",\"version\":\"1.0.0\",\"weight\":100}"},"ip":"10.19.22.108","instanceHeartBeatTimeOut":15000,"ephemeral":true,"weight":1.0,"serviceName":"dev@@backend-http-server","enabled":true,"ipDeleteTimeout":30000,"instanceHeartBeatInterval":5000,"instanceId":"10.19.22.108:8201","port":8201,"healthy":true,"clusterName":"DEFAULT"},{"metadata":{"meta":"{\"enable\":true,\"gray\":false,\"ip\":\"10.19.22.108\",\"port\":8202,\"registerTime\":1758268330812,\"serviceInstanceId\":\"10.19.22.108:8202\",\"uniqueId\":\"backend-http-server:1.0.0\",\"version\":\"1.0.0\",\"weight\":100}"},"ip":"10.19.22.108","instanceHeartBeatTimeOut":15000,"ephemeral":true,"weight":1.0,"serviceName":"dev@@backend-http-server","enabled":true,"ipDeleteTimeout":30000,"instanceHeartBeatInterval":5000,"instanceId":"10.19.22.108:8202","port":8202,"healthy":true,"clusterName":"DEFAULT"}],"serviceName":"backend-http-server","clusters":""}
2025-09-19 15:52:11.392  INFO  [nacos.publisher-com.alibaba.nacos.client.naming.event.InstancesChangeEvent] c.y.g.c.BootStrap - refresh service and instance: backend-http-server:1.0.0 [{"gray":false,"port":8201,"registerTime":1758268283406,"enable":true,"ip":"10.19.22.108","serviceInstanceId":"10.19.22.108:8201","weight":100,"version":"1.0.0","uniqueId":"backend-http-server:1.0.0"},{"gray":false,"port":8202,"registerTime":1758268330812,"enable":true,"ip":"10.19.22.108","serviceInstanceId":"10.19.22.108:8202","weight":100,"version":"1.0.0","uniqueId":"backend-http-server:1.0.0"}]
2025-09-19 15:52:15.122  ERROR [ParallelQueueHandlergateway-queue--pool-5] c.y.g.c.n.p.NettyCoreProcessor - 处理未知错误
java.lang.IllegalArgumentException: Missing required header: uniqueId
	at com.yu.gateway.core.helper.RequestHelper.doRequest(RequestHelper.java:60)
	at com.yu.gateway.core.helper.RequestHelper.doContext(RequestHelper.java:32)
	at com.yu.gateway.core.netty.processor.NettyCoreProcessor.process(NettyCoreProcessor.java:44)
	at com.yu.gateway.core.netty.processor.DisruptorNettyCoreProcessor$BatchEventListenerProcessor.onEvent(DisruptorNettyCoreProcessor.java:85)
	at com.yu.gateway.core.netty.processor.DisruptorNettyCoreProcessor$BatchEventListenerProcessor.onEvent(DisruptorNettyCoreProcessor.java:81)
	at com.yu.gateway.core.disruptor.ParallelQueueHandler$HolderWorkHandler.onEvent(ParallelQueueHandler.java:202)
	at com.yu.gateway.core.disruptor.ParallelQueueHandler$HolderWorkHandler.onEvent(ParallelQueueHandler.java:199)
	at com.lmax.disruptor.WorkProcessor.run(WorkProcessor.java:143)
	at java.base/java.util.concurrent.ThreadPoolExecutor.runWorker(ThreadPoolExecutor.java:1144)
	at java.base/java.util.concurrent.ThreadPoolExecutor$Worker.run(ThreadPoolExecutor.java:642)
	at java.base/java.lang.Thread.run(Thread.java:1589)
2025-09-19 15:52:15.180  ERROR [ParallelQueueHandlergateway-queue--pool-4] c.y.g.c.n.p.NettyCoreProcessor - 处理未知错误
java.lang.IllegalArgumentException: Missing required header: uniqueId
	at com.yu.gateway.core.helper.RequestHelper.doRequest(RequestHelper.java:60)
	at com.yu.gateway.core.helper.RequestHelper.doContext(RequestHelper.java:32)
	at com.yu.gateway.core.netty.processor.NettyCoreProcessor.process(NettyCoreProcessor.java:44)
	at com.yu.gateway.core.netty.processor.DisruptorNettyCoreProcessor$BatchEventListenerProcessor.onEvent(DisruptorNettyCoreProcessor.java:85)
	at com.yu.gateway.core.netty.processor.DisruptorNettyCoreProcessor$BatchEventListenerProcessor.onEvent(DisruptorNettyCoreProcessor.java:81)
	at com.yu.gateway.core.disruptor.ParallelQueueHandler$HolderWorkHandler.onEvent(ParallelQueueHandler.java:202)
	at com.yu.gateway.core.disruptor.ParallelQueueHandler$HolderWorkHandler.onEvent(ParallelQueueHandler.java:199)
	at com.lmax.disruptor.WorkProcessor.run(WorkProcessor.java:143)
	at java.base/java.util.concurrent.ThreadPoolExecutor.runWorker(ThreadPoolExecutor.java:1144)
	at java.base/java.util.concurrent.ThreadPoolExecutor$Worker.run(ThreadPoolExecutor.java:642)
	at java.base/java.lang.Thread.run(Thread.java:1589)
2025-09-19 15:52:17.543  INFO  [doSubscribeAllServices.0] c.y.g.r.c.n.i.NacosRegisterCenter - service list size 3
2025-09-19 15:52:27.547  INFO  [doSubscribeAllServices.0] c.y.g.r.c.n.i.NacosRegisterCenter - service list size 3
2025-09-19 15:52:37.566  INFO  [doSubscribeAllServices.0] c.y.g.r.c.n.i.NacosRegisterCenter - service list size 3
2025-09-19 15:52:47.576  INFO  [doSubscribeAllServices.0] c.y.g.r.c.n.i.NacosRegisterCenter - service list size 3
2025-09-19 15:52:57.582  INFO  [doSubscribeAllServices.0] c.y.g.r.c.n.i.NacosRegisterCenter - service list size 3
2025-09-19 15:53:07.595  INFO  [doSubscribeAllServices.0] c.y.g.r.c.n.i.NacosRegisterCenter - service list size 3
2025-09-19 15:53:17.607  INFO  [doSubscribeAllServices.0] c.y.g.r.c.n.i.NacosRegisterCenter - service list size 3
2025-09-19 15:53:27.618  INFO  [doSubscribeAllServices.0] c.y.g.r.c.n.i.NacosRegisterCenter - service list size 3
2025-09-19 15:53:37.628  INFO  [doSubscribeAllServices.0] c.y.g.r.c.n.i.NacosRegisterCenter - service list size 3
2025-09-19 15:53:47.651  INFO  [doSubscribeAllServices.0] c.y.g.r.c.n.i.NacosRegisterCenter - service list size 3
2025-09-19 15:53:57.672  INFO  [doSubscribeAllServices.0] c.y.g.r.c.n.i.NacosRegisterCenter - service list size 3
2025-09-19 15:54:07.696  INFO  [doSubscribeAllServices.0] c.y.g.r.c.n.i.NacosRegisterCenter - service list size 3
2025-09-19 15:54:17.708  INFO  [doSubscribeAllServices.0] c.y.g.r.c.n.i.NacosRegisterCenter - service list size 3
2025-09-19 15:54:27.720  INFO  [doSubscribeAllServices.0] c.y.g.r.c.n.i.NacosRegisterCenter - service list size 3
2025-09-19 15:54:37.740  INFO  [doSubscribeAllServices.0] c.y.g.r.c.n.i.NacosRegisterCenter - service list size 3
2025-09-19 15:54:47.744  INFO  [doSubscribeAllServices.0] c.y.g.r.c.n.i.NacosRegisterCenter - service list size 3
2025-09-19 15:54:57.753  INFO  [doSubscribeAllServices.0] c.y.g.r.c.n.i.NacosRegisterCenter - service list size 3
2025-09-19 15:55:07.757  INFO  [doSubscribeAllServices.0] c.y.g.r.c.n.i.NacosRegisterCenter - service list size 3
2025-09-19 15:55:17.763  INFO  [doSubscribeAllServices.0] c.y.g.r.c.n.i.NacosRegisterCenter - service list size 3
2025-09-19 15:55:27.777  INFO  [doSubscribeAllServices.0] c.y.g.r.c.n.i.NacosRegisterCenter - service list size 3
2025-09-19 15:55:37.784  INFO  [doSubscribeAllServices.0] c.y.g.r.c.n.i.NacosRegisterCenter - service list size 3
2025-09-19 15:55:47.804  INFO  [doSubscribeAllServices.0] c.y.g.r.c.n.i.NacosRegisterCenter - service list size 3
2025-09-19 15:55:57.820  INFO  [doSubscribeAllServices.0] c.y.g.r.c.n.i.NacosRegisterCenter - service list size 3
2025-09-19 15:56:07.824  INFO  [doSubscribeAllServices.0] c.y.g.r.c.n.i.NacosRegisterCenter - service list size 3
2025-09-19 15:56:17.830  INFO  [doSubscribeAllServices.0] c.y.g.r.c.n.i.NacosRegisterCenter - service list size 3
2025-09-19 15:56:27.836  INFO  [doSubscribeAllServices.0] c.y.g.r.c.n.i.NacosRegisterCenter - service list size 3
2025-09-19 15:56:37.840  INFO  [doSubscribeAllServices.0] c.y.g.r.c.n.i.NacosRegisterCenter - service list size 3
2025-09-19 15:56:47.845  INFO  [doSubscribeAllServices.0] c.y.g.r.c.n.i.NacosRegisterCenter - service list size 3
2025-09-19 15:56:57.850  INFO  [doSubscribeAllServices.0] c.y.g.r.c.n.i.NacosRegisterCenter - service list size 3
2025-09-19 15:57:07.856  INFO  [doSubscribeAllServices.0] c.y.g.r.c.n.i.NacosRegisterCenter - service list size 3
2025-09-19 15:57:17.860  INFO  [doSubscribeAllServices.0] c.y.g.r.c.n.i.NacosRegisterCenter - service list size 3
2025-09-19 15:57:27.864  INFO  [doSubscribeAllServices.0] c.y.g.r.c.n.i.NacosRegisterCenter - service list size 3
2025-09-19 15:57:37.868  INFO  [doSubscribeAllServices.0] c.y.g.r.c.n.i.NacosRegisterCenter - service list size 3
2025-09-19 15:57:47.874  INFO  [doSubscribeAllServices.0] c.y.g.r.c.n.i.NacosRegisterCenter - service list size 3
2025-09-19 15:57:57.878  INFO  [doSubscribeAllServices.0] c.y.g.r.c.n.i.NacosRegisterCenter - service list size 3
2025-09-19 15:58:07.882  INFO  [doSubscribeAllServices.0] c.y.g.r.c.n.i.NacosRegisterCenter - service list size 3
2025-09-19 15:58:17.888  INFO  [doSubscribeAllServices.0] c.y.g.r.c.n.i.NacosRegisterCenter - service list size 3
2025-09-19 15:58:27.904  INFO  [doSubscribeAllServices.0] c.y.g.r.c.n.i.NacosRegisterCenter - service list size 3
2025-09-19 15:58:37.916  INFO  [doSubscribeAllServices.0] c.y.g.r.c.n.i.NacosRegisterCenter - service list size 3
2025-09-19 15:58:47.921  INFO  [doSubscribeAllServices.0] c.y.g.r.c.n.i.NacosRegisterCenter - service list size 3
2025-09-19 15:58:57.935  INFO  [doSubscribeAllServices.0] c.y.g.r.c.n.i.NacosRegisterCenter - service list size 3
2025-09-19 15:59:07.952  INFO  [doSubscribeAllServices.0] c.y.g.r.c.n.i.NacosRegisterCenter - service list size 3
2025-09-19 15:59:17.965  INFO  [doSubscribeAllServices.0] c.y.g.r.c.n.i.NacosRegisterCenter - service list size 3
2025-09-19 15:59:27.982  INFO  [doSubscribeAllServices.0] c.y.g.r.c.n.i.NacosRegisterCenter - service list size 3
2025-09-19 15:59:38.001  INFO  [doSubscribeAllServices.0] c.y.g.r.c.n.i.NacosRegisterCenter - service list size 3
2025-09-19 15:59:48.017  INFO  [doSubscribeAllServices.0] c.y.g.r.c.n.i.NacosRegisterCenter - service list size 3
2025-09-19 15:59:58.020  INFO  [doSubscribeAllServices.0] c.y.g.r.c.n.i.NacosRegisterCenter - service list size 3
2025-09-19 16:00:08.026  INFO  [doSubscribeAllServices.0] c.y.g.r.c.n.i.NacosRegisterCenter - service list size 3
2025-09-19 16:00:18.045  INFO  [doSubscribeAllServices.0] c.y.g.r.c.n.i.NacosRegisterCenter - service list size 3
2025-09-19 16:00:28.061  INFO  [doSubscribeAllServices.0] c.y.g.r.c.n.i.NacosRegisterCenter - service list size 3
2025-09-19 16:00:38.065  INFO  [doSubscribeAllServices.0] c.y.g.r.c.n.i.NacosRegisterCenter - service list size 3
2025-09-19 16:00:48.078  INFO  [doSubscribeAllServices.0] c.y.g.r.c.n.i.NacosRegisterCenter - service list size 3
2025-09-19 16:00:58.091  INFO  [doSubscribeAllServices.0] c.y.g.r.c.n.i.NacosRegisterCenter - service list size 3
2025-09-19 16:01:08.095  INFO  [doSubscribeAllServices.0] c.y.g.r.c.n.i.NacosRegisterCenter - service list size 3
2025-09-19 16:01:18.101  INFO  [doSubscribeAllServices.0] c.y.g.r.c.n.i.NacosRegisterCenter - service list size 3
2025-09-19 16:01:28.108  INFO  [doSubscribeAllServices.0] c.y.g.r.c.n.i.NacosRegisterCenter - service list size 3
2025-09-19 16:01:38.126  INFO  [doSubscribeAllServices.0] c.y.g.r.c.n.i.NacosRegisterCenter - service list size 3
2025-09-19 16:01:48.151  INFO  [doSubscribeAllServices.0] c.y.g.r.c.n.i.NacosRegisterCenter - service list size 3
2025-09-19 16:01:52.241  WARN  [Thread-3] c.a.n.c.n.NotifyCenter - [NotifyCenter] Start destroying Publisher
2025-09-19 16:01:52.241  WARN  [Thread-0] c.a.n.c.h.HttpClientBeanHolder - [HttpClientBeanHolder] Start destroying common HttpClient
2025-09-19 16:01:52.242  WARN  [Thread-3] c.a.n.c.n.NotifyCenter - [NotifyCenter] Destruction of the end
2025-09-19 16:01:52.242  WARN  [Thread-0] c.a.n.c.h.HttpClientBeanHolder - [HttpClientBeanHolder] Destruction of the end
2025-09-19 16:10:41.158  INFO  [main] c.a.n.c.r.client - [RpcClientFactory] create a new rpc client of 36c4addc-f24b-4051-9af6-840a26020c2b_config-0
2025-09-19 16:10:41.207  INFO  [main] o.r.Reflections - Reflections took 23 ms to scan 1 urls, producing 3 keys and 6 values 
2025-09-19 16:10:41.233  INFO  [main] o.r.Reflections - Reflections took 10 ms to scan 1 urls, producing 4 keys and 9 values 
2025-09-19 16:10:41.246  INFO  [main] o.r.Reflections - Reflections took 11 ms to scan 1 urls, producing 3 keys and 10 values 
2025-09-19 16:10:41.247  WARN  [main] o.r.Reflections - given scan urls are empty. set urls in the configuration
2025-09-19 16:10:41.252  INFO  [main] o.r.Reflections - Reflections took 4 ms to scan 1 urls, producing 1 keys and 5 values 
2025-09-19 16:10:41.259  INFO  [main] o.r.Reflections - Reflections took 5 ms to scan 1 urls, producing 1 keys and 7 values 
2025-09-19 16:10:41.266  INFO  [main] o.r.Reflections - Reflections took 5 ms to scan 1 urls, producing 2 keys and 8 values 
2025-09-19 16:10:41.268  WARN  [main] o.r.Reflections - given scan urls are empty. set urls in the configuration
2025-09-19 16:10:41.269  INFO  [main] c.a.n.c.r.client - [36c4addc-f24b-4051-9af6-840a26020c2b_config-0] RpcClient init label, labels = {module=config, Vipserver-Tag=null, source=sdk, Amory-Tag=null, Location-Tag=null, taskId=0, AppName=unknown}
2025-09-19 16:10:41.270  INFO  [main] c.a.n.c.r.client - [36c4addc-f24b-4051-9af6-840a26020c2b_config-0] Register server push request handler:com.alibaba.nacos.client.config.impl.ClientWorker$ConfigRpcTransportClient$$Lambda$70/0x0000000801109b38
2025-09-19 16:10:41.270  INFO  [main] c.a.n.c.r.client - [36c4addc-f24b-4051-9af6-840a26020c2b_config-0] Register server push request handler:com.alibaba.nacos.client.config.impl.ClientWorker$ConfigRpcTransportClient$$Lambda$71/0x0000000801109d48
2025-09-19 16:10:41.271  INFO  [main] c.a.n.c.r.client - [36c4addc-f24b-4051-9af6-840a26020c2b_config-0] Registry connection listener to current client:com.alibaba.nacos.client.config.impl.ClientWorker$ConfigRpcTransportClient$1
2025-09-19 16:10:41.271  INFO  [main] c.a.n.c.r.client - [36c4addc-f24b-4051-9af6-840a26020c2b_config-0] RpcClient init, ServerListFactory = com.alibaba.nacos.client.config.impl.ClientWorker$ConfigRpcTransportClient$2
2025-09-19 16:10:41.278  INFO  [main] c.a.n.c.r.client - [36c4addc-f24b-4051-9af6-840a26020c2b_config-0] Try to connect to server on start up, server: {serverIp = '127.0.0.1', server main port = 8848}
2025-09-19 16:10:42.128  INFO  [main] c.a.n.c.r.client - [36c4addc-f24b-4051-9af6-840a26020c2b_config-0] Success to connect to server [127.0.0.1:8848] on start up, connectionId = 1758269441956_127.0.0.1_53802
2025-09-19 16:10:42.129  INFO  [com.alibaba.nacos.client.remote.worker] c.a.n.c.r.client - [36c4addc-f24b-4051-9af6-840a26020c2b_config-0] Notify connected event to listeners.
2025-09-19 16:10:42.129  INFO  [main] c.a.n.c.r.client - [36c4addc-f24b-4051-9af6-840a26020c2b_config-0] Register server push request handler:com.alibaba.nacos.common.remote.client.RpcClient$ConnectResetRequestHandler
2025-09-19 16:10:42.130  INFO  [main] c.a.n.c.r.client - [36c4addc-f24b-4051-9af6-840a26020c2b_config-0] Register server push request handler:com.alibaba.nacos.common.remote.client.RpcClient$$Lambda$109/0x00000008012ae218
2025-09-19 16:10:42.164  INFO  [main] c.y.g.c.c.n.i.NacosConfigCenter - Rules-Config From Nacos: null
2025-09-19 16:10:42.204  WARN  [main] c.y.g.c.c.n.i.NacosConfigCenter - Failed to parse config JSON from Nacos, result is null
2025-09-19 16:10:42.239  INFO  [main] c.y.g.c.f.GatewayFilterChainFactory - load filter success:class com.yu.gateway.core.filter.auth.AuthFilter,auth_filter,auth_filter,1
2025-09-19 16:10:42.242  INFO  [main] c.y.g.c.f.GatewayFilterChainFactory - load filter success:class com.yu.gateway.core.filter.loadBalance.LoadBalanceFilter,load_balance_filter,load_balance_filter,100
2025-09-19 16:10:42.244  INFO  [main] c.y.g.c.f.GatewayFilterChainFactory - load filter success:class com.yu.gateway.core.filter.router.RouterFilter,router_filter,router_filter,2147483647
2025-09-19 16:10:42.245  INFO  [main] c.y.g.c.f.GatewayFilterChainFactory - load filter success:class com.yu.gateway.core.filter.gray.GrayFilter,gray_filter,gray_filter,4
2025-09-19 16:10:42.245  INFO  [main] c.y.g.c.f.GatewayFilterChainFactory - load filter success:class com.yu.gateway.core.filter.flow.FlowControlFilter,flow_ctl_filter,flow_ctl_filter,50
2025-09-19 16:10:42.588  WARN  [main] i.n.b.ServerBootstrap - Unknown channel option 'SO_KEEPALIVE' for channel '[id: 0x32a0371d]'
2025-09-19 16:10:42.595  INFO  [main] c.y.g.c.n.NettyHttpServer - server startup on port 8888
2025-09-19 16:10:42.595  INFO  [main] c.y.g.c.Container - api gateway starting!
2025-09-19 16:10:42.616  INFO  [main] c.a.n.c.r.client - [RpcClientFactory] create a new rpc client of d96597f7-d4ac-45ed-9ec3-5f23e03a37f7
2025-09-19 16:10:42.616  INFO  [main] c.a.n.c.r.client - [d96597f7-d4ac-45ed-9ec3-5f23e03a37f7] RpcClient init label, labels = {module=naming, source=sdk}
2025-09-19 16:10:42.617  INFO  [main] c.a.n.c.r.client - [d96597f7-d4ac-45ed-9ec3-5f23e03a37f7] RpcClient init, ServerListFactory = com.alibaba.nacos.client.naming.core.ServerListManager
2025-09-19 16:10:42.617  INFO  [main] c.a.n.c.r.client - [d96597f7-d4ac-45ed-9ec3-5f23e03a37f7] Registry connection listener to current client:com.alibaba.nacos.client.naming.remote.gprc.redo.NamingGrpcRedoService
2025-09-19 16:10:42.617  INFO  [main] c.a.n.c.r.client - [d96597f7-d4ac-45ed-9ec3-5f23e03a37f7] Register server push request handler:com.alibaba.nacos.client.naming.remote.gprc.NamingPushRequestHandler
2025-09-19 16:10:42.617  INFO  [main] c.a.n.c.r.client - [d96597f7-d4ac-45ed-9ec3-5f23e03a37f7] Try to connect to server on start up, server: {serverIp = '127.0.0.1', server main port = 8848}
2025-09-19 16:10:42.740  INFO  [main] c.a.n.c.r.client - [d96597f7-d4ac-45ed-9ec3-5f23e03a37f7] Success to connect to server [127.0.0.1:8848] on start up, connectionId = 1758269442626_127.0.0.1_53803
2025-09-19 16:10:42.740  INFO  [main] c.a.n.c.r.client - [d96597f7-d4ac-45ed-9ec3-5f23e03a37f7] Register server push request handler:com.alibaba.nacos.common.remote.client.RpcClient$ConnectResetRequestHandler
2025-09-19 16:10:42.740  INFO  [com.alibaba.nacos.client.remote.worker] c.a.n.c.r.client - [d96597f7-d4ac-45ed-9ec3-5f23e03a37f7] Notify connected event to listeners.
2025-09-19 16:10:42.740  INFO  [main] c.a.n.c.r.client - [d96597f7-d4ac-45ed-9ec3-5f23e03a37f7] Register server push request handler:com.alibaba.nacos.common.remote.client.RpcClient$$Lambda$109/0x00000008012ae218
2025-09-19 16:10:42.918  INFO  [main] c.y.g.r.c.n.i.NacosRegisterCenter - register com.yu.gateway.common.config.ServiceDefinition@5229e9b0 com.yu.gateway.common.config.ServiceInstance@39449bd7
2025-09-19 16:10:42.926  INFO  [main] c.y.g.r.c.n.i.NacosRegisterCenter - service list size 1
2025-09-19 16:10:42.931  INFO  [main] c.y.g.r.c.n.i.NacosRegisterCenter - Nacos event is {"serviceName":"api-gateway"}
2025-09-19 16:10:42.965  INFO  [main] c.y.g.c.BootStrap - refresh service and instance: api-gateway [{"gray":false,"port":8888,"registerTime":1758269442855,"enable":true,"ip":"10.19.22.108","serviceInstanceId":"10.19.22.108:8888"}]
2025-09-19 16:10:42.966  INFO  [main] c.y.g.r.c.n.i.NacosRegisterCenter - subscribe a service, serviceName api-gateway envdev
2025-09-19 16:10:43.408  INFO  [nacos-grpc-client-executor-9] c.a.n.c.r.client - [d96597f7-d4ac-45ed-9ec3-5f23e03a37f7] Receive server push request, request = NotifySubscriberRequest, requestId = 14
2025-09-19 16:10:43.408  INFO  [nacos-grpc-client-executor-9] c.a.n.c.r.client - [d96597f7-d4ac-45ed-9ec3-5f23e03a37f7] Ack server push request, request = NotifySubscriberRequest, requestId = 14
2025-09-19 16:10:52.982  INFO  [doSubscribeAllServices.0] c.y.g.r.c.n.i.NacosRegisterCenter - service list size 1
2025-09-19 16:11:03.006  INFO  [doSubscribeAllServices.0] c.y.g.r.c.n.i.NacosRegisterCenter - service list size 1
2025-09-19 16:11:13.022  INFO  [doSubscribeAllServices.0] c.y.g.r.c.n.i.NacosRegisterCenter - service list size 1
2025-09-19 16:11:23.034  INFO  [doSubscribeAllServices.0] c.y.g.r.c.n.i.NacosRegisterCenter - service list size 1
2025-09-19 16:11:33.047  INFO  [doSubscribeAllServices.0] c.y.g.r.c.n.i.NacosRegisterCenter - service list size 1
2025-09-19 16:11:43.053  INFO  [doSubscribeAllServices.0] c.y.g.r.c.n.i.NacosRegisterCenter - service list size 1
2025-09-19 16:11:53.058  INFO  [doSubscribeAllServices.0] c.y.g.r.c.n.i.NacosRegisterCenter - service list size 1
2025-09-19 16:12:03.063  INFO  [doSubscribeAllServices.0] c.y.g.r.c.n.i.NacosRegisterCenter - service list size 3
2025-09-19 16:12:03.064  INFO  [doSubscribeAllServices.0] c.y.g.r.c.n.i.NacosRegisterCenter - Nacos event is {"serviceName":"backend-user-server"}
2025-09-19 16:12:03.075  INFO  [doSubscribeAllServices.0] c.y.g.c.BootStrap - refresh service and instance: backend-user-server:1.0.0 [{"gray":false,"port":8201,"registerTime":1758269513985,"enable":true,"ip":"10.19.22.108","serviceInstanceId":"10.19.22.108:8201","weight":100,"version":"1.0.0","uniqueId":"backend-user-server:1.0.0"}]
2025-09-19 16:12:03.076  INFO  [doSubscribeAllServices.0] c.y.g.r.c.n.i.NacosRegisterCenter - subscribe a service, serviceName backend-user-server envdev
2025-09-19 16:12:03.076  INFO  [doSubscribeAllServices.0] c.y.g.r.c.n.i.NacosRegisterCenter - Nacos event is {"serviceName":"backend-http-server"}
2025-09-19 16:12:03.083  INFO  [doSubscribeAllServices.0] c.y.g.c.BootStrap - refresh service and instance: backend-http-server:1.0.0 [{"gray":false,"port":8201,"registerTime":1758269514188,"enable":true,"ip":"10.19.22.108","serviceInstanceId":"10.19.22.108:8201","weight":100,"version":"1.0.0","uniqueId":"backend-http-server:1.0.0"}]
2025-09-19 16:12:03.084  INFO  [doSubscribeAllServices.0] c.y.g.r.c.n.i.NacosRegisterCenter - subscribe a service, serviceName backend-http-server envdev
2025-09-19 16:12:03.584  INFO  [nacos-grpc-client-executor-41] c.a.n.c.r.client - [d96597f7-d4ac-45ed-9ec3-5f23e03a37f7] Receive server push request, request = NotifySubscriberRequest, requestId = 16
2025-09-19 16:12:03.585  INFO  [nacos-grpc-client-executor-41] c.a.n.c.r.client - [d96597f7-d4ac-45ed-9ec3-5f23e03a37f7] Ack server push request, request = NotifySubscriberRequest, requestId = 16
2025-09-19 16:12:03.589  INFO  [nacos-grpc-client-executor-42] c.a.n.c.r.client - [d96597f7-d4ac-45ed-9ec3-5f23e03a37f7] Receive server push request, request = NotifySubscriberRequest, requestId = 15
2025-09-19 16:12:03.589  INFO  [nacos-grpc-client-executor-42] c.a.n.c.r.client - [d96597f7-d4ac-45ed-9ec3-5f23e03a37f7] Ack server push request, request = NotifySubscriberRequest, requestId = 15
2025-09-19 16:12:13.101  INFO  [doSubscribeAllServices.0] c.y.g.r.c.n.i.NacosRegisterCenter - service list size 3
2025-09-19 16:12:23.108  INFO  [doSubscribeAllServices.0] c.y.g.r.c.n.i.NacosRegisterCenter - service list size 3
2025-09-19 16:12:33.114  INFO  [doSubscribeAllServices.0] c.y.g.r.c.n.i.NacosRegisterCenter - service list size 3
2025-09-19 16:12:43.120  INFO  [doSubscribeAllServices.0] c.y.g.r.c.n.i.NacosRegisterCenter - service list size 3
2025-09-19 16:12:53.126  INFO  [doSubscribeAllServices.0] c.y.g.r.c.n.i.NacosRegisterCenter - service list size 3
2025-09-19 16:13:03.017  WARN  [Thread-3] c.a.n.c.n.NotifyCenter - [NotifyCenter] Start destroying Publisher
2025-09-19 16:13:03.018  WARN  [Thread-0] c.a.n.c.h.HttpClientBeanHolder - [HttpClientBeanHolder] Start destroying common HttpClient
2025-09-19 16:13:03.018  WARN  [Thread-3] c.a.n.c.n.NotifyCenter - [NotifyCenter] Destruction of the end
2025-09-19 16:13:03.019  WARN  [Thread-0] c.a.n.c.h.HttpClientBeanHolder - [HttpClientBeanHolder] Destruction of the end
2025-09-19 16:16:04.484  INFO  [main] c.a.n.c.r.client - [RpcClientFactory] create a new rpc client of aaa7d7f3-09d8-4877-977e-a0eb242c18e1_config-0
2025-09-19 16:16:04.533  INFO  [main] o.r.Reflections - Reflections took 23 ms to scan 1 urls, producing 3 keys and 6 values 
2025-09-19 16:16:04.569  INFO  [main] o.r.Reflections - Reflections took 9 ms to scan 1 urls, producing 4 keys and 9 values 
2025-09-19 16:16:04.578  INFO  [main] o.r.Reflections - Reflections took 7 ms to scan 1 urls, producing 3 keys and 10 values 
2025-09-19 16:16:04.583  WARN  [main] o.r.Reflections - given scan urls are empty. set urls in the configuration
2025-09-19 16:16:04.588  INFO  [main] o.r.Reflections - Reflections took 4 ms to scan 1 urls, producing 1 keys and 5 values 
2025-09-19 16:16:04.594  INFO  [main] o.r.Reflections - Reflections took 4 ms to scan 1 urls, producing 1 keys and 7 values 
2025-09-19 16:16:04.601  INFO  [main] o.r.Reflections - Reflections took 3 ms to scan 1 urls, producing 2 keys and 8 values 
2025-09-19 16:16:04.603  WARN  [main] o.r.Reflections - given scan urls are empty. set urls in the configuration
2025-09-19 16:16:04.605  INFO  [main] c.a.n.c.r.client - [aaa7d7f3-09d8-4877-977e-a0eb242c18e1_config-0] RpcClient init label, labels = {module=config, Vipserver-Tag=null, source=sdk, Amory-Tag=null, Location-Tag=null, taskId=0, AppName=unknown}
2025-09-19 16:16:04.606  INFO  [main] c.a.n.c.r.client - [aaa7d7f3-09d8-4877-977e-a0eb242c18e1_config-0] Register server push request handler:com.alibaba.nacos.client.config.impl.ClientWorker$ConfigRpcTransportClient$$Lambda$70/0x0000000801109b38
2025-09-19 16:16:04.607  INFO  [main] c.a.n.c.r.client - [aaa7d7f3-09d8-4877-977e-a0eb242c18e1_config-0] Register server push request handler:com.alibaba.nacos.client.config.impl.ClientWorker$ConfigRpcTransportClient$$Lambda$71/0x0000000801109d48
2025-09-19 16:16:04.608  INFO  [main] c.a.n.c.r.client - [aaa7d7f3-09d8-4877-977e-a0eb242c18e1_config-0] Registry connection listener to current client:com.alibaba.nacos.client.config.impl.ClientWorker$ConfigRpcTransportClient$1
2025-09-19 16:16:04.609  INFO  [main] c.a.n.c.r.client - [aaa7d7f3-09d8-4877-977e-a0eb242c18e1_config-0] RpcClient init, ServerListFactory = com.alibaba.nacos.client.config.impl.ClientWorker$ConfigRpcTransportClient$2
2025-09-19 16:16:04.622  INFO  [main] c.a.n.c.r.client - [aaa7d7f3-09d8-4877-977e-a0eb242c18e1_config-0] Try to connect to server on start up, server: {serverIp = '127.0.0.1', server main port = 8848}
2025-09-19 16:16:05.391  INFO  [main] c.a.n.c.r.client - [aaa7d7f3-09d8-4877-977e-a0eb242c18e1_config-0] Success to connect to server [127.0.0.1:8848] on start up, connectionId = 1758269765224_127.0.0.1_54690
2025-09-19 16:16:05.391  INFO  [com.alibaba.nacos.client.remote.worker] c.a.n.c.r.client - [aaa7d7f3-09d8-4877-977e-a0eb242c18e1_config-0] Notify connected event to listeners.
2025-09-19 16:16:05.392  INFO  [main] c.a.n.c.r.client - [aaa7d7f3-09d8-4877-977e-a0eb242c18e1_config-0] Register server push request handler:com.alibaba.nacos.common.remote.client.RpcClient$ConnectResetRequestHandler
2025-09-19 16:16:05.392  INFO  [main] c.a.n.c.r.client - [aaa7d7f3-09d8-4877-977e-a0eb242c18e1_config-0] Register server push request handler:com.alibaba.nacos.common.remote.client.RpcClient$$Lambda$109/0x00000008012ae650
2025-09-19 16:16:05.429  INFO  [main] c.y.g.c.c.n.i.NacosConfigCenter - Rules-Config From Nacos: null
2025-09-19 16:16:05.462  WARN  [main] c.y.g.c.c.n.i.NacosConfigCenter - Failed to parse config JSON from Nacos, result is null
2025-09-19 16:16:05.492  INFO  [main] c.y.g.c.f.GatewayFilterChainFactory - load filter success:class com.yu.gateway.core.filter.auth.AuthFilter,auth_filter,auth_filter,1
2025-09-19 16:16:05.495  INFO  [main] c.y.g.c.f.GatewayFilterChainFactory - load filter success:class com.yu.gateway.core.filter.loadBalance.LoadBalanceFilter,load_balance_filter,load_balance_filter,100
2025-09-19 16:16:05.496  INFO  [main] c.y.g.c.f.GatewayFilterChainFactory - load filter success:class com.yu.gateway.core.filter.router.RouterFilter,router_filter,router_filter,2147483647
2025-09-19 16:16:05.497  INFO  [main] c.y.g.c.f.GatewayFilterChainFactory - load filter success:class com.yu.gateway.core.filter.gray.GrayFilter,gray_filter,gray_filter,4
2025-09-19 16:16:05.497  INFO  [main] c.y.g.c.f.GatewayFilterChainFactory - load filter success:class com.yu.gateway.core.filter.flow.FlowControlFilter,flow_ctl_filter,flow_ctl_filter,50
2025-09-19 16:16:05.802  WARN  [main] i.n.b.ServerBootstrap - Unknown channel option 'SO_KEEPALIVE' for channel '[id: 0x5958afde]'
2025-09-19 16:16:05.809  INFO  [main] c.y.g.c.n.NettyHttpServer - server startup on port 8888
2025-09-19 16:16:05.810  INFO  [main] c.y.g.c.Container - api gateway starting!
2025-09-19 16:16:05.824  INFO  [main] c.a.n.c.r.client - [RpcClientFactory] create a new rpc client of 6561b482-5ae1-418d-99b0-33b875b15548
2025-09-19 16:16:05.824  INFO  [main] c.a.n.c.r.client - [6561b482-5ae1-418d-99b0-33b875b15548] RpcClient init label, labels = {module=naming, source=sdk}
2025-09-19 16:16:05.826  INFO  [main] c.a.n.c.r.client - [6561b482-5ae1-418d-99b0-33b875b15548] RpcClient init, ServerListFactory = com.alibaba.nacos.client.naming.core.ServerListManager
2025-09-19 16:16:05.826  INFO  [main] c.a.n.c.r.client - [6561b482-5ae1-418d-99b0-33b875b15548] Registry connection listener to current client:com.alibaba.nacos.client.naming.remote.gprc.redo.NamingGrpcRedoService
2025-09-19 16:16:05.827  INFO  [main] c.a.n.c.r.client - [6561b482-5ae1-418d-99b0-33b875b15548] Register server push request handler:com.alibaba.nacos.client.naming.remote.gprc.NamingPushRequestHandler
2025-09-19 16:16:05.827  INFO  [main] c.a.n.c.r.client - [6561b482-5ae1-418d-99b0-33b875b15548] Try to connect to server on start up, server: {serverIp = '127.0.0.1', server main port = 8848}
2025-09-19 16:16:05.941  INFO  [main] c.a.n.c.r.client - [6561b482-5ae1-418d-99b0-33b875b15548] Success to connect to server [127.0.0.1:8848] on start up, connectionId = 1758269765833_127.0.0.1_54691
2025-09-19 16:16:05.941  INFO  [main] c.a.n.c.r.client - [6561b482-5ae1-418d-99b0-33b875b15548] Register server push request handler:com.alibaba.nacos.common.remote.client.RpcClient$ConnectResetRequestHandler
2025-09-19 16:16:05.941  INFO  [main] c.a.n.c.r.client - [6561b482-5ae1-418d-99b0-33b875b15548] Register server push request handler:com.alibaba.nacos.common.remote.client.RpcClient$$Lambda$109/0x00000008012ae650
2025-09-19 16:16:05.941  INFO  [com.alibaba.nacos.client.remote.worker] c.a.n.c.r.client - [6561b482-5ae1-418d-99b0-33b875b15548] Notify connected event to listeners.
2025-09-19 16:16:06.177  INFO  [main] c.y.g.r.c.n.i.NacosRegisterCenter - register com.yu.gateway.common.config.ServiceDefinition@5229e9b0 com.yu.gateway.common.config.ServiceInstance@39449bd7
2025-09-19 16:16:06.183  INFO  [main] c.y.g.r.c.n.i.NacosRegisterCenter - service list size 3
2025-09-19 16:16:06.187  INFO  [main] c.y.g.r.c.n.i.NacosRegisterCenter - Nacos event is {"serviceName":"backend-user-server"}
2025-09-19 16:16:06.216  INFO  [main] c.y.g.c.BootStrap - refresh service and instance: backend-user-server:1.0.0 []
2025-09-19 16:16:06.218  INFO  [main] c.y.g.r.c.n.i.NacosRegisterCenter - subscribe a service, serviceName backend-user-server envdev
2025-09-19 16:16:06.218  INFO  [main] c.y.g.r.c.n.i.NacosRegisterCenter - Nacos event is {"serviceName":"backend-http-server"}
2025-09-19 16:16:06.224  INFO  [main] c.y.g.c.BootStrap - refresh service and instance: backend-http-server:1.0.0 []
2025-09-19 16:16:06.224  INFO  [main] c.y.g.r.c.n.i.NacosRegisterCenter - subscribe a service, serviceName backend-http-server envdev
2025-09-19 16:16:06.224  INFO  [main] c.y.g.r.c.n.i.NacosRegisterCenter - Nacos event is {"serviceName":"api-gateway"}
2025-09-19 16:16:06.234  INFO  [main] c.y.g.c.BootStrap - refresh service and instance: api-gateway [{"gray":false,"port":8888,"registerTime":1758269766124,"enable":true,"ip":"10.19.22.108","serviceInstanceId":"10.19.22.108:8888"}]
2025-09-19 16:16:06.234  INFO  [main] c.y.g.r.c.n.i.NacosRegisterCenter - subscribe a service, serviceName api-gateway envdev
2025-09-19 16:16:06.685  INFO  [nacos-grpc-client-executor-12] c.a.n.c.r.client - [6561b482-5ae1-418d-99b0-33b875b15548] Receive server push request, request = NotifySubscriberRequest, requestId = 17
2025-09-19 16:16:06.685  INFO  [nacos-grpc-client-executor-12] c.a.n.c.r.client - [6561b482-5ae1-418d-99b0-33b875b15548] Ack server push request, request = NotifySubscriberRequest, requestId = 17
2025-09-19 16:16:06.786  INFO  [nacos-grpc-client-executor-13] c.a.n.c.r.client - [6561b482-5ae1-418d-99b0-33b875b15548] Receive server push request, request = NotifySubscriberRequest, requestId = 18
2025-09-19 16:16:06.787  INFO  [nacos-grpc-client-executor-13] c.a.n.c.r.client - [6561b482-5ae1-418d-99b0-33b875b15548] Ack server push request, request = NotifySubscriberRequest, requestId = 18
2025-09-19 16:16:06.791  INFO  [nacos-grpc-client-executor-14] c.a.n.c.r.client - [6561b482-5ae1-418d-99b0-33b875b15548] Receive server push request, request = NotifySubscriberRequest, requestId = 19
2025-09-19 16:16:06.792  INFO  [nacos-grpc-client-executor-14] c.a.n.c.r.client - [6561b482-5ae1-418d-99b0-33b875b15548] Ack server push request, request = NotifySubscriberRequest, requestId = 19
2025-09-19 16:16:16.243  INFO  [doSubscribeAllServices.0] c.y.g.r.c.n.i.NacosRegisterCenter - service list size 3
2025-09-19 16:16:26.251  INFO  [doSubscribeAllServices.0] c.y.g.r.c.n.i.NacosRegisterCenter - service list size 3
2025-09-19 16:16:33.567  INFO  [nacos-grpc-client-executor-30] c.a.n.c.r.client - [6561b482-5ae1-418d-99b0-33b875b15548] Receive server push request, request = NotifySubscriberRequest, requestId = 20
2025-09-19 16:16:33.569  INFO  [nacos-grpc-client-executor-30] c.a.n.c.r.client - [6561b482-5ae1-418d-99b0-33b875b15548] Ack server push request, request = NotifySubscriberRequest, requestId = 20
2025-09-19 16:16:33.572  INFO  [nacos.publisher-com.alibaba.nacos.client.naming.event.InstancesChangeEvent] c.y.g.r.c.n.i.NacosRegisterCenter - Nacos event is {"groupName":"dev","instances":[{"metadata":{"meta":"{\"enable\":true,\"gray\":false,\"ip\":\"10.19.22.108\",\"port\":8201,\"registerTime\":1758269793504,\"serviceInstanceId\":\"10.19.22.108:8201\",\"uniqueId\":\"backend-http-server:1.0.0\",\"version\":\"1.0.0\",\"weight\":100}"},"ip":"10.19.22.108","instanceHeartBeatTimeOut":15000,"ephemeral":true,"weight":1.0,"serviceName":"dev@@backend-http-server","enabled":true,"ipDeleteTimeout":30000,"instanceHeartBeatInterval":5000,"instanceId":"10.19.22.108:8201","port":8201,"healthy":true,"clusterName":"DEFAULT"}],"serviceName":"backend-http-server","clusters":""}
2025-09-19 16:16:33.583  INFO  [nacos.publisher-com.alibaba.nacos.client.naming.event.InstancesChangeEvent] c.y.g.c.BootStrap - refresh service and instance: backend-http-server:1.0.0 [{"gray":false,"port":8201,"registerTime":1758269793504,"enable":true,"ip":"10.19.22.108","serviceInstanceId":"10.19.22.108:8201","weight":100,"version":"1.0.0","uniqueId":"backend-http-server:1.0.0"}]
2025-09-19 16:16:33.893  INFO  [nacos-grpc-client-executor-31] c.a.n.c.r.client - [6561b482-5ae1-418d-99b0-33b875b15548] Receive server push request, request = NotifySubscriberRequest, requestId = 21
2025-09-19 16:16:33.895  INFO  [nacos.publisher-com.alibaba.nacos.client.naming.event.InstancesChangeEvent] c.y.g.r.c.n.i.NacosRegisterCenter - Nacos event is {"groupName":"dev","instances":[{"metadata":{"meta":"{\"enable\":true,\"gray\":false,\"ip\":\"10.19.22.108\",\"port\":8201,\"registerTime\":1758269793811,\"serviceInstanceId\":\"10.19.22.108:8201\",\"uniqueId\":\"backend-user-server:1.0.0\",\"version\":\"1.0.0\",\"weight\":100}"},"ip":"10.19.22.108","instanceHeartBeatTimeOut":15000,"ephemeral":true,"weight":1.0,"serviceName":"dev@@backend-user-server","enabled":true,"ipDeleteTimeout":30000,"instanceHeartBeatInterval":5000,"instanceId":"10.19.22.108:8201","port":8201,"healthy":true,"clusterName":"DEFAULT"}],"serviceName":"backend-user-server","clusters":""}
2025-09-19 16:16:33.896  INFO  [nacos-grpc-client-executor-31] c.a.n.c.r.client - [6561b482-5ae1-418d-99b0-33b875b15548] Ack server push request, request = NotifySubscriberRequest, requestId = 21
2025-09-19 16:16:33.898  INFO  [nacos.publisher-com.alibaba.nacos.client.naming.event.InstancesChangeEvent] c.y.g.c.BootStrap - refresh service and instance: backend-user-server:1.0.0 [{"gray":false,"port":8201,"registerTime":1758269793811,"enable":true,"ip":"10.19.22.108","serviceInstanceId":"10.19.22.108:8201","weight":100,"version":"1.0.0","uniqueId":"backend-user-server:1.0.0"}]
2025-09-19 16:16:34.113  INFO  [nacos-grpc-client-executor-32] c.a.n.c.r.client - [6561b482-5ae1-418d-99b0-33b875b15548] Receive server push request, request = NotifySubscriberRequest, requestId = 22
2025-09-19 16:16:34.114  INFO  [nacos.publisher-com.alibaba.nacos.client.naming.event.InstancesChangeEvent] c.y.g.r.c.n.i.NacosRegisterCenter - Nacos event is {"groupName":"dev","instances":[{"metadata":{"meta":"{\"enable\":true,\"gray\":false,\"ip\":\"10.19.22.108\",\"port\":8201,\"registerTime\":1758269793709,\"serviceInstanceId\":\"10.19.22.108:8201\",\"uniqueId\":\"backend-http-server:1.0.0\",\"version\":\"1.0.0\",\"weight\":100}"},"ip":"10.19.22.108","instanceHeartBeatTimeOut":15000,"ephemeral":true,"weight":1.0,"serviceName":"dev@@backend-http-server","enabled":true,"ipDeleteTimeout":30000,"instanceHeartBeatInterval":5000,"instanceId":"10.19.22.108:8201","port":8201,"healthy":true,"clusterName":"DEFAULT"}],"serviceName":"backend-http-server","clusters":""}
2025-09-19 16:16:34.114  INFO  [nacos-grpc-client-executor-32] c.a.n.c.r.client - [6561b482-5ae1-418d-99b0-33b875b15548] Ack server push request, request = NotifySubscriberRequest, requestId = 22
2025-09-19 16:16:34.118  INFO  [nacos.publisher-com.alibaba.nacos.client.naming.event.InstancesChangeEvent] c.y.g.c.BootStrap - refresh service and instance: backend-http-server:1.0.0 [{"gray":false,"port":8201,"registerTime":1758269793709,"enable":true,"ip":"10.19.22.108","serviceInstanceId":"10.19.22.108:8201","weight":100,"version":"1.0.0","uniqueId":"backend-http-server:1.0.0"}]
2025-09-19 16:16:36.255  INFO  [doSubscribeAllServices.0] c.y.g.r.c.n.i.NacosRegisterCenter - service list size 3
2025-09-19 16:16:39.063  ERROR [ParallelQueueHandlergateway-queue--pool-0] c.y.g.c.n.p.NettyCoreProcessor - 处理未知错误
java.lang.IllegalArgumentException: Missing required header: uniqueId
	at com.yu.gateway.core.helper.RequestHelper.doRequest(RequestHelper.java:60)
	at com.yu.gateway.core.helper.RequestHelper.doContext(RequestHelper.java:32)
	at com.yu.gateway.core.netty.processor.NettyCoreProcessor.process(NettyCoreProcessor.java:44)
	at com.yu.gateway.core.netty.processor.DisruptorNettyCoreProcessor$BatchEventListenerProcessor.onEvent(DisruptorNettyCoreProcessor.java:85)
	at com.yu.gateway.core.netty.processor.DisruptorNettyCoreProcessor$BatchEventListenerProcessor.onEvent(DisruptorNettyCoreProcessor.java:81)
	at com.yu.gateway.core.disruptor.ParallelQueueHandler$HolderWorkHandler.onEvent(ParallelQueueHandler.java:202)
	at com.yu.gateway.core.disruptor.ParallelQueueHandler$HolderWorkHandler.onEvent(ParallelQueueHandler.java:199)
	at com.lmax.disruptor.WorkProcessor.run(WorkProcessor.java:143)
	at java.base/java.util.concurrent.ThreadPoolExecutor.runWorker(ThreadPoolExecutor.java:1144)
	at java.base/java.util.concurrent.ThreadPoolExecutor$Worker.run(ThreadPoolExecutor.java:642)
	at java.base/java.lang.Thread.run(Thread.java:1589)
2025-09-19 16:16:46.276  INFO  [doSubscribeAllServices.0] c.y.g.r.c.n.i.NacosRegisterCenter - service list size 3
2025-09-19 16:16:56.286  INFO  [doSubscribeAllServices.0] c.y.g.r.c.n.i.NacosRegisterCenter - service list size 3
2025-09-19 16:17:06.295  INFO  [doSubscribeAllServices.0] c.y.g.r.c.n.i.NacosRegisterCenter - service list size 3
2025-09-19 16:17:16.305  INFO  [doSubscribeAllServices.0] c.y.g.r.c.n.i.NacosRegisterCenter - service list size 3
2025-09-19 16:17:26.313  INFO  [doSubscribeAllServices.0] c.y.g.r.c.n.i.NacosRegisterCenter - service list size 3
2025-09-19 16:17:36.325  INFO  [doSubscribeAllServices.0] c.y.g.r.c.n.i.NacosRegisterCenter - service list size 3
2025-09-19 16:17:46.340  INFO  [doSubscribeAllServices.0] c.y.g.r.c.n.i.NacosRegisterCenter - service list size 3
2025-09-19 16:17:56.360  INFO  [doSubscribeAllServices.0] c.y.g.r.c.n.i.NacosRegisterCenter - service list size 3
2025-09-19 16:18:06.367  INFO  [doSubscribeAllServices.0] c.y.g.r.c.n.i.NacosRegisterCenter - service list size 3
2025-09-19 16:18:16.373  INFO  [doSubscribeAllServices.0] c.y.g.r.c.n.i.NacosRegisterCenter - service list size 3
2025-09-19 16:18:26.379  INFO  [doSubscribeAllServices.0] c.y.g.r.c.n.i.NacosRegisterCenter - service list size 3
2025-09-19 16:18:36.388  INFO  [doSubscribeAllServices.0] c.y.g.r.c.n.i.NacosRegisterCenter - service list size 3
2025-09-19 16:18:46.394  INFO  [doSubscribeAllServices.0] c.y.g.r.c.n.i.NacosRegisterCenter - service list size 3
2025-09-19 16:18:56.399  INFO  [doSubscribeAllServices.0] c.y.g.r.c.n.i.NacosRegisterCenter - service list size 3
2025-09-19 16:19:06.403  INFO  [doSubscribeAllServices.0] c.y.g.r.c.n.i.NacosRegisterCenter - service list size 3
2025-09-19 16:19:16.408  INFO  [doSubscribeAllServices.0] c.y.g.r.c.n.i.NacosRegisterCenter - service list size 3
2025-09-19 16:19:26.418  INFO  [doSubscribeAllServices.0] c.y.g.r.c.n.i.NacosRegisterCenter - service list size 3
2025-09-19 16:19:33.421  ERROR [ParallelQueueHandlergateway-queue--pool-2] c.y.g.c.n.p.NettyCoreProcessor - 处理未知错误
java.lang.IllegalArgumentException: Missing required header: uniqueId
	at com.yu.gateway.core.helper.RequestHelper.doRequest(RequestHelper.java:60)
	at com.yu.gateway.core.helper.RequestHelper.doContext(RequestHelper.java:32)
	at com.yu.gateway.core.netty.processor.NettyCoreProcessor.process(NettyCoreProcessor.java:44)
	at com.yu.gateway.core.netty.processor.DisruptorNettyCoreProcessor$BatchEventListenerProcessor.onEvent(DisruptorNettyCoreProcessor.java:85)
	at com.yu.gateway.core.netty.processor.DisruptorNettyCoreProcessor$BatchEventListenerProcessor.onEvent(DisruptorNettyCoreProcessor.java:81)
	at com.yu.gateway.core.disruptor.ParallelQueueHandler$HolderWorkHandler.onEvent(ParallelQueueHandler.java:202)
	at com.yu.gateway.core.disruptor.ParallelQueueHandler$HolderWorkHandler.onEvent(ParallelQueueHandler.java:199)
	at com.lmax.disruptor.WorkProcessor.run(WorkProcessor.java:143)
	at java.base/java.util.concurrent.ThreadPoolExecutor.runWorker(ThreadPoolExecutor.java:1144)
	at java.base/java.util.concurrent.ThreadPoolExecutor$Worker.run(ThreadPoolExecutor.java:642)
	at java.base/java.lang.Thread.run(Thread.java:1589)
2025-09-19 16:19:34.450  ERROR [ParallelQueueHandlergateway-queue--pool-3] c.y.g.c.n.p.NettyCoreProcessor - 处理未知错误
java.lang.IllegalArgumentException: Missing required header: uniqueId
	at com.yu.gateway.core.helper.RequestHelper.doRequest(RequestHelper.java:60)
	at com.yu.gateway.core.helper.RequestHelper.doContext(RequestHelper.java:32)
	at com.yu.gateway.core.netty.processor.NettyCoreProcessor.process(NettyCoreProcessor.java:44)
	at com.yu.gateway.core.netty.processor.DisruptorNettyCoreProcessor$BatchEventListenerProcessor.onEvent(DisruptorNettyCoreProcessor.java:85)
	at com.yu.gateway.core.netty.processor.DisruptorNettyCoreProcessor$BatchEventListenerProcessor.onEvent(DisruptorNettyCoreProcessor.java:81)
	at com.yu.gateway.core.disruptor.ParallelQueueHandler$HolderWorkHandler.onEvent(ParallelQueueHandler.java:202)
	at com.yu.gateway.core.disruptor.ParallelQueueHandler$HolderWorkHandler.onEvent(ParallelQueueHandler.java:199)
	at com.lmax.disruptor.WorkProcessor.run(WorkProcessor.java:143)
	at java.base/java.util.concurrent.ThreadPoolExecutor.runWorker(ThreadPoolExecutor.java:1144)
	at java.base/java.util.concurrent.ThreadPoolExecutor$Worker.run(ThreadPoolExecutor.java:642)
	at java.base/java.lang.Thread.run(Thread.java:1589)
2025-09-19 16:19:35.996  ERROR [ParallelQueueHandlergateway-queue--pool-4] c.y.g.c.n.p.NettyCoreProcessor - 处理未知错误
java.lang.IllegalArgumentException: Missing required header: uniqueId
	at com.yu.gateway.core.helper.RequestHelper.doRequest(RequestHelper.java:60)
	at com.yu.gateway.core.helper.RequestHelper.doContext(RequestHelper.java:32)
	at com.yu.gateway.core.netty.processor.NettyCoreProcessor.process(NettyCoreProcessor.java:44)
	at com.yu.gateway.core.netty.processor.DisruptorNettyCoreProcessor$BatchEventListenerProcessor.onEvent(DisruptorNettyCoreProcessor.java:85)
	at com.yu.gateway.core.netty.processor.DisruptorNettyCoreProcessor$BatchEventListenerProcessor.onEvent(DisruptorNettyCoreProcessor.java:81)
	at com.yu.gateway.core.disruptor.ParallelQueueHandler$HolderWorkHandler.onEvent(ParallelQueueHandler.java:202)
	at com.yu.gateway.core.disruptor.ParallelQueueHandler$HolderWorkHandler.onEvent(ParallelQueueHandler.java:199)
	at com.lmax.disruptor.WorkProcessor.run(WorkProcessor.java:143)
	at java.base/java.util.concurrent.ThreadPoolExecutor.runWorker(ThreadPoolExecutor.java:1144)
	at java.base/java.util.concurrent.ThreadPoolExecutor$Worker.run(ThreadPoolExecutor.java:642)
	at java.base/java.lang.Thread.run(Thread.java:1589)
2025-09-19 16:19:36.054  ERROR [ParallelQueueHandlergateway-queue--pool-1] c.y.g.c.n.p.NettyCoreProcessor - 处理未知错误
java.lang.IllegalArgumentException: Missing required header: uniqueId
	at com.yu.gateway.core.helper.RequestHelper.doRequest(RequestHelper.java:60)
	at com.yu.gateway.core.helper.RequestHelper.doContext(RequestHelper.java:32)
	at com.yu.gateway.core.netty.processor.NettyCoreProcessor.process(NettyCoreProcessor.java:44)
	at com.yu.gateway.core.netty.processor.DisruptorNettyCoreProcessor$BatchEventListenerProcessor.onEvent(DisruptorNettyCoreProcessor.java:85)
	at com.yu.gateway.core.netty.processor.DisruptorNettyCoreProcessor$BatchEventListenerProcessor.onEvent(DisruptorNettyCoreProcessor.java:81)
	at com.yu.gateway.core.disruptor.ParallelQueueHandler$HolderWorkHandler.onEvent(ParallelQueueHandler.java:202)
	at com.yu.gateway.core.disruptor.ParallelQueueHandler$HolderWorkHandler.onEvent(ParallelQueueHandler.java:199)
	at com.lmax.disruptor.WorkProcessor.run(WorkProcessor.java:143)
	at java.base/java.util.concurrent.ThreadPoolExecutor.runWorker(ThreadPoolExecutor.java:1144)
	at java.base/java.util.concurrent.ThreadPoolExecutor$Worker.run(ThreadPoolExecutor.java:642)
	at java.base/java.lang.Thread.run(Thread.java:1589)
2025-09-19 16:19:36.444  INFO  [doSubscribeAllServices.0] c.y.g.r.c.n.i.NacosRegisterCenter - service list size 3
2025-09-19 16:19:37.213  ERROR [ParallelQueueHandlergateway-queue--pool-5] c.y.g.c.n.p.NettyCoreProcessor - 处理未知错误
java.lang.IllegalArgumentException: Missing required header: uniqueId
	at com.yu.gateway.core.helper.RequestHelper.doRequest(RequestHelper.java:60)
	at com.yu.gateway.core.helper.RequestHelper.doContext(RequestHelper.java:32)
	at com.yu.gateway.core.netty.processor.NettyCoreProcessor.process(NettyCoreProcessor.java:44)
	at com.yu.gateway.core.netty.processor.DisruptorNettyCoreProcessor$BatchEventListenerProcessor.onEvent(DisruptorNettyCoreProcessor.java:85)
	at com.yu.gateway.core.netty.processor.DisruptorNettyCoreProcessor$BatchEventListenerProcessor.onEvent(DisruptorNettyCoreProcessor.java:81)
	at com.yu.gateway.core.disruptor.ParallelQueueHandler$HolderWorkHandler.onEvent(ParallelQueueHandler.java:202)
	at com.yu.gateway.core.disruptor.ParallelQueueHandler$HolderWorkHandler.onEvent(ParallelQueueHandler.java:199)
	at com.lmax.disruptor.WorkProcessor.run(WorkProcessor.java:143)
	at java.base/java.util.concurrent.ThreadPoolExecutor.runWorker(ThreadPoolExecutor.java:1144)
	at java.base/java.util.concurrent.ThreadPoolExecutor$Worker.run(ThreadPoolExecutor.java:642)
	at java.base/java.lang.Thread.run(Thread.java:1589)
2025-09-19 16:19:37.268  ERROR [ParallelQueueHandlergateway-queue--pool-6] c.y.g.c.n.p.NettyCoreProcessor - 处理未知错误
java.lang.IllegalArgumentException: Missing required header: uniqueId
	at com.yu.gateway.core.helper.RequestHelper.doRequest(RequestHelper.java:60)
	at com.yu.gateway.core.helper.RequestHelper.doContext(RequestHelper.java:32)
	at com.yu.gateway.core.netty.processor.NettyCoreProcessor.process(NettyCoreProcessor.java:44)
	at com.yu.gateway.core.netty.processor.DisruptorNettyCoreProcessor$BatchEventListenerProcessor.onEvent(DisruptorNettyCoreProcessor.java:85)
	at com.yu.gateway.core.netty.processor.DisruptorNettyCoreProcessor$BatchEventListenerProcessor.onEvent(DisruptorNettyCoreProcessor.java:81)
	at com.yu.gateway.core.disruptor.ParallelQueueHandler$HolderWorkHandler.onEvent(ParallelQueueHandler.java:202)
	at com.yu.gateway.core.disruptor.ParallelQueueHandler$HolderWorkHandler.onEvent(ParallelQueueHandler.java:199)
	at com.lmax.disruptor.WorkProcessor.run(WorkProcessor.java:143)
	at java.base/java.util.concurrent.ThreadPoolExecutor.runWorker(ThreadPoolExecutor.java:1144)
	at java.base/java.util.concurrent.ThreadPoolExecutor$Worker.run(ThreadPoolExecutor.java:642)
	at java.base/java.lang.Thread.run(Thread.java:1589)
2025-09-19 16:19:46.449  INFO  [doSubscribeAllServices.0] c.y.g.r.c.n.i.NacosRegisterCenter - service list size 3
2025-09-19 16:19:56.454  INFO  [doSubscribeAllServices.0] c.y.g.r.c.n.i.NacosRegisterCenter - service list size 3
2025-09-19 16:20:06.458  INFO  [doSubscribeAllServices.0] c.y.g.r.c.n.i.NacosRegisterCenter - service list size 3
2025-09-19 16:20:16.465  INFO  [doSubscribeAllServices.0] c.y.g.r.c.n.i.NacosRegisterCenter - service list size 3
2025-09-19 16:20:26.470  INFO  [doSubscribeAllServices.0] c.y.g.r.c.n.i.NacosRegisterCenter - service list size 3
2025-09-19 16:20:36.475  INFO  [doSubscribeAllServices.0] c.y.g.r.c.n.i.NacosRegisterCenter - service list size 3
2025-09-19 16:20:46.481  INFO  [doSubscribeAllServices.0] c.y.g.r.c.n.i.NacosRegisterCenter - service list size 3
2025-09-19 16:20:56.487  INFO  [doSubscribeAllServices.0] c.y.g.r.c.n.i.NacosRegisterCenter - service list size 3
2025-09-19 16:21:06.492  INFO  [doSubscribeAllServices.0] c.y.g.r.c.n.i.NacosRegisterCenter - service list size 3
2025-09-19 16:21:16.497  INFO  [doSubscribeAllServices.0] c.y.g.r.c.n.i.NacosRegisterCenter - service list size 3
2025-09-19 16:21:26.515  INFO  [doSubscribeAllServices.0] c.y.g.r.c.n.i.NacosRegisterCenter - service list size 3
2025-09-19 16:21:36.520  INFO  [doSubscribeAllServices.0] c.y.g.r.c.n.i.NacosRegisterCenter - service list size 3
2025-09-19 16:21:46.526  INFO  [doSubscribeAllServices.0] c.y.g.r.c.n.i.NacosRegisterCenter - service list size 3
2025-09-19 16:21:56.530  INFO  [doSubscribeAllServices.0] c.y.g.r.c.n.i.NacosRegisterCenter - service list size 3
2025-09-19 16:22:06.536  INFO  [doSubscribeAllServices.0] c.y.g.r.c.n.i.NacosRegisterCenter - service list size 3
2025-09-19 16:22:16.541  INFO  [doSubscribeAllServices.0] c.y.g.r.c.n.i.NacosRegisterCenter - service list size 3
2025-09-19 16:22:26.553  INFO  [doSubscribeAllServices.0] c.y.g.r.c.n.i.NacosRegisterCenter - service list size 3
2025-09-19 16:22:36.561  INFO  [doSubscribeAllServices.0] c.y.g.r.c.n.i.NacosRegisterCenter - service list size 3
2025-09-19 16:22:46.577  INFO  [doSubscribeAllServices.0] c.y.g.r.c.n.i.NacosRegisterCenter - service list size 3
2025-09-19 16:22:56.582  INFO  [doSubscribeAllServices.0] c.y.g.r.c.n.i.NacosRegisterCenter - service list size 3
2025-09-19 16:23:06.589  INFO  [doSubscribeAllServices.0] c.y.g.r.c.n.i.NacosRegisterCenter - service list size 3
2025-09-19 16:23:16.598  INFO  [doSubscribeAllServices.0] c.y.g.r.c.n.i.NacosRegisterCenter - service list size 3
2025-09-19 16:23:26.601  INFO  [doSubscribeAllServices.0] c.y.g.r.c.n.i.NacosRegisterCenter - service list size 3
2025-09-19 16:23:36.608  INFO  [doSubscribeAllServices.0] c.y.g.r.c.n.i.NacosRegisterCenter - service list size 3
2025-09-19 16:23:46.615  INFO  [doSubscribeAllServices.0] c.y.g.r.c.n.i.NacosRegisterCenter - service list size 3
2025-09-19 16:23:53.256  INFO  [nacos-grpc-client-executor-188] c.a.n.c.r.client - [6561b482-5ae1-418d-99b0-33b875b15548] Receive server push request, request = NotifySubscriberRequest, requestId = 24
2025-09-19 16:23:53.258  INFO  [nacos.publisher-com.alibaba.nacos.client.naming.event.InstancesChangeEvent] c.y.g.r.c.n.i.NacosRegisterCenter - Nacos event is {"groupName":"dev","instances":[],"serviceName":"backend-user-server","clusters":""}
2025-09-19 16:23:53.259  INFO  [nacos-grpc-client-executor-188] c.a.n.c.r.client - [6561b482-5ae1-418d-99b0-33b875b15548] Ack server push request, request = NotifySubscriberRequest, requestId = 24
2025-09-19 16:23:53.266  INFO  [nacos-grpc-client-executor-189] c.a.n.c.r.client - [6561b482-5ae1-418d-99b0-33b875b15548] Receive server push request, request = NotifySubscriberRequest, requestId = 23
2025-09-19 16:23:53.267  INFO  [nacos.publisher-com.alibaba.nacos.client.naming.event.InstancesChangeEvent] c.y.g.c.BootStrap - refresh service and instance: backend-user-server:1.0.0 []
2025-09-19 16:23:53.267  INFO  [nacos.publisher-com.alibaba.nacos.client.naming.event.InstancesChangeEvent] c.y.g.r.c.n.i.NacosRegisterCenter - Nacos event is {"groupName":"dev","instances":[],"serviceName":"backend-http-server","clusters":""}
2025-09-19 16:23:53.268  INFO  [nacos-grpc-client-executor-189] c.a.n.c.r.client - [6561b482-5ae1-418d-99b0-33b875b15548] Ack server push request, request = NotifySubscriberRequest, requestId = 23
2025-09-19 16:23:53.271  INFO  [nacos.publisher-com.alibaba.nacos.client.naming.event.InstancesChangeEvent] c.y.g.c.BootStrap - refresh service and instance: backend-http-server:1.0.0 []
2025-09-19 16:23:56.621  INFO  [doSubscribeAllServices.0] c.y.g.r.c.n.i.NacosRegisterCenter - service list size 3
2025-09-19 16:23:57.541  INFO  [nacos-grpc-client-executor-192] c.a.n.c.r.client - [6561b482-5ae1-418d-99b0-33b875b15548] Receive server push request, request = NotifySubscriberRequest, requestId = 25
2025-09-19 16:23:57.542  INFO  [nacos.publisher-com.alibaba.nacos.client.naming.event.InstancesChangeEvent] c.y.g.r.c.n.i.NacosRegisterCenter - Nacos event is {"groupName":"dev","instances":[{"metadata":{"meta":"{\"enable\":true,\"gray\":false,\"ip\":\"10.19.22.108\",\"port\":8201,\"registerTime\":1758270236950,\"serviceInstanceId\":\"10.19.22.108:8201\",\"uniqueId\":\"backend-user-server:1.0.0\",\"version\":\"1.0.0\",\"weight\":100}"},"ip":"10.19.22.108","instanceHeartBeatTimeOut":15000,"ephemeral":true,"weight":1.0,"serviceName":"dev@@backend-user-server","enabled":true,"ipDeleteTimeout":30000,"instanceHeartBeatInterval":5000,"instanceId":"10.19.22.108:8201","port":8201,"healthy":true,"clusterName":"DEFAULT"}],"serviceName":"backend-user-server","clusters":""}
2025-09-19 16:23:57.542  INFO  [nacos-grpc-client-executor-192] c.a.n.c.r.client - [6561b482-5ae1-418d-99b0-33b875b15548] Ack server push request, request = NotifySubscriberRequest, requestId = 25
2025-09-19 16:23:57.545  INFO  [nacos.publisher-com.alibaba.nacos.client.naming.event.InstancesChangeEvent] c.y.g.c.BootStrap - refresh service and instance: backend-user-server:1.0.0 [{"gray":false,"port":8201,"registerTime":1758270236950,"enable":true,"ip":"10.19.22.108","serviceInstanceId":"10.19.22.108:8201","weight":100,"version":"1.0.0","uniqueId":"backend-user-server:1.0.0"}]
2025-09-19 16:23:57.652  INFO  [nacos-grpc-client-executor-193] c.a.n.c.r.client - [6561b482-5ae1-418d-99b0-33b875b15548] Receive server push request, request = NotifySubscriberRequest, requestId = 26
2025-09-19 16:23:57.653  INFO  [nacos.publisher-com.alibaba.nacos.client.naming.event.InstancesChangeEvent] c.y.g.r.c.n.i.NacosRegisterCenter - Nacos event is {"groupName":"dev","instances":[{"metadata":{"meta":"{\"enable\":true,\"gray\":false,\"ip\":\"10.19.22.108\",\"port\":8201,\"registerTime\":1758270237550,\"serviceInstanceId\":\"10.19.22.108:8201\",\"uniqueId\":\"backend-http-server:1.0.0\",\"version\":\"1.0.0\",\"weight\":100}"},"ip":"10.19.22.108","instanceHeartBeatTimeOut":15000,"ephemeral":true,"weight":1.0,"serviceName":"dev@@backend-http-server","enabled":true,"ipDeleteTimeout":30000,"instanceHeartBeatInterval":5000,"instanceId":"10.19.22.108:8201","port":8201,"healthy":true,"clusterName":"DEFAULT"}],"serviceName":"backend-http-server","clusters":""}
2025-09-19 16:23:57.653  INFO  [nacos-grpc-client-executor-193] c.a.n.c.r.client - [6561b482-5ae1-418d-99b0-33b875b15548] Ack server push request, request = NotifySubscriberRequest, requestId = 26
2025-09-19 16:23:57.656  INFO  [nacos.publisher-com.alibaba.nacos.client.naming.event.InstancesChangeEvent] c.y.g.c.BootStrap - refresh service and instance: backend-http-server:1.0.0 [{"gray":false,"port":8201,"registerTime":1758270237550,"enable":true,"ip":"10.19.22.108","serviceInstanceId":"10.19.22.108:8201","weight":100,"version":"1.0.0","uniqueId":"backend-http-server:1.0.0"}]
2025-09-19 16:23:58.206  INFO  [nacos-grpc-client-executor-194] c.a.n.c.r.client - [6561b482-5ae1-418d-99b0-33b875b15548] Receive server push request, request = NotifySubscriberRequest, requestId = 27
2025-09-19 16:23:58.207  INFO  [nacos.publisher-com.alibaba.nacos.client.naming.event.InstancesChangeEvent] c.y.g.r.c.n.i.NacosRegisterCenter - Nacos event is {"groupName":"dev","instances":[{"metadata":{"meta":"{\"enable\":true,\"gray\":false,\"ip\":\"10.19.22.108\",\"port\":8201,\"registerTime\":1758270237654,\"serviceInstanceId\":\"10.19.22.108:8201\",\"uniqueId\":\"backend-http-server:1.0.0\",\"version\":\"1.0.0\",\"weight\":100}"},"ip":"10.19.22.108","instanceHeartBeatTimeOut":15000,"ephemeral":true,"weight":1.0,"serviceName":"dev@@backend-http-server","enabled":true,"ipDeleteTimeout":30000,"instanceHeartBeatInterval":5000,"instanceId":"10.19.22.108:8201","port":8201,"healthy":true,"clusterName":"DEFAULT"}],"serviceName":"backend-http-server","clusters":""}
2025-09-19 16:23:58.208  INFO  [nacos-grpc-client-executor-194] c.a.n.c.r.client - [6561b482-5ae1-418d-99b0-33b875b15548] Ack server push request, request = NotifySubscriberRequest, requestId = 27
2025-09-19 16:23:58.212  INFO  [nacos.publisher-com.alibaba.nacos.client.naming.event.InstancesChangeEvent] c.y.g.c.BootStrap - refresh service and instance: backend-http-server:1.0.0 [{"gray":false,"port":8201,"registerTime":1758270237654,"enable":true,"ip":"10.19.22.108","serviceInstanceId":"10.19.22.108:8201","weight":100,"version":"1.0.0","uniqueId":"backend-http-server:1.0.0"}]
2025-09-19 16:23:58.317  INFO  [nacos-grpc-client-executor-195] c.a.n.c.r.client - [6561b482-5ae1-418d-99b0-33b875b15548] Receive server push request, request = NotifySubscriberRequest, requestId = 28
2025-09-19 16:23:58.318  INFO  [nacos.publisher-com.alibaba.nacos.client.naming.event.InstancesChangeEvent] c.y.g.r.c.n.i.NacosRegisterCenter - Nacos event is {"groupName":"dev","instances":[{"metadata":{"meta":"{\"enable\":true,\"gray\":false,\"ip\":\"10.19.22.108\",\"port\":8201,\"registerTime\":1758270237751,\"serviceInstanceId\":\"10.19.22.108:8201\",\"uniqueId\":\"backend-user-server:1.0.0\",\"version\":\"1.0.0\",\"weight\":100}"},"ip":"10.19.22.108","instanceHeartBeatTimeOut":15000,"ephemeral":true,"weight":1.0,"serviceName":"dev@@backend-user-server","enabled":true,"ipDeleteTimeout":30000,"instanceHeartBeatInterval":5000,"instanceId":"10.19.22.108:8201","port":8201,"healthy":true,"clusterName":"DEFAULT"}],"serviceName":"backend-user-server","clusters":""}
2025-09-19 16:23:58.318  INFO  [nacos-grpc-client-executor-195] c.a.n.c.r.client - [6561b482-5ae1-418d-99b0-33b875b15548] Ack server push request, request = NotifySubscriberRequest, requestId = 28
2025-09-19 16:23:58.322  INFO  [nacos.publisher-com.alibaba.nacos.client.naming.event.InstancesChangeEvent] c.y.g.c.BootStrap - refresh service and instance: backend-user-server:1.0.0 [{"gray":false,"port":8201,"registerTime":1758270237751,"enable":true,"ip":"10.19.22.108","serviceInstanceId":"10.19.22.108:8201","weight":100,"version":"1.0.0","uniqueId":"backend-user-server:1.0.0"}]
2025-09-19 16:24:06.625  INFO  [doSubscribeAllServices.0] c.y.g.r.c.n.i.NacosRegisterCenter - service list size 3
2025-09-19 16:24:11.370  WARN  [Thread-0] c.a.n.c.h.HttpClientBeanHolder - [HttpClientBeanHolder] Start destroying common HttpClient
2025-09-19 16:24:11.371  WARN  [Thread-3] c.a.n.c.n.NotifyCenter - [NotifyCenter] Start destroying Publisher
2025-09-19 16:24:11.371  WARN  [Thread-3] c.a.n.c.n.NotifyCenter - [NotifyCenter] Destruction of the end
2025-09-19 16:24:11.371  WARN  [Thread-0] c.a.n.c.h.HttpClientBeanHolder - [HttpClientBeanHolder] Destruction of the end
2025-09-19 16:24:12.996  INFO  [main] c.a.n.c.r.client - [RpcClientFactory] create a new rpc client of 75828ae6-cce6-4f1f-89e8-3f8b61ba0f67_config-0
2025-09-19 16:24:13.037  INFO  [main] o.r.Reflections - Reflections took 19 ms to scan 1 urls, producing 3 keys and 6 values 
2025-09-19 16:24:13.074  INFO  [main] o.r.Reflections - Reflections took 8 ms to scan 1 urls, producing 4 keys and 9 values 
2025-09-19 16:24:13.084  INFO  [main] o.r.Reflections - Reflections took 8 ms to scan 1 urls, producing 3 keys and 10 values 
2025-09-19 16:24:13.086  WARN  [main] o.r.Reflections - given scan urls are empty. set urls in the configuration
2025-09-19 16:24:13.090  INFO  [main] o.r.Reflections - Reflections took 3 ms to scan 1 urls, producing 1 keys and 5 values 
2025-09-19 16:24:13.099  INFO  [main] o.r.Reflections - Reflections took 5 ms to scan 1 urls, producing 1 keys and 7 values 
2025-09-19 16:24:13.104  INFO  [main] o.r.Reflections - Reflections took 3 ms to scan 1 urls, producing 2 keys and 8 values 
2025-09-19 16:24:13.107  WARN  [main] o.r.Reflections - given scan urls are empty. set urls in the configuration
2025-09-19 16:24:13.111  INFO  [main] c.a.n.c.r.client - [75828ae6-cce6-4f1f-89e8-3f8b61ba0f67_config-0] RpcClient init label, labels = {module=config, Vipserver-Tag=null, source=sdk, Amory-Tag=null, Location-Tag=null, taskId=0, AppName=unknown}
2025-09-19 16:24:13.112  INFO  [main] c.a.n.c.r.client - [75828ae6-cce6-4f1f-89e8-3f8b61ba0f67_config-0] Register server push request handler:com.alibaba.nacos.client.config.impl.ClientWorker$ConfigRpcTransportClient$$Lambda$70/0x00000008011093e8
2025-09-19 16:24:13.113  INFO  [main] c.a.n.c.r.client - [75828ae6-cce6-4f1f-89e8-3f8b61ba0f67_config-0] Register server push request handler:com.alibaba.nacos.client.config.impl.ClientWorker$ConfigRpcTransportClient$$Lambda$71/0x00000008011095f8
2025-09-19 16:24:13.114  INFO  [main] c.a.n.c.r.client - [75828ae6-cce6-4f1f-89e8-3f8b61ba0f67_config-0] Registry connection listener to current client:com.alibaba.nacos.client.config.impl.ClientWorker$ConfigRpcTransportClient$1
2025-09-19 16:24:13.114  INFO  [main] c.a.n.c.r.client - [75828ae6-cce6-4f1f-89e8-3f8b61ba0f67_config-0] RpcClient init, ServerListFactory = com.alibaba.nacos.client.config.impl.ClientWorker$ConfigRpcTransportClient$2
2025-09-19 16:24:13.121  INFO  [main] c.a.n.c.r.client - [75828ae6-cce6-4f1f-89e8-3f8b61ba0f67_config-0] Try to connect to server on start up, server: {serverIp = '127.0.0.1', server main port = 8848}
2025-09-19 16:24:13.862  INFO  [main] c.a.n.c.r.client - [75828ae6-cce6-4f1f-89e8-3f8b61ba0f67_config-0] Success to connect to server [127.0.0.1:8848] on start up, connectionId = 1758270253696_127.0.0.1_60929
2025-09-19 16:24:13.862  INFO  [com.alibaba.nacos.client.remote.worker] c.a.n.c.r.client - [75828ae6-cce6-4f1f-89e8-3f8b61ba0f67_config-0] Notify connected event to listeners.
2025-09-19 16:24:13.863  INFO  [main] c.a.n.c.r.client - [75828ae6-cce6-4f1f-89e8-3f8b61ba0f67_config-0] Register server push request handler:com.alibaba.nacos.common.remote.client.RpcClient$ConnectResetRequestHandler
2025-09-19 16:24:13.864  INFO  [main] c.a.n.c.r.client - [75828ae6-cce6-4f1f-89e8-3f8b61ba0f67_config-0] Register server push request handler:com.alibaba.nacos.common.remote.client.RpcClient$$Lambda$109/0x00000008012ad3c8
2025-09-19 16:24:13.898  INFO  [main] c.y.g.c.c.n.i.NacosConfigCenter - Rules-Config From Nacos: null
2025-09-19 16:24:13.932  WARN  [main] c.y.g.c.c.n.i.NacosConfigCenter - Failed to parse config JSON from Nacos, result is null
2025-09-19 16:24:13.965  INFO  [main] c.y.g.c.f.GatewayFilterChainFactory - load filter success:class com.yu.gateway.core.filter.auth.AuthFilter,auth_filter,auth_filter,1
2025-09-19 16:24:13.967  INFO  [main] c.y.g.c.f.GatewayFilterChainFactory - load filter success:class com.yu.gateway.core.filter.loadBalance.LoadBalanceFilter,load_balance_filter,load_balance_filter,100
2025-09-19 16:24:13.969  INFO  [main] c.y.g.c.f.GatewayFilterChainFactory - load filter success:class com.yu.gateway.core.filter.router.RouterFilter,router_filter,router_filter,2147483647
2025-09-19 16:24:13.969  INFO  [main] c.y.g.c.f.GatewayFilterChainFactory - load filter success:class com.yu.gateway.core.filter.gray.GrayFilter,gray_filter,gray_filter,4
2025-09-19 16:24:13.970  INFO  [main] c.y.g.c.f.GatewayFilterChainFactory - load filter success:class com.yu.gateway.core.filter.flow.FlowControlFilter,flow_ctl_filter,flow_ctl_filter,50
2025-09-19 16:24:14.280  WARN  [main] i.n.b.ServerBootstrap - Unknown channel option 'SO_KEEPALIVE' for channel '[id: 0x8586bae5]'
2025-09-19 16:24:14.287  INFO  [main] c.y.g.c.n.NettyHttpServer - server startup on port 8888
2025-09-19 16:24:14.287  INFO  [main] c.y.g.c.Container - api gateway starting!
2025-09-19 16:24:14.301  INFO  [main] c.a.n.c.r.client - [RpcClientFactory] create a new rpc client of f4dd4ba3-8ee1-4670-a7a5-9ce8c59e8af7
2025-09-19 16:24:14.301  INFO  [main] c.a.n.c.r.client - [f4dd4ba3-8ee1-4670-a7a5-9ce8c59e8af7] RpcClient init label, labels = {module=naming, source=sdk}
2025-09-19 16:24:14.302  INFO  [main] c.a.n.c.r.client - [f4dd4ba3-8ee1-4670-a7a5-9ce8c59e8af7] RpcClient init, ServerListFactory = com.alibaba.nacos.client.naming.core.ServerListManager
2025-09-19 16:24:14.302  INFO  [main] c.a.n.c.r.client - [f4dd4ba3-8ee1-4670-a7a5-9ce8c59e8af7] Registry connection listener to current client:com.alibaba.nacos.client.naming.remote.gprc.redo.NamingGrpcRedoService
2025-09-19 16:24:14.302  INFO  [main] c.a.n.c.r.client - [f4dd4ba3-8ee1-4670-a7a5-9ce8c59e8af7] Register server push request handler:com.alibaba.nacos.client.naming.remote.gprc.NamingPushRequestHandler
2025-09-19 16:24:14.303  INFO  [main] c.a.n.c.r.client - [f4dd4ba3-8ee1-4670-a7a5-9ce8c59e8af7] Try to connect to server on start up, server: {serverIp = '127.0.0.1', server main port = 8848}
2025-09-19 16:24:14.425  INFO  [main] c.a.n.c.r.client - [f4dd4ba3-8ee1-4670-a7a5-9ce8c59e8af7] Success to connect to server [127.0.0.1:8848] on start up, connectionId = 1758270254308_127.0.0.1_60930
2025-09-19 16:24:14.425  INFO  [main] c.a.n.c.r.client - [f4dd4ba3-8ee1-4670-a7a5-9ce8c59e8af7] Register server push request handler:com.alibaba.nacos.common.remote.client.RpcClient$ConnectResetRequestHandler
2025-09-19 16:24:14.425  INFO  [com.alibaba.nacos.client.remote.worker] c.a.n.c.r.client - [f4dd4ba3-8ee1-4670-a7a5-9ce8c59e8af7] Notify connected event to listeners.
2025-09-19 16:24:14.425  INFO  [main] c.a.n.c.r.client - [f4dd4ba3-8ee1-4670-a7a5-9ce8c59e8af7] Register server push request handler:com.alibaba.nacos.common.remote.client.RpcClient$$Lambda$109/0x00000008012ad3c8
2025-09-19 16:24:14.600  INFO  [main] c.y.g.r.c.n.i.NacosRegisterCenter - register com.yu.gateway.common.config.ServiceDefinition@5229e9b0 com.yu.gateway.common.config.ServiceInstance@39449bd7
2025-09-19 16:24:14.606  INFO  [main] c.y.g.r.c.n.i.NacosRegisterCenter - service list size 3
2025-09-19 16:24:14.610  INFO  [main] c.y.g.r.c.n.i.NacosRegisterCenter - Nacos event is {"serviceName":"backend-user-server"}
2025-09-19 16:24:14.645  INFO  [main] c.y.g.c.BootStrap - refresh service and instance: backend-user-server:1.0.0 [{"gray":false,"port":8201,"registerTime":1758270237751,"enable":true,"ip":"10.19.22.108","serviceInstanceId":"10.19.22.108:8201","weight":100,"version":"1.0.0","uniqueId":"backend-user-server:1.0.0"}]
2025-09-19 16:24:14.646  INFO  [main] c.y.g.r.c.n.i.NacosRegisterCenter - subscribe a service, serviceName backend-user-server envdev
2025-09-19 16:24:14.646  INFO  [main] c.y.g.r.c.n.i.NacosRegisterCenter - Nacos event is {"serviceName":"backend-http-server"}
2025-09-19 16:24:14.656  INFO  [main] c.y.g.c.BootStrap - refresh service and instance: backend-http-server:1.0.0 [{"gray":false,"port":8201,"registerTime":1758270237654,"enable":true,"ip":"10.19.22.108","serviceInstanceId":"10.19.22.108:8201","weight":100,"version":"1.0.0","uniqueId":"backend-http-server:1.0.0"}]
2025-09-19 16:24:14.656  INFO  [main] c.y.g.r.c.n.i.NacosRegisterCenter - subscribe a service, serviceName backend-http-server envdev
2025-09-19 16:24:14.656  INFO  [main] c.y.g.r.c.n.i.NacosRegisterCenter - Nacos event is {"serviceName":"api-gateway"}
2025-09-19 16:24:14.662  INFO  [main] c.y.g.c.BootStrap - refresh service and instance: api-gateway []
2025-09-19 16:24:14.662  INFO  [main] c.y.g.r.c.n.i.NacosRegisterCenter - subscribe a service, serviceName api-gateway envdev
2025-09-19 16:24:15.170  INFO  [nacos-grpc-client-executor-14] c.a.n.c.r.client - [f4dd4ba3-8ee1-4670-a7a5-9ce8c59e8af7] Receive server push request, request = NotifySubscriberRequest, requestId = 29
2025-09-19 16:24:15.174  INFO  [nacos-grpc-client-executor-14] c.a.n.c.r.client - [f4dd4ba3-8ee1-4670-a7a5-9ce8c59e8af7] Ack server push request, request = NotifySubscriberRequest, requestId = 29
2025-09-19 16:24:15.181  INFO  [nacos-grpc-client-executor-15] c.a.n.c.r.client - [f4dd4ba3-8ee1-4670-a7a5-9ce8c59e8af7] Receive server push request, request = NotifySubscriberRequest, requestId = 30
2025-09-19 16:24:15.182  INFO  [nacos-grpc-client-executor-15] c.a.n.c.r.client - [f4dd4ba3-8ee1-4670-a7a5-9ce8c59e8af7] Ack server push request, request = NotifySubscriberRequest, requestId = 30
2025-09-19 16:24:15.179  INFO  [nacos.publisher-com.alibaba.nacos.client.naming.event.InstancesChangeEvent] c.y.g.r.c.n.i.NacosRegisterCenter - Nacos event is {"groupName":"dev","instances":[{"metadata":{"meta":"{\"enable\":true,\"gray\":false,\"ip\":\"10.19.22.108\",\"port\":8888,\"registerTime\":1758270254533,\"serviceInstanceId\":\"10.19.22.108:8888\"}"},"ip":"10.19.22.108","instanceHeartBeatTimeOut":15000,"ephemeral":true,"weight":1.0,"serviceName":"dev@@api-gateway","enabled":true,"ipDeleteTimeout":30000,"instanceHeartBeatInterval":5000,"instanceId":"10.19.22.108:8888","port":8888,"healthy":true,"clusterName":"DEFAULT"}],"serviceName":"api-gateway","clusters":""}
2025-09-19 16:24:15.190  INFO  [nacos-grpc-client-executor-16] c.a.n.c.r.client - [f4dd4ba3-8ee1-4670-a7a5-9ce8c59e8af7] Receive server push request, request = NotifySubscriberRequest, requestId = 31
2025-09-19 16:24:15.190  INFO  [nacos-grpc-client-executor-16] c.a.n.c.r.client - [f4dd4ba3-8ee1-4670-a7a5-9ce8c59e8af7] Ack server push request, request = NotifySubscriberRequest, requestId = 31
2025-09-19 16:24:15.191  INFO  [nacos.publisher-com.alibaba.nacos.client.naming.event.InstancesChangeEvent] c.y.g.c.BootStrap - refresh service and instance: api-gateway [{"gray":false,"port":8888,"registerTime":1758270254533,"enable":true,"ip":"10.19.22.108","serviceInstanceId":"10.19.22.108:8888"}]
2025-09-19 16:24:21.295  ERROR [ParallelQueueHandlergateway-queue--pool-3] c.y.g.c.n.p.NettyCoreProcessor - 处理未知错误
java.lang.IllegalArgumentException: Missing required header: uniqueId
	at com.yu.gateway.core.helper.RequestHelper.doRequest(RequestHelper.java:60)
	at com.yu.gateway.core.helper.RequestHelper.doContext(RequestHelper.java:32)
	at com.yu.gateway.core.netty.processor.NettyCoreProcessor.process(NettyCoreProcessor.java:44)
	at com.yu.gateway.core.netty.processor.DisruptorNettyCoreProcessor$BatchEventListenerProcessor.onEvent(DisruptorNettyCoreProcessor.java:85)
	at com.yu.gateway.core.netty.processor.DisruptorNettyCoreProcessor$BatchEventListenerProcessor.onEvent(DisruptorNettyCoreProcessor.java:81)
	at com.yu.gateway.core.disruptor.ParallelQueueHandler$HolderWorkHandler.onEvent(ParallelQueueHandler.java:202)
	at com.yu.gateway.core.disruptor.ParallelQueueHandler$HolderWorkHandler.onEvent(ParallelQueueHandler.java:199)
	at com.lmax.disruptor.WorkProcessor.run(WorkProcessor.java:143)
	at java.base/java.util.concurrent.ThreadPoolExecutor.runWorker(ThreadPoolExecutor.java:1144)
	at java.base/java.util.concurrent.ThreadPoolExecutor$Worker.run(ThreadPoolExecutor.java:642)
	at java.base/java.lang.Thread.run(Thread.java:1589)
2025-09-19 16:24:21.420  ERROR [ParallelQueueHandlergateway-queue--pool-4] c.y.g.c.n.p.NettyCoreProcessor - 处理未知错误
java.lang.IllegalArgumentException: Missing required header: uniqueId
	at com.yu.gateway.core.helper.RequestHelper.doRequest(RequestHelper.java:60)
	at com.yu.gateway.core.helper.RequestHelper.doContext(RequestHelper.java:32)
	at com.yu.gateway.core.netty.processor.NettyCoreProcessor.process(NettyCoreProcessor.java:44)
	at com.yu.gateway.core.netty.processor.DisruptorNettyCoreProcessor$BatchEventListenerProcessor.onEvent(DisruptorNettyCoreProcessor.java:85)
	at com.yu.gateway.core.netty.processor.DisruptorNettyCoreProcessor$BatchEventListenerProcessor.onEvent(DisruptorNettyCoreProcessor.java:81)
	at com.yu.gateway.core.disruptor.ParallelQueueHandler$HolderWorkHandler.onEvent(ParallelQueueHandler.java:202)
	at com.yu.gateway.core.disruptor.ParallelQueueHandler$HolderWorkHandler.onEvent(ParallelQueueHandler.java:199)
	at com.lmax.disruptor.WorkProcessor.run(WorkProcessor.java:143)
	at java.base/java.util.concurrent.ThreadPoolExecutor.runWorker(ThreadPoolExecutor.java:1144)
	at java.base/java.util.concurrent.ThreadPoolExecutor$Worker.run(ThreadPoolExecutor.java:642)
	at java.base/java.lang.Thread.run(Thread.java:1589)
2025-09-19 16:24:24.672  INFO  [doSubscribeAllServices.0] c.y.g.r.c.n.i.NacosRegisterCenter - service list size 3
2025-09-19 16:24:34.678  INFO  [doSubscribeAllServices.0] c.y.g.r.c.n.i.NacosRegisterCenter - service list size 3
2025-09-19 16:24:44.688  INFO  [doSubscribeAllServices.0] c.y.g.r.c.n.i.NacosRegisterCenter - service list size 3
2025-09-19 16:24:54.697  INFO  [doSubscribeAllServices.0] c.y.g.r.c.n.i.NacosRegisterCenter - service list size 3
2025-09-19 16:25:04.706  INFO  [doSubscribeAllServices.0] c.y.g.r.c.n.i.NacosRegisterCenter - service list size 3
2025-09-19 16:25:14.717  INFO  [doSubscribeAllServices.0] c.y.g.r.c.n.i.NacosRegisterCenter - service list size 3
2025-09-19 16:25:24.727  INFO  [doSubscribeAllServices.0] c.y.g.r.c.n.i.NacosRegisterCenter - service list size 3
2025-09-19 16:25:34.735  INFO  [doSubscribeAllServices.0] c.y.g.r.c.n.i.NacosRegisterCenter - service list size 3
2025-09-19 16:25:44.745  INFO  [doSubscribeAllServices.0] c.y.g.r.c.n.i.NacosRegisterCenter - service list size 3
2025-09-19 16:25:54.753  INFO  [doSubscribeAllServices.0] c.y.g.r.c.n.i.NacosRegisterCenter - service list size 3
2025-09-19 16:26:04.760  INFO  [doSubscribeAllServices.0] c.y.g.r.c.n.i.NacosRegisterCenter - service list size 3
2025-09-19 16:26:14.766  INFO  [doSubscribeAllServices.0] c.y.g.r.c.n.i.NacosRegisterCenter - service list size 3
2025-09-19 16:26:24.770  INFO  [doSubscribeAllServices.0] c.y.g.r.c.n.i.NacosRegisterCenter - service list size 3
2025-09-19 16:26:34.777  INFO  [doSubscribeAllServices.0] c.y.g.r.c.n.i.NacosRegisterCenter - service list size 3
2025-09-19 16:26:44.785  INFO  [doSubscribeAllServices.0] c.y.g.r.c.n.i.NacosRegisterCenter - service list size 3
2025-09-19 16:26:54.796  INFO  [doSubscribeAllServices.0] c.y.g.r.c.n.i.NacosRegisterCenter - service list size 3
2025-09-19 16:27:04.810  INFO  [doSubscribeAllServices.0] c.y.g.r.c.n.i.NacosRegisterCenter - service list size 3
2025-09-19 16:27:14.827  INFO  [doSubscribeAllServices.0] c.y.g.r.c.n.i.NacosRegisterCenter - service list size 3
2025-09-19 16:27:24.833  INFO  [doSubscribeAllServices.0] c.y.g.r.c.n.i.NacosRegisterCenter - service list size 3
2025-09-19 16:27:34.839  INFO  [doSubscribeAllServices.0] c.y.g.r.c.n.i.NacosRegisterCenter - service list size 3
2025-09-19 16:27:44.847  INFO  [doSubscribeAllServices.0] c.y.g.r.c.n.i.NacosRegisterCenter - service list size 3
2025-09-19 16:27:54.857  INFO  [doSubscribeAllServices.0] c.y.g.r.c.n.i.NacosRegisterCenter - service list size 3
2025-09-19 16:28:04.865  INFO  [doSubscribeAllServices.0] c.y.g.r.c.n.i.NacosRegisterCenter - service list size 3
2025-09-19 16:28:14.873  INFO  [doSubscribeAllServices.0] c.y.g.r.c.n.i.NacosRegisterCenter - service list size 3
2025-09-19 16:28:24.884  INFO  [doSubscribeAllServices.0] c.y.g.r.c.n.i.NacosRegisterCenter - service list size 3
2025-09-19 16:28:34.892  INFO  [doSubscribeAllServices.0] c.y.g.r.c.n.i.NacosRegisterCenter - service list size 3
2025-09-19 16:28:44.900  INFO  [doSubscribeAllServices.0] c.y.g.r.c.n.i.NacosRegisterCenter - service list size 3
2025-09-19 16:28:54.915  INFO  [doSubscribeAllServices.0] c.y.g.r.c.n.i.NacosRegisterCenter - service list size 3
2025-09-19 16:29:04.945  INFO  [doSubscribeAllServices.0] c.y.g.r.c.n.i.NacosRegisterCenter - service list size 3
2025-09-19 16:29:14.952  INFO  [doSubscribeAllServices.0] c.y.g.r.c.n.i.NacosRegisterCenter - service list size 3
2025-09-19 16:29:24.964  INFO  [doSubscribeAllServices.0] c.y.g.r.c.n.i.NacosRegisterCenter - service list size 3
2025-09-19 16:29:34.988  INFO  [doSubscribeAllServices.0] c.y.g.r.c.n.i.NacosRegisterCenter - service list size 3
2025-09-19 16:29:45.005  INFO  [doSubscribeAllServices.0] c.y.g.r.c.n.i.NacosRegisterCenter - service list size 3
2025-09-19 16:29:55.026  INFO  [doSubscribeAllServices.0] c.y.g.r.c.n.i.NacosRegisterCenter - service list size 3
2025-09-19 16:30:05.043  INFO  [doSubscribeAllServices.0] c.y.g.r.c.n.i.NacosRegisterCenter - service list size 3
2025-09-19 16:30:15.061  INFO  [doSubscribeAllServices.0] c.y.g.r.c.n.i.NacosRegisterCenter - service list size 3
2025-09-19 16:30:25.075  INFO  [doSubscribeAllServices.0] c.y.g.r.c.n.i.NacosRegisterCenter - service list size 3
2025-09-19 16:30:25.343  WARN  [Thread-3] c.a.n.c.n.NotifyCenter - [NotifyCenter] Start destroying Publisher
2025-09-19 16:30:25.343  WARN  [Thread-0] c.a.n.c.h.HttpClientBeanHolder - [HttpClientBeanHolder] Start destroying common HttpClient
2025-09-19 16:30:25.344  WARN  [Thread-3] c.a.n.c.n.NotifyCenter - [NotifyCenter] Destruction of the end
2025-09-19 16:30:25.344  WARN  [Thread-0] c.a.n.c.h.HttpClientBeanHolder - [HttpClientBeanHolder] Destruction of the end
2025-09-19 16:30:32.406  INFO  [main] c.a.n.c.r.client - [RpcClientFactory] create a new rpc client of f873d6c5-5f04-4ad4-8e15-9752c9c8655b_config-0
2025-09-19 16:30:32.446  INFO  [main] o.r.Reflections - Reflections took 18 ms to scan 1 urls, producing 3 keys and 6 values 
2025-09-19 16:30:32.476  INFO  [main] o.r.Reflections - Reflections took 9 ms to scan 1 urls, producing 4 keys and 9 values 
2025-09-19 16:30:32.487  INFO  [main] o.r.Reflections - Reflections took 8 ms to scan 1 urls, producing 3 keys and 10 values 
2025-09-19 16:30:32.490  WARN  [main] o.r.Reflections - given scan urls are empty. set urls in the configuration
2025-09-19 16:30:32.493  INFO  [main] o.r.Reflections - Reflections took 2 ms to scan 1 urls, producing 1 keys and 5 values 
2025-09-19 16:30:32.500  INFO  [main] o.r.Reflections - Reflections took 4 ms to scan 1 urls, producing 1 keys and 7 values 
2025-09-19 16:30:32.506  INFO  [main] o.r.Reflections - Reflections took 3 ms to scan 1 urls, producing 2 keys and 8 values 
2025-09-19 16:30:32.509  WARN  [main] o.r.Reflections - given scan urls are empty. set urls in the configuration
2025-09-19 16:30:32.510  INFO  [main] c.a.n.c.r.client - [f873d6c5-5f04-4ad4-8e15-9752c9c8655b_config-0] RpcClient init label, labels = {module=config, Vipserver-Tag=null, source=sdk, Amory-Tag=null, Location-Tag=null, taskId=0, AppName=unknown}
2025-09-19 16:30:32.511  INFO  [main] c.a.n.c.r.client - [f873d6c5-5f04-4ad4-8e15-9752c9c8655b_config-0] Register server push request handler:com.alibaba.nacos.client.config.impl.ClientWorker$ConfigRpcTransportClient$$Lambda$70/0x0000000801109b38
2025-09-19 16:30:32.511  INFO  [main] c.a.n.c.r.client - [f873d6c5-5f04-4ad4-8e15-9752c9c8655b_config-0] Register server push request handler:com.alibaba.nacos.client.config.impl.ClientWorker$ConfigRpcTransportClient$$Lambda$71/0x0000000801109d48
2025-09-19 16:30:32.512  INFO  [main] c.a.n.c.r.client - [f873d6c5-5f04-4ad4-8e15-9752c9c8655b_config-0] Registry connection listener to current client:com.alibaba.nacos.client.config.impl.ClientWorker$ConfigRpcTransportClient$1
2025-09-19 16:30:32.513  INFO  [main] c.a.n.c.r.client - [f873d6c5-5f04-4ad4-8e15-9752c9c8655b_config-0] RpcClient init, ServerListFactory = com.alibaba.nacos.client.config.impl.ClientWorker$ConfigRpcTransportClient$2
2025-09-19 16:30:32.521  INFO  [main] c.a.n.c.r.client - [f873d6c5-5f04-4ad4-8e15-9752c9c8655b_config-0] Try to connect to server on start up, server: {serverIp = '127.0.0.1', server main port = 8848}
2025-09-19 16:30:33.292  INFO  [main] c.a.n.c.r.client - [f873d6c5-5f04-4ad4-8e15-9752c9c8655b_config-0] Success to connect to server [127.0.0.1:8848] on start up, connectionId = 1758270633121_127.0.0.1_65371
2025-09-19 16:30:33.293  INFO  [com.alibaba.nacos.client.remote.worker] c.a.n.c.r.client - [f873d6c5-5f04-4ad4-8e15-9752c9c8655b_config-0] Notify connected event to listeners.
2025-09-19 16:30:33.293  INFO  [main] c.a.n.c.r.client - [f873d6c5-5f04-4ad4-8e15-9752c9c8655b_config-0] Register server push request handler:com.alibaba.nacos.common.remote.client.RpcClient$ConnectResetRequestHandler
2025-09-19 16:30:33.293  INFO  [main] c.a.n.c.r.client - [f873d6c5-5f04-4ad4-8e15-9752c9c8655b_config-0] Register server push request handler:com.alibaba.nacos.common.remote.client.RpcClient$$Lambda$109/0x00000008012ae218
2025-09-19 16:30:33.328  INFO  [main] c.y.g.c.c.n.i.NacosConfigCenter - Rules-Config From Nacos: null
2025-09-19 16:30:33.365  WARN  [main] c.y.g.c.c.n.i.NacosConfigCenter - Failed to parse config JSON from Nacos, result is null
2025-09-19 16:30:33.399  INFO  [main] c.y.g.c.f.GatewayFilterChainFactory - load filter success:class com.yu.gateway.core.filter.auth.AuthFilter,auth_filter,auth_filter,1
2025-09-19 16:30:33.401  INFO  [main] c.y.g.c.f.GatewayFilterChainFactory - load filter success:class com.yu.gateway.core.filter.loadBalance.LoadBalanceFilter,load_balance_filter,load_balance_filter,100
2025-09-19 16:30:33.403  INFO  [main] c.y.g.c.f.GatewayFilterChainFactory - load filter success:class com.yu.gateway.core.filter.router.RouterFilter,router_filter,router_filter,2147483647
2025-09-19 16:30:33.403  INFO  [main] c.y.g.c.f.GatewayFilterChainFactory - load filter success:class com.yu.gateway.core.filter.gray.GrayFilter,gray_filter,gray_filter,4
2025-09-19 16:30:33.404  INFO  [main] c.y.g.c.f.GatewayFilterChainFactory - load filter success:class com.yu.gateway.core.filter.flow.FlowControlFilter,flow_ctl_filter,flow_ctl_filter,50
2025-09-19 16:30:33.666  WARN  [main] i.n.b.ServerBootstrap - Unknown channel option 'SO_KEEPALIVE' for channel '[id: 0xd8b42cb6]'
2025-09-19 16:30:33.672  INFO  [main] c.y.g.c.n.NettyHttpServer - server startup on port 8888
2025-09-19 16:30:33.673  INFO  [main] c.y.g.c.Container - api gateway starting!
2025-09-19 16:30:33.687  INFO  [main] c.a.n.c.r.client - [RpcClientFactory] create a new rpc client of 7ac475ea-e033-46d7-99df-df38e2d80aad
2025-09-19 16:30:33.687  INFO  [main] c.a.n.c.r.client - [7ac475ea-e033-46d7-99df-df38e2d80aad] RpcClient init label, labels = {module=naming, source=sdk}
2025-09-19 16:30:33.689  INFO  [main] c.a.n.c.r.client - [7ac475ea-e033-46d7-99df-df38e2d80aad] RpcClient init, ServerListFactory = com.alibaba.nacos.client.naming.core.ServerListManager
2025-09-19 16:30:33.689  INFO  [main] c.a.n.c.r.client - [7ac475ea-e033-46d7-99df-df38e2d80aad] Registry connection listener to current client:com.alibaba.nacos.client.naming.remote.gprc.redo.NamingGrpcRedoService
2025-09-19 16:30:33.689  INFO  [main] c.a.n.c.r.client - [7ac475ea-e033-46d7-99df-df38e2d80aad] Register server push request handler:com.alibaba.nacos.client.naming.remote.gprc.NamingPushRequestHandler
2025-09-19 16:30:33.689  INFO  [main] c.a.n.c.r.client - [7ac475ea-e033-46d7-99df-df38e2d80aad] Try to connect to server on start up, server: {serverIp = '127.0.0.1', server main port = 8848}
2025-09-19 16:30:33.811  INFO  [main] c.a.n.c.r.client - [7ac475ea-e033-46d7-99df-df38e2d80aad] Success to connect to server [127.0.0.1:8848] on start up, connectionId = 1758270633695_127.0.0.1_65372
2025-09-19 16:30:33.812  INFO  [main] c.a.n.c.r.client - [7ac475ea-e033-46d7-99df-df38e2d80aad] Register server push request handler:com.alibaba.nacos.common.remote.client.RpcClient$ConnectResetRequestHandler
2025-09-19 16:30:33.812  INFO  [com.alibaba.nacos.client.remote.worker] c.a.n.c.r.client - [7ac475ea-e033-46d7-99df-df38e2d80aad] Notify connected event to listeners.
2025-09-19 16:30:33.812  INFO  [main] c.a.n.c.r.client - [7ac475ea-e033-46d7-99df-df38e2d80aad] Register server push request handler:com.alibaba.nacos.common.remote.client.RpcClient$$Lambda$109/0x00000008012ae218
2025-09-19 16:30:33.980  INFO  [main] c.y.g.r.c.n.i.NacosRegisterCenter - register com.yu.gateway.common.config.ServiceDefinition@5229e9b0 com.yu.gateway.common.config.ServiceInstance@39449bd7
2025-09-19 16:30:33.985  INFO  [main] c.y.g.r.c.n.i.NacosRegisterCenter - service list size 3
2025-09-19 16:30:33.988  INFO  [main] c.y.g.r.c.n.i.NacosRegisterCenter - Nacos event is {"serviceName":"backend-user-server"}
2025-09-19 16:30:34.016  INFO  [main] c.y.g.c.BootStrap - refresh service and instance: backend-user-server:1.0.0 []
2025-09-19 16:30:34.017  INFO  [main] c.y.g.r.c.n.i.NacosRegisterCenter - subscribe a service, serviceName backend-user-server envdev
2025-09-19 16:30:34.018  INFO  [main] c.y.g.r.c.n.i.NacosRegisterCenter - Nacos event is {"serviceName":"backend-http-server"}
2025-09-19 16:30:34.024  INFO  [main] c.y.g.c.BootStrap - refresh service and instance: backend-http-server:1.0.0 []
2025-09-19 16:30:34.024  INFO  [main] c.y.g.r.c.n.i.NacosRegisterCenter - subscribe a service, serviceName backend-http-server envdev
2025-09-19 16:30:34.024  INFO  [main] c.y.g.r.c.n.i.NacosRegisterCenter - Nacos event is {"serviceName":"api-gateway"}
2025-09-19 16:30:34.030  INFO  [main] c.y.g.c.BootStrap - refresh service and instance: api-gateway []
2025-09-19 16:30:34.030  INFO  [main] c.y.g.r.c.n.i.NacosRegisterCenter - subscribe a service, serviceName api-gateway envdev
2025-09-19 16:30:34.481  INFO  [nacos-grpc-client-executor-13] c.a.n.c.r.client - [7ac475ea-e033-46d7-99df-df38e2d80aad] Receive server push request, request = NotifySubscriberRequest, requestId = 32
2025-09-19 16:30:34.485  INFO  [nacos-grpc-client-executor-13] c.a.n.c.r.client - [7ac475ea-e033-46d7-99df-df38e2d80aad] Ack server push request, request = NotifySubscriberRequest, requestId = 32
2025-09-19 16:30:34.489  INFO  [nacos.publisher-com.alibaba.nacos.client.naming.event.InstancesChangeEvent] c.y.g.r.c.n.i.NacosRegisterCenter - Nacos event is {"groupName":"dev","instances":[{"metadata":{"meta":"{\"enable\":true,\"gray\":false,\"ip\":\"10.19.22.108\",\"port\":8888,\"registerTime\":1758270633917,\"serviceInstanceId\":\"10.19.22.108:8888\"}"},"ip":"10.19.22.108","instanceHeartBeatTimeOut":15000,"ephemeral":true,"weight":1.0,"serviceName":"dev@@api-gateway","enabled":true,"ipDeleteTimeout":30000,"instanceHeartBeatInterval":5000,"instanceId":"10.19.22.108:8888","port":8888,"healthy":true,"clusterName":"DEFAULT"}],"serviceName":"api-gateway","clusters":""}
2025-09-19 16:30:34.505  INFO  [nacos.publisher-com.alibaba.nacos.client.naming.event.InstancesChangeEvent] c.y.g.c.BootStrap - refresh service and instance: api-gateway [{"gray":false,"port":8888,"registerTime":1758270633917,"enable":true,"ip":"10.19.22.108","serviceInstanceId":"10.19.22.108:8888"}]
2025-09-19 16:30:34.580  INFO  [nacos-grpc-client-executor-14] c.a.n.c.r.client - [7ac475ea-e033-46d7-99df-df38e2d80aad] Receive server push request, request = NotifySubscriberRequest, requestId = 34
2025-09-19 16:30:34.581  INFO  [nacos-grpc-client-executor-14] c.a.n.c.r.client - [7ac475ea-e033-46d7-99df-df38e2d80aad] Ack server push request, request = NotifySubscriberRequest, requestId = 34
2025-09-19 16:30:34.586  INFO  [nacos-grpc-client-executor-15] c.a.n.c.r.client - [7ac475ea-e033-46d7-99df-df38e2d80aad] Receive server push request, request = NotifySubscriberRequest, requestId = 33
2025-09-19 16:30:34.587  INFO  [nacos-grpc-client-executor-15] c.a.n.c.r.client - [7ac475ea-e033-46d7-99df-df38e2d80aad] Ack server push request, request = NotifySubscriberRequest, requestId = 33
2025-09-19 16:30:41.733  INFO  [nacos-grpc-client-executor-25] c.a.n.c.r.client - [7ac475ea-e033-46d7-99df-df38e2d80aad] Receive server push request, request = NotifySubscriberRequest, requestId = 35
2025-09-19 16:30:41.734  INFO  [nacos.publisher-com.alibaba.nacos.client.naming.event.InstancesChangeEvent] c.y.g.r.c.n.i.NacosRegisterCenter - Nacos event is {"groupName":"dev","instances":[{"metadata":{"meta":"{\"enable\":true,\"gray\":false,\"ip\":\"10.19.22.108\",\"port\":8201,\"registerTime\":1758270641458,\"serviceInstanceId\":\"10.19.22.108:8201\",\"uniqueId\":\"backend-http-server:1.0.0\",\"version\":\"1.0.0\",\"weight\":100}"},"ip":"10.19.22.108","instanceHeartBeatTimeOut":15000,"ephemeral":true,"weight":1.0,"serviceName":"dev@@backend-http-server","enabled":true,"ipDeleteTimeout":30000,"instanceHeartBeatInterval":5000,"instanceId":"10.19.22.108:8201","port":8201,"healthy":true,"clusterName":"DEFAULT"}],"serviceName":"backend-http-server","clusters":""}
2025-09-19 16:30:41.734  INFO  [nacos-grpc-client-executor-25] c.a.n.c.r.client - [7ac475ea-e033-46d7-99df-df38e2d80aad] Ack server push request, request = NotifySubscriberRequest, requestId = 35
2025-09-19 16:30:41.738  INFO  [nacos.publisher-com.alibaba.nacos.client.naming.event.InstancesChangeEvent] c.y.g.c.BootStrap - refresh service and instance: backend-http-server:1.0.0 [{"gray":false,"port":8201,"registerTime":1758270641458,"enable":true,"ip":"10.19.22.108","serviceInstanceId":"10.19.22.108:8201","weight":100,"version":"1.0.0","uniqueId":"backend-http-server:1.0.0"}]
2025-09-19 16:30:42.171  INFO  [nacos-grpc-client-executor-26] c.a.n.c.r.client - [7ac475ea-e033-46d7-99df-df38e2d80aad] Receive server push request, request = NotifySubscriberRequest, requestId = 36
2025-09-19 16:30:42.172  INFO  [nacos.publisher-com.alibaba.nacos.client.naming.event.InstancesChangeEvent] c.y.g.r.c.n.i.NacosRegisterCenter - Nacos event is {"groupName":"dev","instances":[{"metadata":{"meta":"{\"enable\":true,\"gray\":false,\"ip\":\"10.19.22.108\",\"port\":8201,\"registerTime\":1758270641677,\"serviceInstanceId\":\"10.19.22.108:8201\",\"uniqueId\":\"backend-user-server:1.0.0\",\"version\":\"1.0.0\",\"weight\":100}"},"ip":"10.19.22.108","instanceHeartBeatTimeOut":15000,"ephemeral":true,"weight":1.0,"serviceName":"dev@@backend-user-server","enabled":true,"ipDeleteTimeout":30000,"instanceHeartBeatInterval":5000,"instanceId":"10.19.22.108:8201","port":8201,"healthy":true,"clusterName":"DEFAULT"}],"serviceName":"backend-user-server","clusters":""}
2025-09-19 16:30:42.172  INFO  [nacos-grpc-client-executor-26] c.a.n.c.r.client - [7ac475ea-e033-46d7-99df-df38e2d80aad] Ack server push request, request = NotifySubscriberRequest, requestId = 36
2025-09-19 16:30:42.175  INFO  [nacos.publisher-com.alibaba.nacos.client.naming.event.InstancesChangeEvent] c.y.g.c.BootStrap - refresh service and instance: backend-user-server:1.0.0 [{"gray":false,"port":8201,"registerTime":1758270641677,"enable":true,"ip":"10.19.22.108","serviceInstanceId":"10.19.22.108:8201","weight":100,"version":"1.0.0","uniqueId":"backend-user-server:1.0.0"}]
2025-09-19 16:30:42.391  INFO  [nacos-grpc-client-executor-27] c.a.n.c.r.client - [7ac475ea-e033-46d7-99df-df38e2d80aad] Receive server push request, request = NotifySubscriberRequest, requestId = 37
2025-09-19 16:30:42.392  INFO  [nacos.publisher-com.alibaba.nacos.client.naming.event.InstancesChangeEvent] c.y.g.r.c.n.i.NacosRegisterCenter - Nacos event is {"groupName":"dev","instances":[{"metadata":{"meta":"{\"enable\":true,\"gray\":false,\"ip\":\"10.19.22.108\",\"port\":8201,\"registerTime\":1758270642000,\"serviceInstanceId\":\"10.19.22.108:8201\",\"uniqueId\":\"backend-http-server:1.0.0\",\"version\":\"1.0.0\",\"weight\":100}"},"ip":"10.19.22.108","instanceHeartBeatTimeOut":15000,"ephemeral":true,"weight":1.0,"serviceName":"dev@@backend-http-server","enabled":true,"ipDeleteTimeout":30000,"instanceHeartBeatInterval":5000,"instanceId":"10.19.22.108:8201","port":8201,"healthy":true,"clusterName":"DEFAULT"}],"serviceName":"backend-http-server","clusters":""}
2025-09-19 16:30:42.393  INFO  [nacos-grpc-client-executor-27] c.a.n.c.r.client - [7ac475ea-e033-46d7-99df-df38e2d80aad] Ack server push request, request = NotifySubscriberRequest, requestId = 37
2025-09-19 16:30:42.396  INFO  [nacos.publisher-com.alibaba.nacos.client.naming.event.InstancesChangeEvent] c.y.g.c.BootStrap - refresh service and instance: backend-http-server:1.0.0 [{"gray":false,"port":8201,"registerTime":1758270642000,"enable":true,"ip":"10.19.22.108","serviceInstanceId":"10.19.22.108:8201","weight":100,"version":"1.0.0","uniqueId":"backend-http-server:1.0.0"}]
2025-09-19 16:30:44.038  INFO  [doSubscribeAllServices.0] c.y.g.r.c.n.i.NacosRegisterCenter - service list size 3
2025-09-19 16:30:54.045  INFO  [doSubscribeAllServices.0] c.y.g.r.c.n.i.NacosRegisterCenter - service list size 3
2025-09-19 16:31:04.050  INFO  [doSubscribeAllServices.0] c.y.g.r.c.n.i.NacosRegisterCenter - service list size 3
2025-09-19 16:31:14.055  INFO  [doSubscribeAllServices.0] c.y.g.r.c.n.i.NacosRegisterCenter - service list size 3
2025-09-19 16:31:24.062  INFO  [doSubscribeAllServices.0] c.y.g.r.c.n.i.NacosRegisterCenter - service list size 3
2025-09-19 16:31:34.070  INFO  [doSubscribeAllServices.0] c.y.g.r.c.n.i.NacosRegisterCenter - service list size 3
2025-09-19 16:31:44.074  INFO  [doSubscribeAllServices.0] c.y.g.r.c.n.i.NacosRegisterCenter - service list size 3
2025-09-19 16:31:54.080  INFO  [doSubscribeAllServices.0] c.y.g.r.c.n.i.NacosRegisterCenter - service list size 3
2025-09-19 16:32:04.085  INFO  [doSubscribeAllServices.0] c.y.g.r.c.n.i.NacosRegisterCenter - service list size 3
2025-09-19 16:32:14.089  INFO  [doSubscribeAllServices.0] c.y.g.r.c.n.i.NacosRegisterCenter - service list size 3
2025-09-19 16:32:24.095  INFO  [doSubscribeAllServices.0] c.y.g.r.c.n.i.NacosRegisterCenter - service list size 3
2025-09-19 16:32:34.102  INFO  [doSubscribeAllServices.0] c.y.g.r.c.n.i.NacosRegisterCenter - service list size 3
2025-09-19 16:32:44.108  INFO  [doSubscribeAllServices.0] c.y.g.r.c.n.i.NacosRegisterCenter - service list size 3
2025-09-19 16:32:54.113  INFO  [doSubscribeAllServices.0] c.y.g.r.c.n.i.NacosRegisterCenter - service list size 3
2025-09-19 16:33:04.118  INFO  [doSubscribeAllServices.0] c.y.g.r.c.n.i.NacosRegisterCenter - service list size 3
2025-09-19 16:33:14.122  INFO  [doSubscribeAllServices.0] c.y.g.r.c.n.i.NacosRegisterCenter - service list size 3
2025-09-19 16:33:24.129  INFO  [doSubscribeAllServices.0] c.y.g.r.c.n.i.NacosRegisterCenter - service list size 3
2025-09-19 16:33:34.133  INFO  [doSubscribeAllServices.0] c.y.g.r.c.n.i.NacosRegisterCenter - service list size 3
2025-09-19 16:33:44.138  INFO  [doSubscribeAllServices.0] c.y.g.r.c.n.i.NacosRegisterCenter - service list size 3
2025-09-19 16:33:54.146  INFO  [doSubscribeAllServices.0] c.y.g.r.c.n.i.NacosRegisterCenter - service list size 3
2025-09-19 16:34:04.151  INFO  [doSubscribeAllServices.0] c.y.g.r.c.n.i.NacosRegisterCenter - service list size 3
2025-09-19 16:34:14.156  INFO  [doSubscribeAllServices.0] c.y.g.r.c.n.i.NacosRegisterCenter - service list size 3
2025-09-19 16:34:24.161  INFO  [doSubscribeAllServices.0] c.y.g.r.c.n.i.NacosRegisterCenter - service list size 3
2025-09-19 16:34:34.165  INFO  [doSubscribeAllServices.0] c.y.g.r.c.n.i.NacosRegisterCenter - service list size 3
2025-09-19 16:34:44.170  INFO  [doSubscribeAllServices.0] c.y.g.r.c.n.i.NacosRegisterCenter - service list size 3
2025-09-19 16:34:54.176  INFO  [doSubscribeAllServices.0] c.y.g.r.c.n.i.NacosRegisterCenter - service list size 3
2025-09-19 16:35:04.195  INFO  [doSubscribeAllServices.0] c.y.g.r.c.n.i.NacosRegisterCenter - service list size 3
2025-09-19 16:35:14.202  INFO  [doSubscribeAllServices.0] c.y.g.r.c.n.i.NacosRegisterCenter - service list size 3
2025-09-19 16:35:24.206  INFO  [doSubscribeAllServices.0] c.y.g.r.c.n.i.NacosRegisterCenter - service list size 3
2025-09-19 16:35:34.220  INFO  [doSubscribeAllServices.0] c.y.g.r.c.n.i.NacosRegisterCenter - service list size 3
2025-09-19 16:35:44.226  INFO  [doSubscribeAllServices.0] c.y.g.r.c.n.i.NacosRegisterCenter - service list size 3
2025-09-19 16:35:54.231  INFO  [doSubscribeAllServices.0] c.y.g.r.c.n.i.NacosRegisterCenter - service list size 3
2025-09-19 16:36:04.239  INFO  [doSubscribeAllServices.0] c.y.g.r.c.n.i.NacosRegisterCenter - service list size 3
2025-09-19 16:36:14.259  INFO  [doSubscribeAllServices.0] c.y.g.r.c.n.i.NacosRegisterCenter - service list size 3
2025-09-19 16:36:24.271  INFO  [doSubscribeAllServices.0] c.y.g.r.c.n.i.NacosRegisterCenter - service list size 3
2025-09-19 16:36:26.919  ERROR [ParallelQueueHandlergateway-queue--pool-0] c.y.g.c.n.p.NettyCoreProcessor - 处理未知错误
java.lang.NullPointerException: Cannot invoke "com.yu.gateway.common.config.ServiceDefinition.getServiceId()" because "definition" is null
	at com.yu.gateway.core.helper.RequestHelper.doContext(RequestHelper.java:43)
	at com.yu.gateway.core.netty.processor.NettyCoreProcessor.process(NettyCoreProcessor.java:44)
	at com.yu.gateway.core.netty.processor.DisruptorNettyCoreProcessor$BatchEventListenerProcessor.onEvent(DisruptorNettyCoreProcessor.java:85)
	at com.yu.gateway.core.netty.processor.DisruptorNettyCoreProcessor$BatchEventListenerProcessor.onEvent(DisruptorNettyCoreProcessor.java:81)
	at com.yu.gateway.core.disruptor.ParallelQueueHandler$HolderWorkHandler.onEvent(ParallelQueueHandler.java:202)
	at com.yu.gateway.core.disruptor.ParallelQueueHandler$HolderWorkHandler.onEvent(ParallelQueueHandler.java:199)
	at com.lmax.disruptor.WorkProcessor.run(WorkProcessor.java:143)
	at java.base/java.util.concurrent.ThreadPoolExecutor.runWorker(ThreadPoolExecutor.java:1144)
	at java.base/java.util.concurrent.ThreadPoolExecutor$Worker.run(ThreadPoolExecutor.java:642)
	at java.base/java.lang.Thread.run(Thread.java:1589)
2025-09-19 16:36:34.289  INFO  [doSubscribeAllServices.0] c.y.g.r.c.n.i.NacosRegisterCenter - service list size 3
2025-09-19 16:36:44.306  INFO  [doSubscribeAllServices.0] c.y.g.r.c.n.i.NacosRegisterCenter - service list size 3
2025-09-19 16:36:54.310  INFO  [doSubscribeAllServices.0] c.y.g.r.c.n.i.NacosRegisterCenter - service list size 3
2025-09-19 16:37:04.323  INFO  [doSubscribeAllServices.0] c.y.g.r.c.n.i.NacosRegisterCenter - service list size 3
2025-09-19 16:37:14.342  INFO  [doSubscribeAllServices.0] c.y.g.r.c.n.i.NacosRegisterCenter - service list size 3
2025-09-19 16:37:24.378  INFO  [doSubscribeAllServices.0] c.y.g.r.c.n.i.NacosRegisterCenter - service list size 3
2025-09-19 16:37:34.411  INFO  [doSubscribeAllServices.0] c.y.g.r.c.n.i.NacosRegisterCenter - service list size 3
2025-09-19 16:37:44.421  INFO  [doSubscribeAllServices.0] c.y.g.r.c.n.i.NacosRegisterCenter - service list size 3
2025-09-19 16:37:54.437  INFO  [doSubscribeAllServices.0] c.y.g.r.c.n.i.NacosRegisterCenter - service list size 3
2025-09-19 16:38:04.452  INFO  [doSubscribeAllServices.0] c.y.g.r.c.n.i.NacosRegisterCenter - service list size 3
2025-09-19 16:38:14.467  INFO  [doSubscribeAllServices.0] c.y.g.r.c.n.i.NacosRegisterCenter - service list size 3
2025-09-19 16:38:24.478  INFO  [doSubscribeAllServices.0] c.y.g.r.c.n.i.NacosRegisterCenter - service list size 3
2025-09-19 16:38:34.497  INFO  [doSubscribeAllServices.0] c.y.g.r.c.n.i.NacosRegisterCenter - service list size 3
2025-09-19 16:38:44.510  INFO  [doSubscribeAllServices.0] c.y.g.r.c.n.i.NacosRegisterCenter - service list size 3
2025-09-19 16:38:54.525  INFO  [doSubscribeAllServices.0] c.y.g.r.c.n.i.NacosRegisterCenter - service list size 3
2025-09-19 16:39:04.540  INFO  [doSubscribeAllServices.0] c.y.g.r.c.n.i.NacosRegisterCenter - service list size 3
2025-09-19 16:39:14.551  INFO  [doSubscribeAllServices.0] c.y.g.r.c.n.i.NacosRegisterCenter - service list size 3
2025-09-19 16:39:24.564  INFO  [doSubscribeAllServices.0] c.y.g.r.c.n.i.NacosRegisterCenter - service list size 3
2025-09-19 16:39:34.581  INFO  [doSubscribeAllServices.0] c.y.g.r.c.n.i.NacosRegisterCenter - service list size 3
2025-09-19 16:39:44.602  INFO  [doSubscribeAllServices.0] c.y.g.r.c.n.i.NacosRegisterCenter - service list size 3
2025-09-19 16:39:54.685  INFO  [doSubscribeAllServices.0] c.y.g.r.c.n.i.NacosRegisterCenter - service list size 3
2025-09-19 16:40:04.697  INFO  [doSubscribeAllServices.0] c.y.g.r.c.n.i.NacosRegisterCenter - service list size 3
2025-09-19 16:40:14.703  INFO  [doSubscribeAllServices.0] c.y.g.r.c.n.i.NacosRegisterCenter - service list size 3
2025-09-19 16:40:24.715  INFO  [doSubscribeAllServices.0] c.y.g.r.c.n.i.NacosRegisterCenter - service list size 3
2025-09-19 16:40:34.739  INFO  [doSubscribeAllServices.0] c.y.g.r.c.n.i.NacosRegisterCenter - service list size 3
2025-09-19 16:40:44.753  INFO  [doSubscribeAllServices.0] c.y.g.r.c.n.i.NacosRegisterCenter - service list size 3
2025-09-19 16:40:54.761  INFO  [doSubscribeAllServices.0] c.y.g.r.c.n.i.NacosRegisterCenter - service list size 3
2025-09-19 16:41:04.769  INFO  [doSubscribeAllServices.0] c.y.g.r.c.n.i.NacosRegisterCenter - service list size 3
2025-09-19 16:41:14.786  INFO  [doSubscribeAllServices.0] c.y.g.r.c.n.i.NacosRegisterCenter - service list size 3
2025-09-19 16:41:24.805  INFO  [doSubscribeAllServices.0] c.y.g.r.c.n.i.NacosRegisterCenter - service list size 3
2025-09-19 16:41:29.083  ERROR [ParallelQueueHandlergateway-queue--pool-5] c.y.g.c.n.p.NettyCoreProcessor - 处理未知错误
java.lang.NullPointerException: Cannot invoke "com.yu.gateway.common.config.ServiceDefinition.getServiceId()" because "definition" is null
	at com.yu.gateway.core.helper.RequestHelper.doContext(RequestHelper.java:43)
	at com.yu.gateway.core.netty.processor.NettyCoreProcessor.process(NettyCoreProcessor.java:44)
	at com.yu.gateway.core.netty.processor.DisruptorNettyCoreProcessor$BatchEventListenerProcessor.onEvent(DisruptorNettyCoreProcessor.java:85)
	at com.yu.gateway.core.netty.processor.DisruptorNettyCoreProcessor$BatchEventListenerProcessor.onEvent(DisruptorNettyCoreProcessor.java:81)
	at com.yu.gateway.core.disruptor.ParallelQueueHandler$HolderWorkHandler.onEvent(ParallelQueueHandler.java:202)
	at com.yu.gateway.core.disruptor.ParallelQueueHandler$HolderWorkHandler.onEvent(ParallelQueueHandler.java:199)
	at com.lmax.disruptor.WorkProcessor.run(WorkProcessor.java:143)
	at java.base/java.util.concurrent.ThreadPoolExecutor.runWorker(ThreadPoolExecutor.java:1144)
	at java.base/java.util.concurrent.ThreadPoolExecutor$Worker.run(ThreadPoolExecutor.java:642)
	at java.base/java.lang.Thread.run(Thread.java:1589)
2025-09-19 16:41:34.824  INFO  [doSubscribeAllServices.0] c.y.g.r.c.n.i.NacosRegisterCenter - service list size 3
2025-09-19 16:41:44.839  INFO  [doSubscribeAllServices.0] c.y.g.r.c.n.i.NacosRegisterCenter - service list size 3
2025-09-19 16:41:54.852  INFO  [doSubscribeAllServices.0] c.y.g.r.c.n.i.NacosRegisterCenter - service list size 3
2025-09-19 16:42:04.869  INFO  [doSubscribeAllServices.0] c.y.g.r.c.n.i.NacosRegisterCenter - service list size 3
2025-09-19 16:42:14.890  INFO  [doSubscribeAllServices.0] c.y.g.r.c.n.i.NacosRegisterCenter - service list size 3
2025-09-19 16:42:24.898  INFO  [doSubscribeAllServices.0] c.y.g.r.c.n.i.NacosRegisterCenter - service list size 3
2025-09-19 16:42:34.916  INFO  [doSubscribeAllServices.0] c.y.g.r.c.n.i.NacosRegisterCenter - service list size 3
2025-09-19 16:42:44.935  INFO  [doSubscribeAllServices.0] c.y.g.r.c.n.i.NacosRegisterCenter - service list size 3
2025-09-19 16:42:54.947  INFO  [doSubscribeAllServices.0] c.y.g.r.c.n.i.NacosRegisterCenter - service list size 3
2025-09-19 16:43:04.955  INFO  [doSubscribeAllServices.0] c.y.g.r.c.n.i.NacosRegisterCenter - service list size 3
2025-09-19 16:43:12.471  ERROR [nacos-grpc-client-executor-160] c.a.n.c.r.c.g.GrpcClient - [1758270633121_127.0.0.1_65371]Request stream error, switch server,error={}
com.alibaba.nacos.shaded.io.grpc.StatusRuntimeException: UNAVAILABLE: io exception
	at com.alibaba.nacos.shaded.io.grpc.Status.asRuntimeException(Status.java:533)
	at com.alibaba.nacos.shaded.io.grpc.stub.ClientCalls$StreamObserverToCallListenerAdapter.onClose(ClientCalls.java:442)
	at com.alibaba.nacos.shaded.io.grpc.PartialForwardingClientCallListener.onClose(PartialForwardingClientCallListener.java:39)
	at com.alibaba.nacos.shaded.io.grpc.ForwardingClientCallListener.onClose(ForwardingClientCallListener.java:23)
	at com.alibaba.nacos.shaded.io.grpc.ForwardingClientCallListener$SimpleForwardingClientCallListener.onClose(ForwardingClientCallListener.java:40)
	at com.alibaba.nacos.shaded.io.grpc.internal.CensusStatsModule$StatsClientInterceptor$1$1.onClose(CensusStatsModule.java:700)
	at com.alibaba.nacos.shaded.io.grpc.PartialForwardingClientCallListener.onClose(PartialForwardingClientCallListener.java:39)
	at com.alibaba.nacos.shaded.io.grpc.ForwardingClientCallListener.onClose(ForwardingClientCallListener.java:23)
	at com.alibaba.nacos.shaded.io.grpc.ForwardingClientCallListener$SimpleForwardingClientCallListener.onClose(ForwardingClientCallListener.java:40)
	at com.alibaba.nacos.shaded.io.grpc.internal.CensusTracingModule$TracingClientInterceptor$1$1.onClose(CensusTracingModule.java:399)
	at com.alibaba.nacos.shaded.io.grpc.internal.ClientCallImpl.closeObserver(ClientCallImpl.java:510)
	at com.alibaba.nacos.shaded.io.grpc.internal.ClientCallImpl.access$300(ClientCallImpl.java:66)
	at com.alibaba.nacos.shaded.io.grpc.internal.ClientCallImpl$ClientStreamListenerImpl.close(ClientCallImpl.java:630)
	at com.alibaba.nacos.shaded.io.grpc.internal.ClientCallImpl$ClientStreamListenerImpl.access$700(ClientCallImpl.java:518)
	at com.alibaba.nacos.shaded.io.grpc.internal.ClientCallImpl$ClientStreamListenerImpl$1StreamClosed.runInternal(ClientCallImpl.java:692)
	at com.alibaba.nacos.shaded.io.grpc.internal.ClientCallImpl$ClientStreamListenerImpl$1StreamClosed.runInContext(ClientCallImpl.java:681)
	at com.alibaba.nacos.shaded.io.grpc.internal.ContextRunnable.run(ContextRunnable.java:37)
	at com.alibaba.nacos.shaded.io.grpc.internal.SerializingExecutor.run(SerializingExecutor.java:123)
	at java.base/java.util.concurrent.ThreadPoolExecutor.runWorker(ThreadPoolExecutor.java:1144)
	at java.base/java.util.concurrent.ThreadPoolExecutor$Worker.run(ThreadPoolExecutor.java:642)
	at java.base/java.lang.Thread.run(Thread.java:1589)
Caused by: java.net.SocketException: Connection reset
	at java.base/sun.nio.ch.SocketChannelImpl.throwConnectionReset(SocketChannelImpl.java:401)
	at java.base/sun.nio.ch.SocketChannelImpl.read(SocketChannelImpl.java:434)
	at com.alibaba.nacos.shaded.io.grpc.netty.shaded.io.netty.buffer.PooledByteBuf.setBytes(PooledByteBuf.java:247)
	at com.alibaba.nacos.shaded.io.grpc.netty.shaded.io.netty.buffer.AbstractByteBuf.writeBytes(AbstractByteBuf.java:1140)
	at com.alibaba.nacos.shaded.io.grpc.netty.shaded.io.netty.channel.socket.nio.NioSocketChannel.doReadBytes(NioSocketChannel.java:347)
	at com.alibaba.nacos.shaded.io.grpc.netty.shaded.io.netty.channel.nio.AbstractNioByteChannel$NioByteUnsafe.read(AbstractNioByteChannel.java:148)
	at com.alibaba.nacos.shaded.io.grpc.netty.shaded.io.netty.channel.nio.NioEventLoop.processSelectedKey(NioEventLoop.java:697)
	at com.alibaba.nacos.shaded.io.grpc.netty.shaded.io.netty.channel.nio.NioEventLoop.processSelectedKeysOptimized(NioEventLoop.java:632)
	at com.alibaba.nacos.shaded.io.grpc.netty.shaded.io.netty.channel.nio.NioEventLoop.processSelectedKeys(NioEventLoop.java:549)
	at com.alibaba.nacos.shaded.io.grpc.netty.shaded.io.netty.channel.nio.NioEventLoop.run(NioEventLoop.java:511)
	at com.alibaba.nacos.shaded.io.grpc.netty.shaded.io.netty.util.concurrent.SingleThreadEventExecutor$5.run(SingleThreadEventExecutor.java:918)
	at com.alibaba.nacos.shaded.io.grpc.netty.shaded.io.netty.util.internal.ThreadExecutorMap$2.run(ThreadExecutorMap.java:74)
	at com.alibaba.nacos.shaded.io.grpc.netty.shaded.io.netty.util.concurrent.FastThreadLocalRunnable.run(FastThreadLocalRunnable.java:30)
	... 1 common frames omitted
2025-09-19 16:43:12.471  ERROR [nacos-grpc-client-executor-287] c.a.n.c.r.c.g.GrpcClient - [1758270633695_127.0.0.1_65372]Request stream error, switch server,error={}
com.alibaba.nacos.shaded.io.grpc.StatusRuntimeException: UNAVAILABLE: io exception
	at com.alibaba.nacos.shaded.io.grpc.Status.asRuntimeException(Status.java:533)
	at com.alibaba.nacos.shaded.io.grpc.stub.ClientCalls$StreamObserverToCallListenerAdapter.onClose(ClientCalls.java:442)
	at com.alibaba.nacos.shaded.io.grpc.PartialForwardingClientCallListener.onClose(PartialForwardingClientCallListener.java:39)
	at com.alibaba.nacos.shaded.io.grpc.ForwardingClientCallListener.onClose(ForwardingClientCallListener.java:23)
	at com.alibaba.nacos.shaded.io.grpc.ForwardingClientCallListener$SimpleForwardingClientCallListener.onClose(ForwardingClientCallListener.java:40)
	at com.alibaba.nacos.shaded.io.grpc.internal.CensusStatsModule$StatsClientInterceptor$1$1.onClose(CensusStatsModule.java:700)
	at com.alibaba.nacos.shaded.io.grpc.PartialForwardingClientCallListener.onClose(PartialForwardingClientCallListener.java:39)
	at com.alibaba.nacos.shaded.io.grpc.ForwardingClientCallListener.onClose(ForwardingClientCallListener.java:23)
	at com.alibaba.nacos.shaded.io.grpc.ForwardingClientCallListener$SimpleForwardingClientCallListener.onClose(ForwardingClientCallListener.java:40)
	at com.alibaba.nacos.shaded.io.grpc.internal.CensusTracingModule$TracingClientInterceptor$1$1.onClose(CensusTracingModule.java:399)
	at com.alibaba.nacos.shaded.io.grpc.internal.ClientCallImpl.closeObserver(ClientCallImpl.java:510)
	at com.alibaba.nacos.shaded.io.grpc.internal.ClientCallImpl.access$300(ClientCallImpl.java:66)
	at com.alibaba.nacos.shaded.io.grpc.internal.ClientCallImpl$ClientStreamListenerImpl.close(ClientCallImpl.java:630)
	at com.alibaba.nacos.shaded.io.grpc.internal.ClientCallImpl$ClientStreamListenerImpl.access$700(ClientCallImpl.java:518)
	at com.alibaba.nacos.shaded.io.grpc.internal.ClientCallImpl$ClientStreamListenerImpl$1StreamClosed.runInternal(ClientCallImpl.java:692)
	at com.alibaba.nacos.shaded.io.grpc.internal.ClientCallImpl$ClientStreamListenerImpl$1StreamClosed.runInContext(ClientCallImpl.java:681)
	at com.alibaba.nacos.shaded.io.grpc.internal.ContextRunnable.run(ContextRunnable.java:37)
	at com.alibaba.nacos.shaded.io.grpc.internal.SerializingExecutor.run(SerializingExecutor.java:123)
	at java.base/java.util.concurrent.ThreadPoolExecutor.runWorker(ThreadPoolExecutor.java:1144)
	at java.base/java.util.concurrent.ThreadPoolExecutor$Worker.run(ThreadPoolExecutor.java:642)
	at java.base/java.lang.Thread.run(Thread.java:1589)
Caused by: java.net.SocketException: Connection reset
	at java.base/sun.nio.ch.SocketChannelImpl.throwConnectionReset(SocketChannelImpl.java:401)
	at java.base/sun.nio.ch.SocketChannelImpl.read(SocketChannelImpl.java:434)
	at com.alibaba.nacos.shaded.io.grpc.netty.shaded.io.netty.buffer.PooledByteBuf.setBytes(PooledByteBuf.java:247)
	at com.alibaba.nacos.shaded.io.grpc.netty.shaded.io.netty.buffer.AbstractByteBuf.writeBytes(AbstractByteBuf.java:1140)
	at com.alibaba.nacos.shaded.io.grpc.netty.shaded.io.netty.channel.socket.nio.NioSocketChannel.doReadBytes(NioSocketChannel.java:347)
	at com.alibaba.nacos.shaded.io.grpc.netty.shaded.io.netty.channel.nio.AbstractNioByteChannel$NioByteUnsafe.read(AbstractNioByteChannel.java:148)
	at com.alibaba.nacos.shaded.io.grpc.netty.shaded.io.netty.channel.nio.NioEventLoop.processSelectedKey(NioEventLoop.java:697)
	at com.alibaba.nacos.shaded.io.grpc.netty.shaded.io.netty.channel.nio.NioEventLoop.processSelectedKeysOptimized(NioEventLoop.java:632)
	at com.alibaba.nacos.shaded.io.grpc.netty.shaded.io.netty.channel.nio.NioEventLoop.processSelectedKeys(NioEventLoop.java:549)
	at com.alibaba.nacos.shaded.io.grpc.netty.shaded.io.netty.channel.nio.NioEventLoop.run(NioEventLoop.java:511)
	at com.alibaba.nacos.shaded.io.grpc.netty.shaded.io.netty.util.concurrent.SingleThreadEventExecutor$5.run(SingleThreadEventExecutor.java:918)
	at com.alibaba.nacos.shaded.io.grpc.netty.shaded.io.netty.util.internal.ThreadExecutorMap$2.run(ThreadExecutorMap.java:74)
	at com.alibaba.nacos.shaded.io.grpc.netty.shaded.io.netty.util.concurrent.FastThreadLocalRunnable.run(FastThreadLocalRunnable.java:30)
	... 1 common frames omitted
2025-09-19 16:43:12.472  INFO  [com.alibaba.nacos.client.remote.worker] c.a.n.c.r.client - [f873d6c5-5f04-4ad4-8e15-9752c9c8655b_config-0] Try to reconnect to a new server, server is  not appointed, will choose a random server.
2025-09-19 16:43:12.472  INFO  [com.alibaba.nacos.client.remote.worker] c.a.n.c.r.client - [7ac475ea-e033-46d7-99df-df38e2d80aad] Try to reconnect to a new server, server is  not appointed, will choose a random server.
2025-09-19 16:43:12.485  ERROR [com.alibaba.nacos.client.remote.worker] c.a.n.c.r.c.g.GrpcClient - Server check fail, please check server 127.0.0.1 ,port 9848 is available , error ={}
java.util.concurrent.ExecutionException: com.alibaba.nacos.shaded.io.grpc.StatusRuntimeException: UNAVAILABLE: io exception
	at com.alibaba.nacos.shaded.com.google.common.util.concurrent.AbstractFuture.getDoneValue(AbstractFuture.java:566)
	at com.alibaba.nacos.shaded.com.google.common.util.concurrent.AbstractFuture.get(AbstractFuture.java:445)
	at com.alibaba.nacos.common.remote.client.grpc.GrpcClient.serverCheck(GrpcClient.java:148)
	at com.alibaba.nacos.common.remote.client.grpc.GrpcClient.connectToServer(GrpcClient.java:264)
	at com.alibaba.nacos.common.remote.client.RpcClient.reconnect(RpcClient.java:522)
	at com.alibaba.nacos.common.remote.client.RpcClient.lambda$start$2(RpcClient.java:370)
	at java.base/java.util.concurrent.Executors$RunnableAdapter.call(Executors.java:577)
	at java.base/java.util.concurrent.FutureTask.run(FutureTask.java:317)
	at java.base/java.util.concurrent.ScheduledThreadPoolExecutor$ScheduledFutureTask.run(ScheduledThreadPoolExecutor.java:304)
	at java.base/java.util.concurrent.ThreadPoolExecutor.runWorker(ThreadPoolExecutor.java:1144)
	at java.base/java.util.concurrent.ThreadPoolExecutor$Worker.run(ThreadPoolExecutor.java:642)
	at java.base/java.lang.Thread.run(Thread.java:1589)
Caused by: com.alibaba.nacos.shaded.io.grpc.StatusRuntimeException: UNAVAILABLE: io exception
	at com.alibaba.nacos.shaded.io.grpc.Status.asRuntimeException(Status.java:533)
	at com.alibaba.nacos.shaded.io.grpc.stub.ClientCalls$UnaryStreamToFuture.onClose(ClientCalls.java:490)
	at com.alibaba.nacos.shaded.io.grpc.PartialForwardingClientCallListener.onClose(PartialForwardingClientCallListener.java:39)
	at com.alibaba.nacos.shaded.io.grpc.ForwardingClientCallListener.onClose(ForwardingClientCallListener.java:23)
	at com.alibaba.nacos.shaded.io.grpc.ForwardingClientCallListener$SimpleForwardingClientCallListener.onClose(ForwardingClientCallListener.java:40)
	at com.alibaba.nacos.shaded.io.grpc.internal.CensusStatsModule$StatsClientInterceptor$1$1.onClose(CensusStatsModule.java:700)
	at com.alibaba.nacos.shaded.io.grpc.PartialForwardingClientCallListener.onClose(PartialForwardingClientCallListener.java:39)
	at com.alibaba.nacos.shaded.io.grpc.ForwardingClientCallListener.onClose(ForwardingClientCallListener.java:23)
	at com.alibaba.nacos.shaded.io.grpc.ForwardingClientCallListener$SimpleForwardingClientCallListener.onClose(ForwardingClientCallListener.java:40)
	at com.alibaba.nacos.shaded.io.grpc.internal.CensusTracingModule$TracingClientInterceptor$1$1.onClose(CensusTracingModule.java:399)
	at com.alibaba.nacos.shaded.io.grpc.internal.ClientCallImpl.closeObserver(ClientCallImpl.java:510)
	at com.alibaba.nacos.shaded.io.grpc.internal.ClientCallImpl.access$300(ClientCallImpl.java:66)
	at com.alibaba.nacos.shaded.io.grpc.internal.ClientCallImpl$ClientStreamListenerImpl.close(ClientCallImpl.java:630)
	at com.alibaba.nacos.shaded.io.grpc.internal.ClientCallImpl$ClientStreamListenerImpl.access$700(ClientCallImpl.java:518)
	at com.alibaba.nacos.shaded.io.grpc.internal.ClientCallImpl$ClientStreamListenerImpl$1StreamClosed.runInternal(ClientCallImpl.java:692)
	at com.alibaba.nacos.shaded.io.grpc.internal.ClientCallImpl$ClientStreamListenerImpl$1StreamClosed.runInContext(ClientCallImpl.java:681)
	at com.alibaba.nacos.shaded.io.grpc.internal.ContextRunnable.run(ContextRunnable.java:37)
	at com.alibaba.nacos.shaded.io.grpc.internal.SerializingExecutor.run(SerializingExecutor.java:123)
	... 3 common frames omitted
Caused by: com.alibaba.nacos.shaded.io.grpc.netty.shaded.io.netty.channel.AbstractChannel$AnnotatedConnectException: Connection refused: no further information: /127.0.0.1:9848
Caused by: java.net.ConnectException: Connection refused: no further information
	at java.base/sun.nio.ch.Net.pollConnect(Native Method)
	at java.base/sun.nio.ch.Net.pollConnectNow(Net.java:672)
	at java.base/sun.nio.ch.SocketChannelImpl.finishConnect(SocketChannelImpl.java:973)
	at com.alibaba.nacos.shaded.io.grpc.netty.shaded.io.netty.channel.socket.nio.NioSocketChannel.doFinishConnect(NioSocketChannel.java:327)
	at com.alibaba.nacos.shaded.io.grpc.netty.shaded.io.netty.channel.nio.AbstractNioChannel$AbstractNioUnsafe.finishConnect(AbstractNioChannel.java:336)
	at com.alibaba.nacos.shaded.io.grpc.netty.shaded.io.netty.channel.nio.NioEventLoop.processSelectedKey(NioEventLoop.java:685)
	at com.alibaba.nacos.shaded.io.grpc.netty.shaded.io.netty.channel.nio.NioEventLoop.processSelectedKeysOptimized(NioEventLoop.java:632)
	at com.alibaba.nacos.shaded.io.grpc.netty.shaded.io.netty.channel.nio.NioEventLoop.processSelectedKeys(NioEventLoop.java:549)
	at com.alibaba.nacos.shaded.io.grpc.netty.shaded.io.netty.channel.nio.NioEventLoop.run(NioEventLoop.java:511)
	at com.alibaba.nacos.shaded.io.grpc.netty.shaded.io.netty.util.concurrent.SingleThreadEventExecutor$5.run(SingleThreadEventExecutor.java:918)
	at com.alibaba.nacos.shaded.io.grpc.netty.shaded.io.netty.util.internal.ThreadExecutorMap$2.run(ThreadExecutorMap.java:74)
	at com.alibaba.nacos.shaded.io.grpc.netty.shaded.io.netty.util.concurrent.FastThreadLocalRunnable.run(FastThreadLocalRunnable.java:30)
	at java.base/java.lang.Thread.run(Thread.java:1589)
2025-09-19 16:43:12.486  ERROR [com.alibaba.nacos.client.remote.worker] c.a.n.c.r.c.g.GrpcClient - Server check fail, please check server 127.0.0.1 ,port 9848 is available , error ={}
java.util.concurrent.ExecutionException: com.alibaba.nacos.shaded.io.grpc.StatusRuntimeException: UNAVAILABLE: io exception
	at com.alibaba.nacos.shaded.com.google.common.util.concurrent.AbstractFuture.getDoneValue(AbstractFuture.java:566)
	at com.alibaba.nacos.shaded.com.google.common.util.concurrent.AbstractFuture.get(AbstractFuture.java:445)
	at com.alibaba.nacos.common.remote.client.grpc.GrpcClient.serverCheck(GrpcClient.java:148)
	at com.alibaba.nacos.common.remote.client.grpc.GrpcClient.connectToServer(GrpcClient.java:264)
	at com.alibaba.nacos.common.remote.client.RpcClient.reconnect(RpcClient.java:522)
	at com.alibaba.nacos.common.remote.client.RpcClient.lambda$start$2(RpcClient.java:370)
	at java.base/java.util.concurrent.Executors$RunnableAdapter.call(Executors.java:577)
	at java.base/java.util.concurrent.FutureTask.run(FutureTask.java:317)
	at java.base/java.util.concurrent.ScheduledThreadPoolExecutor$ScheduledFutureTask.run(ScheduledThreadPoolExecutor.java:304)
	at java.base/java.util.concurrent.ThreadPoolExecutor.runWorker(ThreadPoolExecutor.java:1144)
	at java.base/java.util.concurrent.ThreadPoolExecutor$Worker.run(ThreadPoolExecutor.java:642)
	at java.base/java.lang.Thread.run(Thread.java:1589)
Caused by: com.alibaba.nacos.shaded.io.grpc.StatusRuntimeException: UNAVAILABLE: io exception
	at com.alibaba.nacos.shaded.io.grpc.Status.asRuntimeException(Status.java:533)
	at com.alibaba.nacos.shaded.io.grpc.stub.ClientCalls$UnaryStreamToFuture.onClose(ClientCalls.java:490)
	at com.alibaba.nacos.shaded.io.grpc.PartialForwardingClientCallListener.onClose(PartialForwardingClientCallListener.java:39)
	at com.alibaba.nacos.shaded.io.grpc.ForwardingClientCallListener.onClose(ForwardingClientCallListener.java:23)
	at com.alibaba.nacos.shaded.io.grpc.ForwardingClientCallListener$SimpleForwardingClientCallListener.onClose(ForwardingClientCallListener.java:40)
	at com.alibaba.nacos.shaded.io.grpc.internal.CensusStatsModule$StatsClientInterceptor$1$1.onClose(CensusStatsModule.java:700)
	at com.alibaba.nacos.shaded.io.grpc.PartialForwardingClientCallListener.onClose(PartialForwardingClientCallListener.java:39)
	at com.alibaba.nacos.shaded.io.grpc.ForwardingClientCallListener.onClose(ForwardingClientCallListener.java:23)
	at com.alibaba.nacos.shaded.io.grpc.ForwardingClientCallListener$SimpleForwardingClientCallListener.onClose(ForwardingClientCallListener.java:40)
	at com.alibaba.nacos.shaded.io.grpc.internal.CensusTracingModule$TracingClientInterceptor$1$1.onClose(CensusTracingModule.java:399)
	at com.alibaba.nacos.shaded.io.grpc.internal.ClientCallImpl.closeObserver(ClientCallImpl.java:510)
	at com.alibaba.nacos.shaded.io.grpc.internal.ClientCallImpl.access$300(ClientCallImpl.java:66)
	at com.alibaba.nacos.shaded.io.grpc.internal.ClientCallImpl$ClientStreamListenerImpl.close(ClientCallImpl.java:630)
	at com.alibaba.nacos.shaded.io.grpc.internal.ClientCallImpl$ClientStreamListenerImpl.access$700(ClientCallImpl.java:518)
	at com.alibaba.nacos.shaded.io.grpc.internal.ClientCallImpl$ClientStreamListenerImpl$1StreamClosed.runInternal(ClientCallImpl.java:692)
	at com.alibaba.nacos.shaded.io.grpc.internal.ClientCallImpl$ClientStreamListenerImpl$1StreamClosed.runInContext(ClientCallImpl.java:681)
	at com.alibaba.nacos.shaded.io.grpc.internal.ContextRunnable.run(ContextRunnable.java:37)
	at com.alibaba.nacos.shaded.io.grpc.internal.SerializingExecutor.run(SerializingExecutor.java:123)
	... 3 common frames omitted
Caused by: com.alibaba.nacos.shaded.io.grpc.netty.shaded.io.netty.channel.AbstractChannel$AnnotatedConnectException: Connection refused: no further information: /127.0.0.1:9848
Caused by: java.net.ConnectException: Connection refused: no further information
	at java.base/sun.nio.ch.Net.pollConnect(Native Method)
	at java.base/sun.nio.ch.Net.pollConnectNow(Net.java:672)
	at java.base/sun.nio.ch.SocketChannelImpl.finishConnect(SocketChannelImpl.java:973)
	at com.alibaba.nacos.shaded.io.grpc.netty.shaded.io.netty.channel.socket.nio.NioSocketChannel.doFinishConnect(NioSocketChannel.java:327)
	at com.alibaba.nacos.shaded.io.grpc.netty.shaded.io.netty.channel.nio.AbstractNioChannel$AbstractNioUnsafe.finishConnect(AbstractNioChannel.java:336)
	at com.alibaba.nacos.shaded.io.grpc.netty.shaded.io.netty.channel.nio.NioEventLoop.processSelectedKey(NioEventLoop.java:685)
	at com.alibaba.nacos.shaded.io.grpc.netty.shaded.io.netty.channel.nio.NioEventLoop.processSelectedKeysOptimized(NioEventLoop.java:632)
	at com.alibaba.nacos.shaded.io.grpc.netty.shaded.io.netty.channel.nio.NioEventLoop.processSelectedKeys(NioEventLoop.java:549)
	at com.alibaba.nacos.shaded.io.grpc.netty.shaded.io.netty.channel.nio.NioEventLoop.run(NioEventLoop.java:511)
	at com.alibaba.nacos.shaded.io.grpc.netty.shaded.io.netty.util.concurrent.SingleThreadEventExecutor$5.run(SingleThreadEventExecutor.java:918)
	at com.alibaba.nacos.shaded.io.grpc.netty.shaded.io.netty.util.internal.ThreadExecutorMap$2.run(ThreadExecutorMap.java:74)
	at com.alibaba.nacos.shaded.io.grpc.netty.shaded.io.netty.util.concurrent.FastThreadLocalRunnable.run(FastThreadLocalRunnable.java:30)
	at java.base/java.lang.Thread.run(Thread.java:1589)
2025-09-19 16:43:12.598  ERROR [com.alibaba.nacos.client.remote.worker] c.a.n.c.r.c.g.GrpcClient - Server check fail, please check server 127.0.0.1 ,port 9848 is available , error ={}
java.util.concurrent.ExecutionException: com.alibaba.nacos.shaded.io.grpc.StatusRuntimeException: UNAVAILABLE: io exception
	at com.alibaba.nacos.shaded.com.google.common.util.concurrent.AbstractFuture.getDoneValue(AbstractFuture.java:566)
	at com.alibaba.nacos.shaded.com.google.common.util.concurrent.AbstractFuture.get(AbstractFuture.java:445)
	at com.alibaba.nacos.common.remote.client.grpc.GrpcClient.serverCheck(GrpcClient.java:148)
	at com.alibaba.nacos.common.remote.client.grpc.GrpcClient.connectToServer(GrpcClient.java:264)
	at com.alibaba.nacos.common.remote.client.RpcClient.reconnect(RpcClient.java:522)
	at com.alibaba.nacos.common.remote.client.RpcClient.lambda$start$2(RpcClient.java:370)
	at java.base/java.util.concurrent.Executors$RunnableAdapter.call(Executors.java:577)
	at java.base/java.util.concurrent.FutureTask.run(FutureTask.java:317)
	at java.base/java.util.concurrent.ScheduledThreadPoolExecutor$ScheduledFutureTask.run(ScheduledThreadPoolExecutor.java:304)
	at java.base/java.util.concurrent.ThreadPoolExecutor.runWorker(ThreadPoolExecutor.java:1144)
	at java.base/java.util.concurrent.ThreadPoolExecutor$Worker.run(ThreadPoolExecutor.java:642)
	at java.base/java.lang.Thread.run(Thread.java:1589)
Caused by: com.alibaba.nacos.shaded.io.grpc.StatusRuntimeException: UNAVAILABLE: io exception
	at com.alibaba.nacos.shaded.io.grpc.Status.asRuntimeException(Status.java:533)
	at com.alibaba.nacos.shaded.io.grpc.stub.ClientCalls$UnaryStreamToFuture.onClose(ClientCalls.java:490)
	at com.alibaba.nacos.shaded.io.grpc.PartialForwardingClientCallListener.onClose(PartialForwardingClientCallListener.java:39)
	at com.alibaba.nacos.shaded.io.grpc.ForwardingClientCallListener.onClose(ForwardingClientCallListener.java:23)
	at com.alibaba.nacos.shaded.io.grpc.ForwardingClientCallListener$SimpleForwardingClientCallListener.onClose(ForwardingClientCallListener.java:40)
	at com.alibaba.nacos.shaded.io.grpc.internal.CensusStatsModule$StatsClientInterceptor$1$1.onClose(CensusStatsModule.java:700)
	at com.alibaba.nacos.shaded.io.grpc.PartialForwardingClientCallListener.onClose(PartialForwardingClientCallListener.java:39)
	at com.alibaba.nacos.shaded.io.grpc.ForwardingClientCallListener.onClose(ForwardingClientCallListener.java:23)
	at com.alibaba.nacos.shaded.io.grpc.ForwardingClientCallListener$SimpleForwardingClientCallListener.onClose(ForwardingClientCallListener.java:40)
	at com.alibaba.nacos.shaded.io.grpc.internal.CensusTracingModule$TracingClientInterceptor$1$1.onClose(CensusTracingModule.java:399)
	at com.alibaba.nacos.shaded.io.grpc.internal.ClientCallImpl.closeObserver(ClientCallImpl.java:510)
	at com.alibaba.nacos.shaded.io.grpc.internal.ClientCallImpl.access$300(ClientCallImpl.java:66)
	at com.alibaba.nacos.shaded.io.grpc.internal.ClientCallImpl$ClientStreamListenerImpl.close(ClientCallImpl.java:630)
	at com.alibaba.nacos.shaded.io.grpc.internal.ClientCallImpl$ClientStreamListenerImpl.access$700(ClientCallImpl.java:518)
	at com.alibaba.nacos.shaded.io.grpc.internal.ClientCallImpl$ClientStreamListenerImpl$1StreamClosed.runInternal(ClientCallImpl.java:692)
	at com.alibaba.nacos.shaded.io.grpc.internal.ClientCallImpl$ClientStreamListenerImpl$1StreamClosed.runInContext(ClientCallImpl.java:681)
	at com.alibaba.nacos.shaded.io.grpc.internal.ContextRunnable.run(ContextRunnable.java:37)
	at com.alibaba.nacos.shaded.io.grpc.internal.SerializingExecutor.run(SerializingExecutor.java:123)
	... 3 common frames omitted
Caused by: com.alibaba.nacos.shaded.io.grpc.netty.shaded.io.netty.channel.AbstractChannel$AnnotatedConnectException: Connection refused: no further information: /127.0.0.1:9848
Caused by: java.net.ConnectException: Connection refused: no further information
	at java.base/sun.nio.ch.Net.pollConnect(Native Method)
	at java.base/sun.nio.ch.Net.pollConnectNow(Net.java:672)
	at java.base/sun.nio.ch.SocketChannelImpl.finishConnect(SocketChannelImpl.java:973)
	at com.alibaba.nacos.shaded.io.grpc.netty.shaded.io.netty.channel.socket.nio.NioSocketChannel.doFinishConnect(NioSocketChannel.java:327)
	at com.alibaba.nacos.shaded.io.grpc.netty.shaded.io.netty.channel.nio.AbstractNioChannel$AbstractNioUnsafe.finishConnect(AbstractNioChannel.java:336)
	at com.alibaba.nacos.shaded.io.grpc.netty.shaded.io.netty.channel.nio.NioEventLoop.processSelectedKey(NioEventLoop.java:685)
	at com.alibaba.nacos.shaded.io.grpc.netty.shaded.io.netty.channel.nio.NioEventLoop.processSelectedKeysOptimized(NioEventLoop.java:632)
	at com.alibaba.nacos.shaded.io.grpc.netty.shaded.io.netty.channel.nio.NioEventLoop.processSelectedKeys(NioEventLoop.java:549)
	at com.alibaba.nacos.shaded.io.grpc.netty.shaded.io.netty.channel.nio.NioEventLoop.run(NioEventLoop.java:511)
	at com.alibaba.nacos.shaded.io.grpc.netty.shaded.io.netty.util.concurrent.SingleThreadEventExecutor$5.run(SingleThreadEventExecutor.java:918)
	at com.alibaba.nacos.shaded.io.grpc.netty.shaded.io.netty.util.internal.ThreadExecutorMap$2.run(ThreadExecutorMap.java:74)
	at com.alibaba.nacos.shaded.io.grpc.netty.shaded.io.netty.util.concurrent.FastThreadLocalRunnable.run(FastThreadLocalRunnable.java:30)
	at java.base/java.lang.Thread.run(Thread.java:1589)
2025-09-19 16:43:12.599  ERROR [com.alibaba.nacos.client.remote.worker] c.a.n.c.r.c.g.GrpcClient - Server check fail, please check server 127.0.0.1 ,port 9848 is available , error ={}
java.util.concurrent.ExecutionException: com.alibaba.nacos.shaded.io.grpc.StatusRuntimeException: UNAVAILABLE: io exception
	at com.alibaba.nacos.shaded.com.google.common.util.concurrent.AbstractFuture.getDoneValue(AbstractFuture.java:566)
	at com.alibaba.nacos.shaded.com.google.common.util.concurrent.AbstractFuture.get(AbstractFuture.java:445)
	at com.alibaba.nacos.common.remote.client.grpc.GrpcClient.serverCheck(GrpcClient.java:148)
	at com.alibaba.nacos.common.remote.client.grpc.GrpcClient.connectToServer(GrpcClient.java:264)
	at com.alibaba.nacos.common.remote.client.RpcClient.reconnect(RpcClient.java:522)
	at com.alibaba.nacos.common.remote.client.RpcClient.lambda$start$2(RpcClient.java:370)
	at java.base/java.util.concurrent.Executors$RunnableAdapter.call(Executors.java:577)
	at java.base/java.util.concurrent.FutureTask.run(FutureTask.java:317)
	at java.base/java.util.concurrent.ScheduledThreadPoolExecutor$ScheduledFutureTask.run(ScheduledThreadPoolExecutor.java:304)
	at java.base/java.util.concurrent.ThreadPoolExecutor.runWorker(ThreadPoolExecutor.java:1144)
	at java.base/java.util.concurrent.ThreadPoolExecutor$Worker.run(ThreadPoolExecutor.java:642)
	at java.base/java.lang.Thread.run(Thread.java:1589)
Caused by: com.alibaba.nacos.shaded.io.grpc.StatusRuntimeException: UNAVAILABLE: io exception
	at com.alibaba.nacos.shaded.io.grpc.Status.asRuntimeException(Status.java:533)
	at com.alibaba.nacos.shaded.io.grpc.stub.ClientCalls$UnaryStreamToFuture.onClose(ClientCalls.java:490)
	at com.alibaba.nacos.shaded.io.grpc.PartialForwardingClientCallListener.onClose(PartialForwardingClientCallListener.java:39)
	at com.alibaba.nacos.shaded.io.grpc.ForwardingClientCallListener.onClose(ForwardingClientCallListener.java:23)
	at com.alibaba.nacos.shaded.io.grpc.ForwardingClientCallListener$SimpleForwardingClientCallListener.onClose(ForwardingClientCallListener.java:40)
	at com.alibaba.nacos.shaded.io.grpc.internal.CensusStatsModule$StatsClientInterceptor$1$1.onClose(CensusStatsModule.java:700)
	at com.alibaba.nacos.shaded.io.grpc.PartialForwardingClientCallListener.onClose(PartialForwardingClientCallListener.java:39)
	at com.alibaba.nacos.shaded.io.grpc.ForwardingClientCallListener.onClose(ForwardingClientCallListener.java:23)
	at com.alibaba.nacos.shaded.io.grpc.ForwardingClientCallListener$SimpleForwardingClientCallListener.onClose(ForwardingClientCallListener.java:40)
	at com.alibaba.nacos.shaded.io.grpc.internal.CensusTracingModule$TracingClientInterceptor$1$1.onClose(CensusTracingModule.java:399)
	at com.alibaba.nacos.shaded.io.grpc.internal.ClientCallImpl.closeObserver(ClientCallImpl.java:510)
	at com.alibaba.nacos.shaded.io.grpc.internal.ClientCallImpl.access$300(ClientCallImpl.java:66)
	at com.alibaba.nacos.shaded.io.grpc.internal.ClientCallImpl$ClientStreamListenerImpl.close(ClientCallImpl.java:630)
	at com.alibaba.nacos.shaded.io.grpc.internal.ClientCallImpl$ClientStreamListenerImpl.access$700(ClientCallImpl.java:518)
	at com.alibaba.nacos.shaded.io.grpc.internal.ClientCallImpl$ClientStreamListenerImpl$1StreamClosed.runInternal(ClientCallImpl.java:692)
	at com.alibaba.nacos.shaded.io.grpc.internal.ClientCallImpl$ClientStreamListenerImpl$1StreamClosed.runInContext(ClientCallImpl.java:681)
	at com.alibaba.nacos.shaded.io.grpc.internal.ContextRunnable.run(ContextRunnable.java:37)
	at com.alibaba.nacos.shaded.io.grpc.internal.SerializingExecutor.run(SerializingExecutor.java:123)
	... 3 common frames omitted
Caused by: com.alibaba.nacos.shaded.io.grpc.netty.shaded.io.netty.channel.AbstractChannel$AnnotatedConnectException: Connection refused: no further information: /127.0.0.1:9848
Caused by: java.net.ConnectException: Connection refused: no further information
	at java.base/sun.nio.ch.Net.pollConnect(Native Method)
	at java.base/sun.nio.ch.Net.pollConnectNow(Net.java:672)
	at java.base/sun.nio.ch.SocketChannelImpl.finishConnect(SocketChannelImpl.java:973)
	at com.alibaba.nacos.shaded.io.grpc.netty.shaded.io.netty.channel.socket.nio.NioSocketChannel.doFinishConnect(NioSocketChannel.java:327)
	at com.alibaba.nacos.shaded.io.grpc.netty.shaded.io.netty.channel.nio.AbstractNioChannel$AbstractNioUnsafe.finishConnect(AbstractNioChannel.java:336)
	at com.alibaba.nacos.shaded.io.grpc.netty.shaded.io.netty.channel.nio.NioEventLoop.processSelectedKey(NioEventLoop.java:685)
	at com.alibaba.nacos.shaded.io.grpc.netty.shaded.io.netty.channel.nio.NioEventLoop.processSelectedKeysOptimized(NioEventLoop.java:632)
	at com.alibaba.nacos.shaded.io.grpc.netty.shaded.io.netty.channel.nio.NioEventLoop.processSelectedKeys(NioEventLoop.java:549)
	at com.alibaba.nacos.shaded.io.grpc.netty.shaded.io.netty.channel.nio.NioEventLoop.run(NioEventLoop.java:511)
	at com.alibaba.nacos.shaded.io.grpc.netty.shaded.io.netty.util.concurrent.SingleThreadEventExecutor$5.run(SingleThreadEventExecutor.java:918)
	at com.alibaba.nacos.shaded.io.grpc.netty.shaded.io.netty.util.internal.ThreadExecutorMap$2.run(ThreadExecutorMap.java:74)
	at com.alibaba.nacos.shaded.io.grpc.netty.shaded.io.netty.util.concurrent.FastThreadLocalRunnable.run(FastThreadLocalRunnable.java:30)
	at java.base/java.lang.Thread.run(Thread.java:1589)
2025-09-19 16:43:12.599  INFO  [com.alibaba.nacos.client.remote.worker] c.a.n.c.r.client - [f873d6c5-5f04-4ad4-8e15-9752c9c8655b_config-0] Fail to connect server, after trying 1 times, last try server is {serverIp = '127.0.0.1', server main port = 8848}, error = unknown
2025-09-19 16:43:12.600  INFO  [com.alibaba.nacos.client.remote.worker] c.a.n.c.r.client - [7ac475ea-e033-46d7-99df-df38e2d80aad] Fail to connect server, after trying 1 times, last try server is {serverIp = '127.0.0.1', server main port = 8848}, error = unknown
2025-09-19 16:43:12.820  ERROR [com.alibaba.nacos.client.remote.worker] c.a.n.c.r.c.g.GrpcClient - Server check fail, please check server 127.0.0.1 ,port 9848 is available , error ={}
java.util.concurrent.ExecutionException: com.alibaba.nacos.shaded.io.grpc.StatusRuntimeException: UNAVAILABLE: io exception
	at com.alibaba.nacos.shaded.com.google.common.util.concurrent.AbstractFuture.getDoneValue(AbstractFuture.java:566)
	at com.alibaba.nacos.shaded.com.google.common.util.concurrent.AbstractFuture.get(AbstractFuture.java:445)
	at com.alibaba.nacos.common.remote.client.grpc.GrpcClient.serverCheck(GrpcClient.java:148)
	at com.alibaba.nacos.common.remote.client.grpc.GrpcClient.connectToServer(GrpcClient.java:264)
	at com.alibaba.nacos.common.remote.client.RpcClient.reconnect(RpcClient.java:522)
	at com.alibaba.nacos.common.remote.client.RpcClient.lambda$start$2(RpcClient.java:370)
	at java.base/java.util.concurrent.Executors$RunnableAdapter.call(Executors.java:577)
	at java.base/java.util.concurrent.FutureTask.run(FutureTask.java:317)
	at java.base/java.util.concurrent.ScheduledThreadPoolExecutor$ScheduledFutureTask.run(ScheduledThreadPoolExecutor.java:304)
	at java.base/java.util.concurrent.ThreadPoolExecutor.runWorker(ThreadPoolExecutor.java:1144)
	at java.base/java.util.concurrent.ThreadPoolExecutor$Worker.run(ThreadPoolExecutor.java:642)
	at java.base/java.lang.Thread.run(Thread.java:1589)
Caused by: com.alibaba.nacos.shaded.io.grpc.StatusRuntimeException: UNAVAILABLE: io exception
	at com.alibaba.nacos.shaded.io.grpc.Status.asRuntimeException(Status.java:533)
	at com.alibaba.nacos.shaded.io.grpc.stub.ClientCalls$UnaryStreamToFuture.onClose(ClientCalls.java:490)
	at com.alibaba.nacos.shaded.io.grpc.PartialForwardingClientCallListener.onClose(PartialForwardingClientCallListener.java:39)
	at com.alibaba.nacos.shaded.io.grpc.ForwardingClientCallListener.onClose(ForwardingClientCallListener.java:23)
	at com.alibaba.nacos.shaded.io.grpc.ForwardingClientCallListener$SimpleForwardingClientCallListener.onClose(ForwardingClientCallListener.java:40)
	at com.alibaba.nacos.shaded.io.grpc.internal.CensusStatsModule$StatsClientInterceptor$1$1.onClose(CensusStatsModule.java:700)
	at com.alibaba.nacos.shaded.io.grpc.PartialForwardingClientCallListener.onClose(PartialForwardingClientCallListener.java:39)
	at com.alibaba.nacos.shaded.io.grpc.ForwardingClientCallListener.onClose(ForwardingClientCallListener.java:23)
	at com.alibaba.nacos.shaded.io.grpc.ForwardingClientCallListener$SimpleForwardingClientCallListener.onClose(ForwardingClientCallListener.java:40)
	at com.alibaba.nacos.shaded.io.grpc.internal.CensusTracingModule$TracingClientInterceptor$1$1.onClose(CensusTracingModule.java:399)
	at com.alibaba.nacos.shaded.io.grpc.internal.ClientCallImpl.closeObserver(ClientCallImpl.java:510)
	at com.alibaba.nacos.shaded.io.grpc.internal.ClientCallImpl.access$300(ClientCallImpl.java:66)
	at com.alibaba.nacos.shaded.io.grpc.internal.ClientCallImpl$ClientStreamListenerImpl.close(ClientCallImpl.java:630)
	at com.alibaba.nacos.shaded.io.grpc.internal.ClientCallImpl$ClientStreamListenerImpl.access$700(ClientCallImpl.java:518)
	at com.alibaba.nacos.shaded.io.grpc.internal.ClientCallImpl$ClientStreamListenerImpl$1StreamClosed.runInternal(ClientCallImpl.java:692)
	at com.alibaba.nacos.shaded.io.grpc.internal.ClientCallImpl$ClientStreamListenerImpl$1StreamClosed.runInContext(ClientCallImpl.java:681)
	at com.alibaba.nacos.shaded.io.grpc.internal.ContextRunnable.run(ContextRunnable.java:37)
	at com.alibaba.nacos.shaded.io.grpc.internal.SerializingExecutor.run(SerializingExecutor.java:123)
	... 3 common frames omitted
Caused by: com.alibaba.nacos.shaded.io.grpc.netty.shaded.io.netty.channel.AbstractChannel$AnnotatedConnectException: Connection refused: no further information: /127.0.0.1:9848
Caused by: java.net.ConnectException: Connection refused: no further information
	at java.base/sun.nio.ch.Net.pollConnect(Native Method)
	at java.base/sun.nio.ch.Net.pollConnectNow(Net.java:672)
	at java.base/sun.nio.ch.SocketChannelImpl.finishConnect(SocketChannelImpl.java:973)
	at com.alibaba.nacos.shaded.io.grpc.netty.shaded.io.netty.channel.socket.nio.NioSocketChannel.doFinishConnect(NioSocketChannel.java:327)
	at com.alibaba.nacos.shaded.io.grpc.netty.shaded.io.netty.channel.nio.AbstractNioChannel$AbstractNioUnsafe.finishConnect(AbstractNioChannel.java:336)
	at com.alibaba.nacos.shaded.io.grpc.netty.shaded.io.netty.channel.nio.NioEventLoop.processSelectedKey(NioEventLoop.java:685)
	at com.alibaba.nacos.shaded.io.grpc.netty.shaded.io.netty.channel.nio.NioEventLoop.processSelectedKeysOptimized(NioEventLoop.java:632)
	at com.alibaba.nacos.shaded.io.grpc.netty.shaded.io.netty.channel.nio.NioEventLoop.processSelectedKeys(NioEventLoop.java:549)
	at com.alibaba.nacos.shaded.io.grpc.netty.shaded.io.netty.channel.nio.NioEventLoop.run(NioEventLoop.java:511)
	at com.alibaba.nacos.shaded.io.grpc.netty.shaded.io.netty.util.concurrent.SingleThreadEventExecutor$5.run(SingleThreadEventExecutor.java:918)
	at com.alibaba.nacos.shaded.io.grpc.netty.shaded.io.netty.util.internal.ThreadExecutorMap$2.run(ThreadExecutorMap.java:74)
	at com.alibaba.nacos.shaded.io.grpc.netty.shaded.io.netty.util.concurrent.FastThreadLocalRunnable.run(FastThreadLocalRunnable.java:30)
	at java.base/java.lang.Thread.run(Thread.java:1589)
2025-09-19 16:43:12.821  ERROR [com.alibaba.nacos.client.remote.worker] c.a.n.c.r.c.g.GrpcClient - Server check fail, please check server 127.0.0.1 ,port 9848 is available , error ={}
java.util.concurrent.ExecutionException: com.alibaba.nacos.shaded.io.grpc.StatusRuntimeException: UNAVAILABLE: io exception
	at com.alibaba.nacos.shaded.com.google.common.util.concurrent.AbstractFuture.getDoneValue(AbstractFuture.java:566)
	at com.alibaba.nacos.shaded.com.google.common.util.concurrent.AbstractFuture.get(AbstractFuture.java:445)
	at com.alibaba.nacos.common.remote.client.grpc.GrpcClient.serverCheck(GrpcClient.java:148)
	at com.alibaba.nacos.common.remote.client.grpc.GrpcClient.connectToServer(GrpcClient.java:264)
	at com.alibaba.nacos.common.remote.client.RpcClient.reconnect(RpcClient.java:522)
	at com.alibaba.nacos.common.remote.client.RpcClient.lambda$start$2(RpcClient.java:370)
	at java.base/java.util.concurrent.Executors$RunnableAdapter.call(Executors.java:577)
	at java.base/java.util.concurrent.FutureTask.run(FutureTask.java:317)
	at java.base/java.util.concurrent.ScheduledThreadPoolExecutor$ScheduledFutureTask.run(ScheduledThreadPoolExecutor.java:304)
	at java.base/java.util.concurrent.ThreadPoolExecutor.runWorker(ThreadPoolExecutor.java:1144)
	at java.base/java.util.concurrent.ThreadPoolExecutor$Worker.run(ThreadPoolExecutor.java:642)
	at java.base/java.lang.Thread.run(Thread.java:1589)
Caused by: com.alibaba.nacos.shaded.io.grpc.StatusRuntimeException: UNAVAILABLE: io exception
	at com.alibaba.nacos.shaded.io.grpc.Status.asRuntimeException(Status.java:533)
	at com.alibaba.nacos.shaded.io.grpc.stub.ClientCalls$UnaryStreamToFuture.onClose(ClientCalls.java:490)
	at com.alibaba.nacos.shaded.io.grpc.PartialForwardingClientCallListener.onClose(PartialForwardingClientCallListener.java:39)
	at com.alibaba.nacos.shaded.io.grpc.ForwardingClientCallListener.onClose(ForwardingClientCallListener.java:23)
	at com.alibaba.nacos.shaded.io.grpc.ForwardingClientCallListener$SimpleForwardingClientCallListener.onClose(ForwardingClientCallListener.java:40)
	at com.alibaba.nacos.shaded.io.grpc.internal.CensusStatsModule$StatsClientInterceptor$1$1.onClose(CensusStatsModule.java:700)
	at com.alibaba.nacos.shaded.io.grpc.PartialForwardingClientCallListener.onClose(PartialForwardingClientCallListener.java:39)
	at com.alibaba.nacos.shaded.io.grpc.ForwardingClientCallListener.onClose(ForwardingClientCallListener.java:23)
	at com.alibaba.nacos.shaded.io.grpc.ForwardingClientCallListener$SimpleForwardingClientCallListener.onClose(ForwardingClientCallListener.java:40)
	at com.alibaba.nacos.shaded.io.grpc.internal.CensusTracingModule$TracingClientInterceptor$1$1.onClose(CensusTracingModule.java:399)
	at com.alibaba.nacos.shaded.io.grpc.internal.ClientCallImpl.closeObserver(ClientCallImpl.java:510)
	at com.alibaba.nacos.shaded.io.grpc.internal.ClientCallImpl.access$300(ClientCallImpl.java:66)
	at com.alibaba.nacos.shaded.io.grpc.internal.ClientCallImpl$ClientStreamListenerImpl.close(ClientCallImpl.java:630)
	at com.alibaba.nacos.shaded.io.grpc.internal.ClientCallImpl$ClientStreamListenerImpl.access$700(ClientCallImpl.java:518)
	at com.alibaba.nacos.shaded.io.grpc.internal.ClientCallImpl$ClientStreamListenerImpl$1StreamClosed.runInternal(ClientCallImpl.java:692)
	at com.alibaba.nacos.shaded.io.grpc.internal.ClientCallImpl$ClientStreamListenerImpl$1StreamClosed.runInContext(ClientCallImpl.java:681)
	at com.alibaba.nacos.shaded.io.grpc.internal.ContextRunnable.run(ContextRunnable.java:37)
	at com.alibaba.nacos.shaded.io.grpc.internal.SerializingExecutor.run(SerializingExecutor.java:123)
	... 3 common frames omitted
Caused by: com.alibaba.nacos.shaded.io.grpc.netty.shaded.io.netty.channel.AbstractChannel$AnnotatedConnectException: Connection refused: no further information: /127.0.0.1:9848
Caused by: java.net.ConnectException: Connection refused: no further information
	at java.base/sun.nio.ch.Net.pollConnect(Native Method)
	at java.base/sun.nio.ch.Net.pollConnectNow(Net.java:672)
	at java.base/sun.nio.ch.SocketChannelImpl.finishConnect(SocketChannelImpl.java:973)
	at com.alibaba.nacos.shaded.io.grpc.netty.shaded.io.netty.channel.socket.nio.NioSocketChannel.doFinishConnect(NioSocketChannel.java:327)
	at com.alibaba.nacos.shaded.io.grpc.netty.shaded.io.netty.channel.nio.AbstractNioChannel$AbstractNioUnsafe.finishConnect(AbstractNioChannel.java:336)
	at com.alibaba.nacos.shaded.io.grpc.netty.shaded.io.netty.channel.nio.NioEventLoop.processSelectedKey(NioEventLoop.java:685)
	at com.alibaba.nacos.shaded.io.grpc.netty.shaded.io.netty.channel.nio.NioEventLoop.processSelectedKeysOptimized(NioEventLoop.java:632)
	at com.alibaba.nacos.shaded.io.grpc.netty.shaded.io.netty.channel.nio.NioEventLoop.processSelectedKeys(NioEventLoop.java:549)
	at com.alibaba.nacos.shaded.io.grpc.netty.shaded.io.netty.channel.nio.NioEventLoop.run(NioEventLoop.java:511)
	at com.alibaba.nacos.shaded.io.grpc.netty.shaded.io.netty.util.concurrent.SingleThreadEventExecutor$5.run(SingleThreadEventExecutor.java:918)
	at com.alibaba.nacos.shaded.io.grpc.netty.shaded.io.netty.util.internal.ThreadExecutorMap$2.run(ThreadExecutorMap.java:74)
	at com.alibaba.nacos.shaded.io.grpc.netty.shaded.io.netty.util.concurrent.FastThreadLocalRunnable.run(FastThreadLocalRunnable.java:30)
	at java.base/java.lang.Thread.run(Thread.java:1589)
2025-09-19 16:43:12.821  INFO  [com.alibaba.nacos.client.remote.worker] c.a.n.c.r.client - [f873d6c5-5f04-4ad4-8e15-9752c9c8655b_config-0] Fail to connect server, after trying 2 times, last try server is {serverIp = '127.0.0.1', server main port = 8848}, error = unknown
2025-09-19 16:43:12.821  INFO  [com.alibaba.nacos.client.remote.worker] c.a.n.c.r.client - [7ac475ea-e033-46d7-99df-df38e2d80aad] Fail to connect server, after trying 2 times, last try server is {serverIp = '127.0.0.1', server main port = 8848}, error = unknown
2025-09-19 16:43:13.129  ERROR [com.alibaba.nacos.client.remote.worker] c.a.n.c.r.c.g.GrpcClient - Server check fail, please check server 127.0.0.1 ,port 9848 is available , error ={}
java.util.concurrent.ExecutionException: com.alibaba.nacos.shaded.io.grpc.StatusRuntimeException: UNAVAILABLE: io exception
	at com.alibaba.nacos.shaded.com.google.common.util.concurrent.AbstractFuture.getDoneValue(AbstractFuture.java:566)
	at com.alibaba.nacos.shaded.com.google.common.util.concurrent.AbstractFuture.get(AbstractFuture.java:445)
	at com.alibaba.nacos.common.remote.client.grpc.GrpcClient.serverCheck(GrpcClient.java:148)
	at com.alibaba.nacos.common.remote.client.grpc.GrpcClient.connectToServer(GrpcClient.java:264)
	at com.alibaba.nacos.common.remote.client.RpcClient.reconnect(RpcClient.java:522)
	at com.alibaba.nacos.common.remote.client.RpcClient.lambda$start$2(RpcClient.java:370)
	at java.base/java.util.concurrent.Executors$RunnableAdapter.call(Executors.java:577)
	at java.base/java.util.concurrent.FutureTask.run(FutureTask.java:317)
	at java.base/java.util.concurrent.ScheduledThreadPoolExecutor$ScheduledFutureTask.run(ScheduledThreadPoolExecutor.java:304)
	at java.base/java.util.concurrent.ThreadPoolExecutor.runWorker(ThreadPoolExecutor.java:1144)
	at java.base/java.util.concurrent.ThreadPoolExecutor$Worker.run(ThreadPoolExecutor.java:642)
	at java.base/java.lang.Thread.run(Thread.java:1589)
Caused by: com.alibaba.nacos.shaded.io.grpc.StatusRuntimeException: UNAVAILABLE: io exception
	at com.alibaba.nacos.shaded.io.grpc.Status.asRuntimeException(Status.java:533)
	at com.alibaba.nacos.shaded.io.grpc.stub.ClientCalls$UnaryStreamToFuture.onClose(ClientCalls.java:490)
	at com.alibaba.nacos.shaded.io.grpc.PartialForwardingClientCallListener.onClose(PartialForwardingClientCallListener.java:39)
	at com.alibaba.nacos.shaded.io.grpc.ForwardingClientCallListener.onClose(ForwardingClientCallListener.java:23)
	at com.alibaba.nacos.shaded.io.grpc.ForwardingClientCallListener$SimpleForwardingClientCallListener.onClose(ForwardingClientCallListener.java:40)
	at com.alibaba.nacos.shaded.io.grpc.internal.CensusStatsModule$StatsClientInterceptor$1$1.onClose(CensusStatsModule.java:700)
	at com.alibaba.nacos.shaded.io.grpc.PartialForwardingClientCallListener.onClose(PartialForwardingClientCallListener.java:39)
	at com.alibaba.nacos.shaded.io.grpc.ForwardingClientCallListener.onClose(ForwardingClientCallListener.java:23)
	at com.alibaba.nacos.shaded.io.grpc.ForwardingClientCallListener$SimpleForwardingClientCallListener.onClose(ForwardingClientCallListener.java:40)
	at com.alibaba.nacos.shaded.io.grpc.internal.CensusTracingModule$TracingClientInterceptor$1$1.onClose(CensusTracingModule.java:399)
	at com.alibaba.nacos.shaded.io.grpc.internal.ClientCallImpl.closeObserver(ClientCallImpl.java:510)
	at com.alibaba.nacos.shaded.io.grpc.internal.ClientCallImpl.access$300(ClientCallImpl.java:66)
	at com.alibaba.nacos.shaded.io.grpc.internal.ClientCallImpl$ClientStreamListenerImpl.close(ClientCallImpl.java:630)
	at com.alibaba.nacos.shaded.io.grpc.internal.ClientCallImpl$ClientStreamListenerImpl.access$700(ClientCallImpl.java:518)
	at com.alibaba.nacos.shaded.io.grpc.internal.ClientCallImpl$ClientStreamListenerImpl$1StreamClosed.runInternal(ClientCallImpl.java:692)
	at com.alibaba.nacos.shaded.io.grpc.internal.ClientCallImpl$ClientStreamListenerImpl$1StreamClosed.runInContext(ClientCallImpl.java:681)
	at com.alibaba.nacos.shaded.io.grpc.internal.ContextRunnable.run(ContextRunnable.java:37)
	at com.alibaba.nacos.shaded.io.grpc.internal.SerializingExecutor.run(SerializingExecutor.java:123)
	... 3 common frames omitted
Caused by: com.alibaba.nacos.shaded.io.grpc.netty.shaded.io.netty.channel.AbstractChannel$AnnotatedConnectException: Connection refused: no further information: /127.0.0.1:9848
Caused by: java.net.ConnectException: Connection refused: no further information
	at java.base/sun.nio.ch.Net.pollConnect(Native Method)
	at java.base/sun.nio.ch.Net.pollConnectNow(Net.java:672)
	at java.base/sun.nio.ch.SocketChannelImpl.finishConnect(SocketChannelImpl.java:973)
	at com.alibaba.nacos.shaded.io.grpc.netty.shaded.io.netty.channel.socket.nio.NioSocketChannel.doFinishConnect(NioSocketChannel.java:327)
	at com.alibaba.nacos.shaded.io.grpc.netty.shaded.io.netty.channel.nio.AbstractNioChannel$AbstractNioUnsafe.finishConnect(AbstractNioChannel.java:336)
	at com.alibaba.nacos.shaded.io.grpc.netty.shaded.io.netty.channel.nio.NioEventLoop.processSelectedKey(NioEventLoop.java:685)
	at com.alibaba.nacos.shaded.io.grpc.netty.shaded.io.netty.channel.nio.NioEventLoop.processSelectedKeysOptimized(NioEventLoop.java:632)
	at com.alibaba.nacos.shaded.io.grpc.netty.shaded.io.netty.channel.nio.NioEventLoop.processSelectedKeys(NioEventLoop.java:549)
	at com.alibaba.nacos.shaded.io.grpc.netty.shaded.io.netty.channel.nio.NioEventLoop.run(NioEventLoop.java:511)
	at com.alibaba.nacos.shaded.io.grpc.netty.shaded.io.netty.util.concurrent.SingleThreadEventExecutor$5.run(SingleThreadEventExecutor.java:918)
	at com.alibaba.nacos.shaded.io.grpc.netty.shaded.io.netty.util.internal.ThreadExecutorMap$2.run(ThreadExecutorMap.java:74)
	at com.alibaba.nacos.shaded.io.grpc.netty.shaded.io.netty.util.concurrent.FastThreadLocalRunnable.run(FastThreadLocalRunnable.java:30)
	at java.base/java.lang.Thread.run(Thread.java:1589)
2025-09-19 16:43:13.130  ERROR [com.alibaba.nacos.client.remote.worker] c.a.n.c.r.c.g.GrpcClient - Server check fail, please check server 127.0.0.1 ,port 9848 is available , error ={}
java.util.concurrent.ExecutionException: com.alibaba.nacos.shaded.io.grpc.StatusRuntimeException: UNAVAILABLE: io exception
	at com.alibaba.nacos.shaded.com.google.common.util.concurrent.AbstractFuture.getDoneValue(AbstractFuture.java:566)
	at com.alibaba.nacos.shaded.com.google.common.util.concurrent.AbstractFuture.get(AbstractFuture.java:445)
	at com.alibaba.nacos.common.remote.client.grpc.GrpcClient.serverCheck(GrpcClient.java:148)
	at com.alibaba.nacos.common.remote.client.grpc.GrpcClient.connectToServer(GrpcClient.java:264)
	at com.alibaba.nacos.common.remote.client.RpcClient.reconnect(RpcClient.java:522)
	at com.alibaba.nacos.common.remote.client.RpcClient.lambda$start$2(RpcClient.java:370)
	at java.base/java.util.concurrent.Executors$RunnableAdapter.call(Executors.java:577)
	at java.base/java.util.concurrent.FutureTask.run(FutureTask.java:317)
	at java.base/java.util.concurrent.ScheduledThreadPoolExecutor$ScheduledFutureTask.run(ScheduledThreadPoolExecutor.java:304)
	at java.base/java.util.concurrent.ThreadPoolExecutor.runWorker(ThreadPoolExecutor.java:1144)
	at java.base/java.util.concurrent.ThreadPoolExecutor$Worker.run(ThreadPoolExecutor.java:642)
	at java.base/java.lang.Thread.run(Thread.java:1589)
Caused by: com.alibaba.nacos.shaded.io.grpc.StatusRuntimeException: UNAVAILABLE: io exception
	at com.alibaba.nacos.shaded.io.grpc.Status.asRuntimeException(Status.java:533)
	at com.alibaba.nacos.shaded.io.grpc.stub.ClientCalls$UnaryStreamToFuture.onClose(ClientCalls.java:490)
	at com.alibaba.nacos.shaded.io.grpc.PartialForwardingClientCallListener.onClose(PartialForwardingClientCallListener.java:39)
	at com.alibaba.nacos.shaded.io.grpc.ForwardingClientCallListener.onClose(ForwardingClientCallListener.java:23)
	at com.alibaba.nacos.shaded.io.grpc.ForwardingClientCallListener$SimpleForwardingClientCallListener.onClose(ForwardingClientCallListener.java:40)
	at com.alibaba.nacos.shaded.io.grpc.internal.CensusStatsModule$StatsClientInterceptor$1$1.onClose(CensusStatsModule.java:700)
	at com.alibaba.nacos.shaded.io.grpc.PartialForwardingClientCallListener.onClose(PartialForwardingClientCallListener.java:39)
	at com.alibaba.nacos.shaded.io.grpc.ForwardingClientCallListener.onClose(ForwardingClientCallListener.java:23)
	at com.alibaba.nacos.shaded.io.grpc.ForwardingClientCallListener$SimpleForwardingClientCallListener.onClose(ForwardingClientCallListener.java:40)
	at com.alibaba.nacos.shaded.io.grpc.internal.CensusTracingModule$TracingClientInterceptor$1$1.onClose(CensusTracingModule.java:399)
	at com.alibaba.nacos.shaded.io.grpc.internal.ClientCallImpl.closeObserver(ClientCallImpl.java:510)
	at com.alibaba.nacos.shaded.io.grpc.internal.ClientCallImpl.access$300(ClientCallImpl.java:66)
	at com.alibaba.nacos.shaded.io.grpc.internal.ClientCallImpl$ClientStreamListenerImpl.close(ClientCallImpl.java:630)
	at com.alibaba.nacos.shaded.io.grpc.internal.ClientCallImpl$ClientStreamListenerImpl.access$700(ClientCallImpl.java:518)
	at com.alibaba.nacos.shaded.io.grpc.internal.ClientCallImpl$ClientStreamListenerImpl$1StreamClosed.runInternal(ClientCallImpl.java:692)
	at com.alibaba.nacos.shaded.io.grpc.internal.ClientCallImpl$ClientStreamListenerImpl$1StreamClosed.runInContext(ClientCallImpl.java:681)
	at com.alibaba.nacos.shaded.io.grpc.internal.ContextRunnable.run(ContextRunnable.java:37)
	at com.alibaba.nacos.shaded.io.grpc.internal.SerializingExecutor.run(SerializingExecutor.java:123)
	... 3 common frames omitted
Caused by: com.alibaba.nacos.shaded.io.grpc.netty.shaded.io.netty.channel.AbstractChannel$AnnotatedConnectException: Connection refused: no further information: /127.0.0.1:9848
Caused by: java.net.ConnectException: Connection refused: no further information
	at java.base/sun.nio.ch.Net.pollConnect(Native Method)
	at java.base/sun.nio.ch.Net.pollConnectNow(Net.java:672)
	at java.base/sun.nio.ch.SocketChannelImpl.finishConnect(SocketChannelImpl.java:973)
	at com.alibaba.nacos.shaded.io.grpc.netty.shaded.io.netty.channel.socket.nio.NioSocketChannel.doFinishConnect(NioSocketChannel.java:327)
	at com.alibaba.nacos.shaded.io.grpc.netty.shaded.io.netty.channel.nio.AbstractNioChannel$AbstractNioUnsafe.finishConnect(AbstractNioChannel.java:336)
	at com.alibaba.nacos.shaded.io.grpc.netty.shaded.io.netty.channel.nio.NioEventLoop.processSelectedKey(NioEventLoop.java:685)
	at com.alibaba.nacos.shaded.io.grpc.netty.shaded.io.netty.channel.nio.NioEventLoop.processSelectedKeysOptimized(NioEventLoop.java:632)
	at com.alibaba.nacos.shaded.io.grpc.netty.shaded.io.netty.channel.nio.NioEventLoop.processSelectedKeys(NioEventLoop.java:549)
	at com.alibaba.nacos.shaded.io.grpc.netty.shaded.io.netty.channel.nio.NioEventLoop.run(NioEventLoop.java:511)
	at com.alibaba.nacos.shaded.io.grpc.netty.shaded.io.netty.util.concurrent.SingleThreadEventExecutor$5.run(SingleThreadEventExecutor.java:918)
	at com.alibaba.nacos.shaded.io.grpc.netty.shaded.io.netty.util.internal.ThreadExecutorMap$2.run(ThreadExecutorMap.java:74)
	at com.alibaba.nacos.shaded.io.grpc.netty.shaded.io.netty.util.concurrent.FastThreadLocalRunnable.run(FastThreadLocalRunnable.java:30)
	at java.base/java.lang.Thread.run(Thread.java:1589)
2025-09-19 16:43:13.130  INFO  [com.alibaba.nacos.client.remote.worker] c.a.n.c.r.client - [7ac475ea-e033-46d7-99df-df38e2d80aad] Fail to connect server, after trying 3 times, last try server is {serverIp = '127.0.0.1', server main port = 8848}, error = unknown
2025-09-19 16:43:13.130  INFO  [com.alibaba.nacos.client.remote.worker] c.a.n.c.r.client - [f873d6c5-5f04-4ad4-8e15-9752c9c8655b_config-0] Fail to connect server, after trying 3 times, last try server is {serverIp = '127.0.0.1', server main port = 8848}, error = unknown
2025-09-19 16:43:13.549  ERROR [com.alibaba.nacos.client.remote.worker] c.a.n.c.r.c.g.GrpcClient - Server check fail, please check server 127.0.0.1 ,port 9848 is available , error ={}
java.util.concurrent.ExecutionException: com.alibaba.nacos.shaded.io.grpc.StatusRuntimeException: UNAVAILABLE: io exception
	at com.alibaba.nacos.shaded.com.google.common.util.concurrent.AbstractFuture.getDoneValue(AbstractFuture.java:566)
	at com.alibaba.nacos.shaded.com.google.common.util.concurrent.AbstractFuture.get(AbstractFuture.java:445)
	at com.alibaba.nacos.common.remote.client.grpc.GrpcClient.serverCheck(GrpcClient.java:148)
	at com.alibaba.nacos.common.remote.client.grpc.GrpcClient.connectToServer(GrpcClient.java:264)
	at com.alibaba.nacos.common.remote.client.RpcClient.reconnect(RpcClient.java:522)
	at com.alibaba.nacos.common.remote.client.RpcClient.lambda$start$2(RpcClient.java:370)
	at java.base/java.util.concurrent.Executors$RunnableAdapter.call(Executors.java:577)
	at java.base/java.util.concurrent.FutureTask.run(FutureTask.java:317)
	at java.base/java.util.concurrent.ScheduledThreadPoolExecutor$ScheduledFutureTask.run(ScheduledThreadPoolExecutor.java:304)
	at java.base/java.util.concurrent.ThreadPoolExecutor.runWorker(ThreadPoolExecutor.java:1144)
	at java.base/java.util.concurrent.ThreadPoolExecutor$Worker.run(ThreadPoolExecutor.java:642)
	at java.base/java.lang.Thread.run(Thread.java:1589)
Caused by: com.alibaba.nacos.shaded.io.grpc.StatusRuntimeException: UNAVAILABLE: io exception
	at com.alibaba.nacos.shaded.io.grpc.Status.asRuntimeException(Status.java:533)
	at com.alibaba.nacos.shaded.io.grpc.stub.ClientCalls$UnaryStreamToFuture.onClose(ClientCalls.java:490)
	at com.alibaba.nacos.shaded.io.grpc.PartialForwardingClientCallListener.onClose(PartialForwardingClientCallListener.java:39)
	at com.alibaba.nacos.shaded.io.grpc.ForwardingClientCallListener.onClose(ForwardingClientCallListener.java:23)
	at com.alibaba.nacos.shaded.io.grpc.ForwardingClientCallListener$SimpleForwardingClientCallListener.onClose(ForwardingClientCallListener.java:40)
	at com.alibaba.nacos.shaded.io.grpc.internal.CensusStatsModule$StatsClientInterceptor$1$1.onClose(CensusStatsModule.java:700)
	at com.alibaba.nacos.shaded.io.grpc.PartialForwardingClientCallListener.onClose(PartialForwardingClientCallListener.java:39)
	at com.alibaba.nacos.shaded.io.grpc.ForwardingClientCallListener.onClose(ForwardingClientCallListener.java:23)
	at com.alibaba.nacos.shaded.io.grpc.ForwardingClientCallListener$SimpleForwardingClientCallListener.onClose(ForwardingClientCallListener.java:40)
	at com.alibaba.nacos.shaded.io.grpc.internal.CensusTracingModule$TracingClientInterceptor$1$1.onClose(CensusTracingModule.java:399)
	at com.alibaba.nacos.shaded.io.grpc.internal.ClientCallImpl.closeObserver(ClientCallImpl.java:510)
	at com.alibaba.nacos.shaded.io.grpc.internal.ClientCallImpl.access$300(ClientCallImpl.java:66)
	at com.alibaba.nacos.shaded.io.grpc.internal.ClientCallImpl$ClientStreamListenerImpl.close(ClientCallImpl.java:630)
	at com.alibaba.nacos.shaded.io.grpc.internal.ClientCallImpl$ClientStreamListenerImpl.access$700(ClientCallImpl.java:518)
	at com.alibaba.nacos.shaded.io.grpc.internal.ClientCallImpl$ClientStreamListenerImpl$1StreamClosed.runInternal(ClientCallImpl.java:692)
	at com.alibaba.nacos.shaded.io.grpc.internal.ClientCallImpl$ClientStreamListenerImpl$1StreamClosed.runInContext(ClientCallImpl.java:681)
	at com.alibaba.nacos.shaded.io.grpc.internal.ContextRunnable.run(ContextRunnable.java:37)
	at com.alibaba.nacos.shaded.io.grpc.internal.SerializingExecutor.run(SerializingExecutor.java:123)
	... 3 common frames omitted
Caused by: com.alibaba.nacos.shaded.io.grpc.netty.shaded.io.netty.channel.AbstractChannel$AnnotatedConnectException: Connection refused: no further information: /127.0.0.1:9848
Caused by: java.net.ConnectException: Connection refused: no further information
	at java.base/sun.nio.ch.Net.pollConnect(Native Method)
	at java.base/sun.nio.ch.Net.pollConnectNow(Net.java:672)
	at java.base/sun.nio.ch.SocketChannelImpl.finishConnect(SocketChannelImpl.java:973)
	at com.alibaba.nacos.shaded.io.grpc.netty.shaded.io.netty.channel.socket.nio.NioSocketChannel.doFinishConnect(NioSocketChannel.java:327)
	at com.alibaba.nacos.shaded.io.grpc.netty.shaded.io.netty.channel.nio.AbstractNioChannel$AbstractNioUnsafe.finishConnect(AbstractNioChannel.java:336)
	at com.alibaba.nacos.shaded.io.grpc.netty.shaded.io.netty.channel.nio.NioEventLoop.processSelectedKey(NioEventLoop.java:685)
	at com.alibaba.nacos.shaded.io.grpc.netty.shaded.io.netty.channel.nio.NioEventLoop.processSelectedKeysOptimized(NioEventLoop.java:632)
	at com.alibaba.nacos.shaded.io.grpc.netty.shaded.io.netty.channel.nio.NioEventLoop.processSelectedKeys(NioEventLoop.java:549)
	at com.alibaba.nacos.shaded.io.grpc.netty.shaded.io.netty.channel.nio.NioEventLoop.run(NioEventLoop.java:511)
	at com.alibaba.nacos.shaded.io.grpc.netty.shaded.io.netty.util.concurrent.SingleThreadEventExecutor$5.run(SingleThreadEventExecutor.java:918)
	at com.alibaba.nacos.shaded.io.grpc.netty.shaded.io.netty.util.internal.ThreadExecutorMap$2.run(ThreadExecutorMap.java:74)
	at com.alibaba.nacos.shaded.io.grpc.netty.shaded.io.netty.util.concurrent.FastThreadLocalRunnable.run(FastThreadLocalRunnable.java:30)
	at java.base/java.lang.Thread.run(Thread.java:1589)
2025-09-19 16:43:13.549  ERROR [com.alibaba.nacos.client.remote.worker] c.a.n.c.r.c.g.GrpcClient - Server check fail, please check server 127.0.0.1 ,port 9848 is available , error ={}
java.util.concurrent.ExecutionException: com.alibaba.nacos.shaded.io.grpc.StatusRuntimeException: UNAVAILABLE: io exception
	at com.alibaba.nacos.shaded.com.google.common.util.concurrent.AbstractFuture.getDoneValue(AbstractFuture.java:566)
	at com.alibaba.nacos.shaded.com.google.common.util.concurrent.AbstractFuture.get(AbstractFuture.java:445)
	at com.alibaba.nacos.common.remote.client.grpc.GrpcClient.serverCheck(GrpcClient.java:148)
	at com.alibaba.nacos.common.remote.client.grpc.GrpcClient.connectToServer(GrpcClient.java:264)
	at com.alibaba.nacos.common.remote.client.RpcClient.reconnect(RpcClient.java:522)
	at com.alibaba.nacos.common.remote.client.RpcClient.lambda$start$2(RpcClient.java:370)
	at java.base/java.util.concurrent.Executors$RunnableAdapter.call(Executors.java:577)
	at java.base/java.util.concurrent.FutureTask.run(FutureTask.java:317)
	at java.base/java.util.concurrent.ScheduledThreadPoolExecutor$ScheduledFutureTask.run(ScheduledThreadPoolExecutor.java:304)
	at java.base/java.util.concurrent.ThreadPoolExecutor.runWorker(ThreadPoolExecutor.java:1144)
	at java.base/java.util.concurrent.ThreadPoolExecutor$Worker.run(ThreadPoolExecutor.java:642)
	at java.base/java.lang.Thread.run(Thread.java:1589)
Caused by: com.alibaba.nacos.shaded.io.grpc.StatusRuntimeException: UNAVAILABLE: io exception
	at com.alibaba.nacos.shaded.io.grpc.Status.asRuntimeException(Status.java:533)
	at com.alibaba.nacos.shaded.io.grpc.stub.ClientCalls$UnaryStreamToFuture.onClose(ClientCalls.java:490)
	at com.alibaba.nacos.shaded.io.grpc.PartialForwardingClientCallListener.onClose(PartialForwardingClientCallListener.java:39)
	at com.alibaba.nacos.shaded.io.grpc.ForwardingClientCallListener.onClose(ForwardingClientCallListener.java:23)
	at com.alibaba.nacos.shaded.io.grpc.ForwardingClientCallListener$SimpleForwardingClientCallListener.onClose(ForwardingClientCallListener.java:40)
	at com.alibaba.nacos.shaded.io.grpc.internal.CensusStatsModule$StatsClientInterceptor$1$1.onClose(CensusStatsModule.java:700)
	at com.alibaba.nacos.shaded.io.grpc.PartialForwardingClientCallListener.onClose(PartialForwardingClientCallListener.java:39)
	at com.alibaba.nacos.shaded.io.grpc.ForwardingClientCallListener.onClose(ForwardingClientCallListener.java:23)
	at com.alibaba.nacos.shaded.io.grpc.ForwardingClientCallListener$SimpleForwardingClientCallListener.onClose(ForwardingClientCallListener.java:40)
	at com.alibaba.nacos.shaded.io.grpc.internal.CensusTracingModule$TracingClientInterceptor$1$1.onClose(CensusTracingModule.java:399)
	at com.alibaba.nacos.shaded.io.grpc.internal.ClientCallImpl.closeObserver(ClientCallImpl.java:510)
	at com.alibaba.nacos.shaded.io.grpc.internal.ClientCallImpl.access$300(ClientCallImpl.java:66)
	at com.alibaba.nacos.shaded.io.grpc.internal.ClientCallImpl$ClientStreamListenerImpl.close(ClientCallImpl.java:630)
	at com.alibaba.nacos.shaded.io.grpc.internal.ClientCallImpl$ClientStreamListenerImpl.access$700(ClientCallImpl.java:518)
	at com.alibaba.nacos.shaded.io.grpc.internal.ClientCallImpl$ClientStreamListenerImpl$1StreamClosed.runInternal(ClientCallImpl.java:692)
	at com.alibaba.nacos.shaded.io.grpc.internal.ClientCallImpl$ClientStreamListenerImpl$1StreamClosed.runInContext(ClientCallImpl.java:681)
	at com.alibaba.nacos.shaded.io.grpc.internal.ContextRunnable.run(ContextRunnable.java:37)
	at com.alibaba.nacos.shaded.io.grpc.internal.SerializingExecutor.run(SerializingExecutor.java:123)
	... 3 common frames omitted
Caused by: com.alibaba.nacos.shaded.io.grpc.netty.shaded.io.netty.channel.AbstractChannel$AnnotatedConnectException: Connection refused: no further information: /127.0.0.1:9848
Caused by: java.net.ConnectException: Connection refused: no further information
	at java.base/sun.nio.ch.Net.pollConnect(Native Method)
	at java.base/sun.nio.ch.Net.pollConnectNow(Net.java:672)
	at java.base/sun.nio.ch.SocketChannelImpl.finishConnect(SocketChannelImpl.java:973)
	at com.alibaba.nacos.shaded.io.grpc.netty.shaded.io.netty.channel.socket.nio.NioSocketChannel.doFinishConnect(NioSocketChannel.java:327)
	at com.alibaba.nacos.shaded.io.grpc.netty.shaded.io.netty.channel.nio.AbstractNioChannel$AbstractNioUnsafe.finishConnect(AbstractNioChannel.java:336)
	at com.alibaba.nacos.shaded.io.grpc.netty.shaded.io.netty.channel.nio.NioEventLoop.processSelectedKey(NioEventLoop.java:685)
	at com.alibaba.nacos.shaded.io.grpc.netty.shaded.io.netty.channel.nio.NioEventLoop.processSelectedKeysOptimized(NioEventLoop.java:632)
	at com.alibaba.nacos.shaded.io.grpc.netty.shaded.io.netty.channel.nio.NioEventLoop.processSelectedKeys(NioEventLoop.java:549)
	at com.alibaba.nacos.shaded.io.grpc.netty.shaded.io.netty.channel.nio.NioEventLoop.run(NioEventLoop.java:511)
	at com.alibaba.nacos.shaded.io.grpc.netty.shaded.io.netty.util.concurrent.SingleThreadEventExecutor$5.run(SingleThreadEventExecutor.java:918)
	at com.alibaba.nacos.shaded.io.grpc.netty.shaded.io.netty.util.internal.ThreadExecutorMap$2.run(ThreadExecutorMap.java:74)
	at com.alibaba.nacos.shaded.io.grpc.netty.shaded.io.netty.util.concurrent.FastThreadLocalRunnable.run(FastThreadLocalRunnable.java:30)
	at java.base/java.lang.Thread.run(Thread.java:1589)
2025-09-19 16:43:13.553  INFO  [com.alibaba.nacos.client.remote.worker] c.a.n.c.r.client - [f873d6c5-5f04-4ad4-8e15-9752c9c8655b_config-0] Fail to connect server, after trying 4 times, last try server is {serverIp = '127.0.0.1', server main port = 8848}, error = unknown
2025-09-19 16:43:13.554  INFO  [com.alibaba.nacos.client.remote.worker] c.a.n.c.r.client - [7ac475ea-e033-46d7-99df-df38e2d80aad] Fail to connect server, after trying 4 times, last try server is {serverIp = '127.0.0.1', server main port = 8848}, error = unknown
2025-09-19 16:43:14.060  ERROR [com.alibaba.nacos.client.remote.worker] c.a.n.c.r.c.g.GrpcClient - Server check fail, please check server 127.0.0.1 ,port 9848 is available , error ={}
java.util.concurrent.ExecutionException: com.alibaba.nacos.shaded.io.grpc.StatusRuntimeException: UNAVAILABLE: io exception
	at com.alibaba.nacos.shaded.com.google.common.util.concurrent.AbstractFuture.getDoneValue(AbstractFuture.java:566)
	at com.alibaba.nacos.shaded.com.google.common.util.concurrent.AbstractFuture.get(AbstractFuture.java:445)
	at com.alibaba.nacos.common.remote.client.grpc.GrpcClient.serverCheck(GrpcClient.java:148)
	at com.alibaba.nacos.common.remote.client.grpc.GrpcClient.connectToServer(GrpcClient.java:264)
	at com.alibaba.nacos.common.remote.client.RpcClient.reconnect(RpcClient.java:522)
	at com.alibaba.nacos.common.remote.client.RpcClient.lambda$start$2(RpcClient.java:370)
	at java.base/java.util.concurrent.Executors$RunnableAdapter.call(Executors.java:577)
	at java.base/java.util.concurrent.FutureTask.run(FutureTask.java:317)
	at java.base/java.util.concurrent.ScheduledThreadPoolExecutor$ScheduledFutureTask.run(ScheduledThreadPoolExecutor.java:304)
	at java.base/java.util.concurrent.ThreadPoolExecutor.runWorker(ThreadPoolExecutor.java:1144)
	at java.base/java.util.concurrent.ThreadPoolExecutor$Worker.run(ThreadPoolExecutor.java:642)
	at java.base/java.lang.Thread.run(Thread.java:1589)
Caused by: com.alibaba.nacos.shaded.io.grpc.StatusRuntimeException: UNAVAILABLE: io exception
	at com.alibaba.nacos.shaded.io.grpc.Status.asRuntimeException(Status.java:533)
	at com.alibaba.nacos.shaded.io.grpc.stub.ClientCalls$UnaryStreamToFuture.onClose(ClientCalls.java:490)
	at com.alibaba.nacos.shaded.io.grpc.PartialForwardingClientCallListener.onClose(PartialForwardingClientCallListener.java:39)
	at com.alibaba.nacos.shaded.io.grpc.ForwardingClientCallListener.onClose(ForwardingClientCallListener.java:23)
	at com.alibaba.nacos.shaded.io.grpc.ForwardingClientCallListener$SimpleForwardingClientCallListener.onClose(ForwardingClientCallListener.java:40)
	at com.alibaba.nacos.shaded.io.grpc.internal.CensusStatsModule$StatsClientInterceptor$1$1.onClose(CensusStatsModule.java:700)
	at com.alibaba.nacos.shaded.io.grpc.PartialForwardingClientCallListener.onClose(PartialForwardingClientCallListener.java:39)
	at com.alibaba.nacos.shaded.io.grpc.ForwardingClientCallListener.onClose(ForwardingClientCallListener.java:23)
	at com.alibaba.nacos.shaded.io.grpc.ForwardingClientCallListener$SimpleForwardingClientCallListener.onClose(ForwardingClientCallListener.java:40)
	at com.alibaba.nacos.shaded.io.grpc.internal.CensusTracingModule$TracingClientInterceptor$1$1.onClose(CensusTracingModule.java:399)
	at com.alibaba.nacos.shaded.io.grpc.internal.ClientCallImpl.closeObserver(ClientCallImpl.java:510)
	at com.alibaba.nacos.shaded.io.grpc.internal.ClientCallImpl.access$300(ClientCallImpl.java:66)
	at com.alibaba.nacos.shaded.io.grpc.internal.ClientCallImpl$ClientStreamListenerImpl.close(ClientCallImpl.java:630)
	at com.alibaba.nacos.shaded.io.grpc.internal.ClientCallImpl$ClientStreamListenerImpl.access$700(ClientCallImpl.java:518)
	at com.alibaba.nacos.shaded.io.grpc.internal.ClientCallImpl$ClientStreamListenerImpl$1StreamClosed.runInternal(ClientCallImpl.java:692)
	at com.alibaba.nacos.shaded.io.grpc.internal.ClientCallImpl$ClientStreamListenerImpl$1StreamClosed.runInContext(ClientCallImpl.java:681)
	at com.alibaba.nacos.shaded.io.grpc.internal.ContextRunnable.run(ContextRunnable.java:37)
	at com.alibaba.nacos.shaded.io.grpc.internal.SerializingExecutor.run(SerializingExecutor.java:123)
	... 3 common frames omitted
Caused by: com.alibaba.nacos.shaded.io.grpc.netty.shaded.io.netty.channel.AbstractChannel$AnnotatedConnectException: Connection refused: no further information: /127.0.0.1:9848
Caused by: java.net.ConnectException: Connection refused: no further information
	at java.base/sun.nio.ch.Net.pollConnect(Native Method)
	at java.base/sun.nio.ch.Net.pollConnectNow(Net.java:672)
	at java.base/sun.nio.ch.SocketChannelImpl.finishConnect(SocketChannelImpl.java:973)
	at com.alibaba.nacos.shaded.io.grpc.netty.shaded.io.netty.channel.socket.nio.NioSocketChannel.doFinishConnect(NioSocketChannel.java:327)
	at com.alibaba.nacos.shaded.io.grpc.netty.shaded.io.netty.channel.nio.AbstractNioChannel$AbstractNioUnsafe.finishConnect(AbstractNioChannel.java:336)
	at com.alibaba.nacos.shaded.io.grpc.netty.shaded.io.netty.channel.nio.NioEventLoop.processSelectedKey(NioEventLoop.java:685)
	at com.alibaba.nacos.shaded.io.grpc.netty.shaded.io.netty.channel.nio.NioEventLoop.processSelectedKeysOptimized(NioEventLoop.java:632)
	at com.alibaba.nacos.shaded.io.grpc.netty.shaded.io.netty.channel.nio.NioEventLoop.processSelectedKeys(NioEventLoop.java:549)
	at com.alibaba.nacos.shaded.io.grpc.netty.shaded.io.netty.channel.nio.NioEventLoop.run(NioEventLoop.java:511)
	at com.alibaba.nacos.shaded.io.grpc.netty.shaded.io.netty.util.concurrent.SingleThreadEventExecutor$5.run(SingleThreadEventExecutor.java:918)
	at com.alibaba.nacos.shaded.io.grpc.netty.shaded.io.netty.util.internal.ThreadExecutorMap$2.run(ThreadExecutorMap.java:74)
	at com.alibaba.nacos.shaded.io.grpc.netty.shaded.io.netty.util.concurrent.FastThreadLocalRunnable.run(FastThreadLocalRunnable.java:30)
	at java.base/java.lang.Thread.run(Thread.java:1589)
2025-09-19 16:43:14.060  ERROR [com.alibaba.nacos.client.remote.worker] c.a.n.c.r.c.g.GrpcClient - Server check fail, please check server 127.0.0.1 ,port 9848 is available , error ={}
java.util.concurrent.ExecutionException: com.alibaba.nacos.shaded.io.grpc.StatusRuntimeException: UNAVAILABLE: io exception
	at com.alibaba.nacos.shaded.com.google.common.util.concurrent.AbstractFuture.getDoneValue(AbstractFuture.java:566)
	at com.alibaba.nacos.shaded.com.google.common.util.concurrent.AbstractFuture.get(AbstractFuture.java:445)
	at com.alibaba.nacos.common.remote.client.grpc.GrpcClient.serverCheck(GrpcClient.java:148)
	at com.alibaba.nacos.common.remote.client.grpc.GrpcClient.connectToServer(GrpcClient.java:264)
	at com.alibaba.nacos.common.remote.client.RpcClient.reconnect(RpcClient.java:522)
	at com.alibaba.nacos.common.remote.client.RpcClient.lambda$start$2(RpcClient.java:370)
	at java.base/java.util.concurrent.Executors$RunnableAdapter.call(Executors.java:577)
	at java.base/java.util.concurrent.FutureTask.run(FutureTask.java:317)
	at java.base/java.util.concurrent.ScheduledThreadPoolExecutor$ScheduledFutureTask.run(ScheduledThreadPoolExecutor.java:304)
	at java.base/java.util.concurrent.ThreadPoolExecutor.runWorker(ThreadPoolExecutor.java:1144)
	at java.base/java.util.concurrent.ThreadPoolExecutor$Worker.run(ThreadPoolExecutor.java:642)
	at java.base/java.lang.Thread.run(Thread.java:1589)
Caused by: com.alibaba.nacos.shaded.io.grpc.StatusRuntimeException: UNAVAILABLE: io exception
	at com.alibaba.nacos.shaded.io.grpc.Status.asRuntimeException(Status.java:533)
	at com.alibaba.nacos.shaded.io.grpc.stub.ClientCalls$UnaryStreamToFuture.onClose(ClientCalls.java:490)
	at com.alibaba.nacos.shaded.io.grpc.PartialForwardingClientCallListener.onClose(PartialForwardingClientCallListener.java:39)
	at com.alibaba.nacos.shaded.io.grpc.ForwardingClientCallListener.onClose(ForwardingClientCallListener.java:23)
	at com.alibaba.nacos.shaded.io.grpc.ForwardingClientCallListener$SimpleForwardingClientCallListener.onClose(ForwardingClientCallListener.java:40)
	at com.alibaba.nacos.shaded.io.grpc.internal.CensusStatsModule$StatsClientInterceptor$1$1.onClose(CensusStatsModule.java:700)
	at com.alibaba.nacos.shaded.io.grpc.PartialForwardingClientCallListener.onClose(PartialForwardingClientCallListener.java:39)
	at com.alibaba.nacos.shaded.io.grpc.ForwardingClientCallListener.onClose(ForwardingClientCallListener.java:23)
	at com.alibaba.nacos.shaded.io.grpc.ForwardingClientCallListener$SimpleForwardingClientCallListener.onClose(ForwardingClientCallListener.java:40)
	at com.alibaba.nacos.shaded.io.grpc.internal.CensusTracingModule$TracingClientInterceptor$1$1.onClose(CensusTracingModule.java:399)
	at com.alibaba.nacos.shaded.io.grpc.internal.ClientCallImpl.closeObserver(ClientCallImpl.java:510)
	at com.alibaba.nacos.shaded.io.grpc.internal.ClientCallImpl.access$300(ClientCallImpl.java:66)
	at com.alibaba.nacos.shaded.io.grpc.internal.ClientCallImpl$ClientStreamListenerImpl.close(ClientCallImpl.java:630)
	at com.alibaba.nacos.shaded.io.grpc.internal.ClientCallImpl$ClientStreamListenerImpl.access$700(ClientCallImpl.java:518)
	at com.alibaba.nacos.shaded.io.grpc.internal.ClientCallImpl$ClientStreamListenerImpl$1StreamClosed.runInternal(ClientCallImpl.java:692)
	at com.alibaba.nacos.shaded.io.grpc.internal.ClientCallImpl$ClientStreamListenerImpl$1StreamClosed.runInContext(ClientCallImpl.java:681)
	at com.alibaba.nacos.shaded.io.grpc.internal.ContextRunnable.run(ContextRunnable.java:37)
	at com.alibaba.nacos.shaded.io.grpc.internal.SerializingExecutor.run(SerializingExecutor.java:123)
	... 3 common frames omitted
Caused by: com.alibaba.nacos.shaded.io.grpc.netty.shaded.io.netty.channel.AbstractChannel$AnnotatedConnectException: Connection refused: no further information: /127.0.0.1:9848
Caused by: java.net.ConnectException: Connection refused: no further information
	at java.base/sun.nio.ch.Net.pollConnect(Native Method)
	at java.base/sun.nio.ch.Net.pollConnectNow(Net.java:672)
	at java.base/sun.nio.ch.SocketChannelImpl.finishConnect(SocketChannelImpl.java:973)
	at com.alibaba.nacos.shaded.io.grpc.netty.shaded.io.netty.channel.socket.nio.NioSocketChannel.doFinishConnect(NioSocketChannel.java:327)
	at com.alibaba.nacos.shaded.io.grpc.netty.shaded.io.netty.channel.nio.AbstractNioChannel$AbstractNioUnsafe.finishConnect(AbstractNioChannel.java:336)
	at com.alibaba.nacos.shaded.io.grpc.netty.shaded.io.netty.channel.nio.NioEventLoop.processSelectedKey(NioEventLoop.java:685)
	at com.alibaba.nacos.shaded.io.grpc.netty.shaded.io.netty.channel.nio.NioEventLoop.processSelectedKeysOptimized(NioEventLoop.java:632)
	at com.alibaba.nacos.shaded.io.grpc.netty.shaded.io.netty.channel.nio.NioEventLoop.processSelectedKeys(NioEventLoop.java:549)
	at com.alibaba.nacos.shaded.io.grpc.netty.shaded.io.netty.channel.nio.NioEventLoop.run(NioEventLoop.java:511)
	at com.alibaba.nacos.shaded.io.grpc.netty.shaded.io.netty.util.concurrent.SingleThreadEventExecutor$5.run(SingleThreadEventExecutor.java:918)
	at com.alibaba.nacos.shaded.io.grpc.netty.shaded.io.netty.util.internal.ThreadExecutorMap$2.run(ThreadExecutorMap.java:74)
	at com.alibaba.nacos.shaded.io.grpc.netty.shaded.io.netty.util.concurrent.FastThreadLocalRunnable.run(FastThreadLocalRunnable.java:30)
	at java.base/java.lang.Thread.run(Thread.java:1589)
2025-09-19 16:43:14.060  INFO  [com.alibaba.nacos.client.remote.worker] c.a.n.c.r.client - [f873d6c5-5f04-4ad4-8e15-9752c9c8655b_config-0] Fail to connect server, after trying 5 times, last try server is {serverIp = '127.0.0.1', server main port = 8848}, error = unknown
2025-09-19 16:43:14.060  INFO  [com.alibaba.nacos.client.remote.worker] c.a.n.c.r.client - [7ac475ea-e033-46d7-99df-df38e2d80aad] Fail to connect server, after trying 5 times, last try server is {serverIp = '127.0.0.1', server main port = 8848}, error = unknown
2025-09-19 16:43:14.669  ERROR [com.alibaba.nacos.client.remote.worker] c.a.n.c.r.c.g.GrpcClient - Server check fail, please check server 127.0.0.1 ,port 9848 is available , error ={}
java.util.concurrent.ExecutionException: com.alibaba.nacos.shaded.io.grpc.StatusRuntimeException: UNAVAILABLE: io exception
	at com.alibaba.nacos.shaded.com.google.common.util.concurrent.AbstractFuture.getDoneValue(AbstractFuture.java:566)
	at com.alibaba.nacos.shaded.com.google.common.util.concurrent.AbstractFuture.get(AbstractFuture.java:445)
	at com.alibaba.nacos.common.remote.client.grpc.GrpcClient.serverCheck(GrpcClient.java:148)
	at com.alibaba.nacos.common.remote.client.grpc.GrpcClient.connectToServer(GrpcClient.java:264)
	at com.alibaba.nacos.common.remote.client.RpcClient.reconnect(RpcClient.java:522)
	at com.alibaba.nacos.common.remote.client.RpcClient.lambda$start$2(RpcClient.java:370)
	at java.base/java.util.concurrent.Executors$RunnableAdapter.call(Executors.java:577)
	at java.base/java.util.concurrent.FutureTask.run(FutureTask.java:317)
	at java.base/java.util.concurrent.ScheduledThreadPoolExecutor$ScheduledFutureTask.run(ScheduledThreadPoolExecutor.java:304)
	at java.base/java.util.concurrent.ThreadPoolExecutor.runWorker(ThreadPoolExecutor.java:1144)
	at java.base/java.util.concurrent.ThreadPoolExecutor$Worker.run(ThreadPoolExecutor.java:642)
	at java.base/java.lang.Thread.run(Thread.java:1589)
Caused by: com.alibaba.nacos.shaded.io.grpc.StatusRuntimeException: UNAVAILABLE: io exception
	at com.alibaba.nacos.shaded.io.grpc.Status.asRuntimeException(Status.java:533)
	at com.alibaba.nacos.shaded.io.grpc.stub.ClientCalls$UnaryStreamToFuture.onClose(ClientCalls.java:490)
	at com.alibaba.nacos.shaded.io.grpc.PartialForwardingClientCallListener.onClose(PartialForwardingClientCallListener.java:39)
	at com.alibaba.nacos.shaded.io.grpc.ForwardingClientCallListener.onClose(ForwardingClientCallListener.java:23)
	at com.alibaba.nacos.shaded.io.grpc.ForwardingClientCallListener$SimpleForwardingClientCallListener.onClose(ForwardingClientCallListener.java:40)
	at com.alibaba.nacos.shaded.io.grpc.internal.CensusStatsModule$StatsClientInterceptor$1$1.onClose(CensusStatsModule.java:700)
	at com.alibaba.nacos.shaded.io.grpc.PartialForwardingClientCallListener.onClose(PartialForwardingClientCallListener.java:39)
	at com.alibaba.nacos.shaded.io.grpc.ForwardingClientCallListener.onClose(ForwardingClientCallListener.java:23)
	at com.alibaba.nacos.shaded.io.grpc.ForwardingClientCallListener$SimpleForwardingClientCallListener.onClose(ForwardingClientCallListener.java:40)
	at com.alibaba.nacos.shaded.io.grpc.internal.CensusTracingModule$TracingClientInterceptor$1$1.onClose(CensusTracingModule.java:399)
	at com.alibaba.nacos.shaded.io.grpc.internal.ClientCallImpl.closeObserver(ClientCallImpl.java:510)
	at com.alibaba.nacos.shaded.io.grpc.internal.ClientCallImpl.access$300(ClientCallImpl.java:66)
	at com.alibaba.nacos.shaded.io.grpc.internal.ClientCallImpl$ClientStreamListenerImpl.close(ClientCallImpl.java:630)
	at com.alibaba.nacos.shaded.io.grpc.internal.ClientCallImpl$ClientStreamListenerImpl.access$700(ClientCallImpl.java:518)
	at com.alibaba.nacos.shaded.io.grpc.internal.ClientCallImpl$ClientStreamListenerImpl$1StreamClosed.runInternal(ClientCallImpl.java:692)
	at com.alibaba.nacos.shaded.io.grpc.internal.ClientCallImpl$ClientStreamListenerImpl$1StreamClosed.runInContext(ClientCallImpl.java:681)
	at com.alibaba.nacos.shaded.io.grpc.internal.ContextRunnable.run(ContextRunnable.java:37)
	at com.alibaba.nacos.shaded.io.grpc.internal.SerializingExecutor.run(SerializingExecutor.java:123)
	... 3 common frames omitted
Caused by: com.alibaba.nacos.shaded.io.grpc.netty.shaded.io.netty.channel.AbstractChannel$AnnotatedConnectException: Connection refused: no further information: /127.0.0.1:9848
Caused by: java.net.ConnectException: Connection refused: no further information
	at java.base/sun.nio.ch.Net.pollConnect(Native Method)
	at java.base/sun.nio.ch.Net.pollConnectNow(Net.java:672)
	at java.base/sun.nio.ch.SocketChannelImpl.finishConnect(SocketChannelImpl.java:973)
	at com.alibaba.nacos.shaded.io.grpc.netty.shaded.io.netty.channel.socket.nio.NioSocketChannel.doFinishConnect(NioSocketChannel.java:327)
	at com.alibaba.nacos.shaded.io.grpc.netty.shaded.io.netty.channel.nio.AbstractNioChannel$AbstractNioUnsafe.finishConnect(AbstractNioChannel.java:336)
	at com.alibaba.nacos.shaded.io.grpc.netty.shaded.io.netty.channel.nio.NioEventLoop.processSelectedKey(NioEventLoop.java:685)
	at com.alibaba.nacos.shaded.io.grpc.netty.shaded.io.netty.channel.nio.NioEventLoop.processSelectedKeysOptimized(NioEventLoop.java:632)
	at com.alibaba.nacos.shaded.io.grpc.netty.shaded.io.netty.channel.nio.NioEventLoop.processSelectedKeys(NioEventLoop.java:549)
	at com.alibaba.nacos.shaded.io.grpc.netty.shaded.io.netty.channel.nio.NioEventLoop.run(NioEventLoop.java:511)
	at com.alibaba.nacos.shaded.io.grpc.netty.shaded.io.netty.util.concurrent.SingleThreadEventExecutor$5.run(SingleThreadEventExecutor.java:918)
	at com.alibaba.nacos.shaded.io.grpc.netty.shaded.io.netty.util.internal.ThreadExecutorMap$2.run(ThreadExecutorMap.java:74)
	at com.alibaba.nacos.shaded.io.grpc.netty.shaded.io.netty.util.concurrent.FastThreadLocalRunnable.run(FastThreadLocalRunnable.java:30)
	at java.base/java.lang.Thread.run(Thread.java:1589)
2025-09-19 16:43:14.669  ERROR [com.alibaba.nacos.client.remote.worker] c.a.n.c.r.c.g.GrpcClient - Server check fail, please check server 127.0.0.1 ,port 9848 is available , error ={}
java.util.concurrent.ExecutionException: com.alibaba.nacos.shaded.io.grpc.StatusRuntimeException: UNAVAILABLE: io exception
	at com.alibaba.nacos.shaded.com.google.common.util.concurrent.AbstractFuture.getDoneValue(AbstractFuture.java:566)
	at com.alibaba.nacos.shaded.com.google.common.util.concurrent.AbstractFuture.get(AbstractFuture.java:445)
	at com.alibaba.nacos.common.remote.client.grpc.GrpcClient.serverCheck(GrpcClient.java:148)
	at com.alibaba.nacos.common.remote.client.grpc.GrpcClient.connectToServer(GrpcClient.java:264)
	at com.alibaba.nacos.common.remote.client.RpcClient.reconnect(RpcClient.java:522)
	at com.alibaba.nacos.common.remote.client.RpcClient.lambda$start$2(RpcClient.java:370)
	at java.base/java.util.concurrent.Executors$RunnableAdapter.call(Executors.java:577)
	at java.base/java.util.concurrent.FutureTask.run(FutureTask.java:317)
	at java.base/java.util.concurrent.ScheduledThreadPoolExecutor$ScheduledFutureTask.run(ScheduledThreadPoolExecutor.java:304)
	at java.base/java.util.concurrent.ThreadPoolExecutor.runWorker(ThreadPoolExecutor.java:1144)
	at java.base/java.util.concurrent.ThreadPoolExecutor$Worker.run(ThreadPoolExecutor.java:642)
	at java.base/java.lang.Thread.run(Thread.java:1589)
Caused by: com.alibaba.nacos.shaded.io.grpc.StatusRuntimeException: UNAVAILABLE: io exception
	at com.alibaba.nacos.shaded.io.grpc.Status.asRuntimeException(Status.java:533)
	at com.alibaba.nacos.shaded.io.grpc.stub.ClientCalls$UnaryStreamToFuture.onClose(ClientCalls.java:490)
	at com.alibaba.nacos.shaded.io.grpc.PartialForwardingClientCallListener.onClose(PartialForwardingClientCallListener.java:39)
	at com.alibaba.nacos.shaded.io.grpc.ForwardingClientCallListener.onClose(ForwardingClientCallListener.java:23)
	at com.alibaba.nacos.shaded.io.grpc.ForwardingClientCallListener$SimpleForwardingClientCallListener.onClose(ForwardingClientCallListener.java:40)
	at com.alibaba.nacos.shaded.io.grpc.internal.CensusStatsModule$StatsClientInterceptor$1$1.onClose(CensusStatsModule.java:700)
	at com.alibaba.nacos.shaded.io.grpc.PartialForwardingClientCallListener.onClose(PartialForwardingClientCallListener.java:39)
	at com.alibaba.nacos.shaded.io.grpc.ForwardingClientCallListener.onClose(ForwardingClientCallListener.java:23)
	at com.alibaba.nacos.shaded.io.grpc.ForwardingClientCallListener$SimpleForwardingClientCallListener.onClose(ForwardingClientCallListener.java:40)
	at com.alibaba.nacos.shaded.io.grpc.internal.CensusTracingModule$TracingClientInterceptor$1$1.onClose(CensusTracingModule.java:399)
	at com.alibaba.nacos.shaded.io.grpc.internal.ClientCallImpl.closeObserver(ClientCallImpl.java:510)
	at com.alibaba.nacos.shaded.io.grpc.internal.ClientCallImpl.access$300(ClientCallImpl.java:66)
	at com.alibaba.nacos.shaded.io.grpc.internal.ClientCallImpl$ClientStreamListenerImpl.close(ClientCallImpl.java:630)
	at com.alibaba.nacos.shaded.io.grpc.internal.ClientCallImpl$ClientStreamListenerImpl.access$700(ClientCallImpl.java:518)
	at com.alibaba.nacos.shaded.io.grpc.internal.ClientCallImpl$ClientStreamListenerImpl$1StreamClosed.runInternal(ClientCallImpl.java:692)
	at com.alibaba.nacos.shaded.io.grpc.internal.ClientCallImpl$ClientStreamListenerImpl$1StreamClosed.runInContext(ClientCallImpl.java:681)
	at com.alibaba.nacos.shaded.io.grpc.internal.ContextRunnable.run(ContextRunnable.java:37)
	at com.alibaba.nacos.shaded.io.grpc.internal.SerializingExecutor.run(SerializingExecutor.java:123)
	... 3 common frames omitted
Caused by: com.alibaba.nacos.shaded.io.grpc.netty.shaded.io.netty.channel.AbstractChannel$AnnotatedConnectException: Connection refused: no further information: /127.0.0.1:9848
Caused by: java.net.ConnectException: Connection refused: no further information
	at java.base/sun.nio.ch.Net.pollConnect(Native Method)
	at java.base/sun.nio.ch.Net.pollConnectNow(Net.java:672)
	at java.base/sun.nio.ch.SocketChannelImpl.finishConnect(SocketChannelImpl.java:973)
	at com.alibaba.nacos.shaded.io.grpc.netty.shaded.io.netty.channel.socket.nio.NioSocketChannel.doFinishConnect(NioSocketChannel.java:327)
	at com.alibaba.nacos.shaded.io.grpc.netty.shaded.io.netty.channel.nio.AbstractNioChannel$AbstractNioUnsafe.finishConnect(AbstractNioChannel.java:336)
	at com.alibaba.nacos.shaded.io.grpc.netty.shaded.io.netty.channel.nio.NioEventLoop.processSelectedKey(NioEventLoop.java:685)
	at com.alibaba.nacos.shaded.io.grpc.netty.shaded.io.netty.channel.nio.NioEventLoop.processSelectedKeysOptimized(NioEventLoop.java:632)
	at com.alibaba.nacos.shaded.io.grpc.netty.shaded.io.netty.channel.nio.NioEventLoop.processSelectedKeys(NioEventLoop.java:549)
	at com.alibaba.nacos.shaded.io.grpc.netty.shaded.io.netty.channel.nio.NioEventLoop.run(NioEventLoop.java:511)
	at com.alibaba.nacos.shaded.io.grpc.netty.shaded.io.netty.util.concurrent.SingleThreadEventExecutor$5.run(SingleThreadEventExecutor.java:918)
	at com.alibaba.nacos.shaded.io.grpc.netty.shaded.io.netty.util.internal.ThreadExecutorMap$2.run(ThreadExecutorMap.java:74)
	at com.alibaba.nacos.shaded.io.grpc.netty.shaded.io.netty.util.concurrent.FastThreadLocalRunnable.run(FastThreadLocalRunnable.java:30)
	at java.base/java.lang.Thread.run(Thread.java:1589)
2025-09-19 16:43:14.669  INFO  [com.alibaba.nacos.client.remote.worker] c.a.n.c.r.client - [7ac475ea-e033-46d7-99df-df38e2d80aad] Fail to connect server, after trying 6 times, last try server is {serverIp = '127.0.0.1', server main port = 8848}, error = unknown
2025-09-19 16:43:14.669  INFO  [com.alibaba.nacos.client.remote.worker] c.a.n.c.r.client - [f873d6c5-5f04-4ad4-8e15-9752c9c8655b_config-0] Fail to connect server, after trying 6 times, last try server is {serverIp = '127.0.0.1', server main port = 8848}, error = unknown
2025-09-19 16:43:15.068  ERROR [doSubscribeAllServices.0] c.a.n.c.r.client - Send request fail, request = ServiceListRequest{headers={app=unknown}, requestId='null'}, retryTimes = 0, errorMessage = Client not connected, current status:UNHEALTHY
2025-09-19 16:43:15.179  ERROR [doSubscribeAllServices.0] c.a.n.c.r.client - Send request fail, request = ServiceListRequest{headers={app=unknown}, requestId='null'}, retryTimes = 1, errorMessage = Client not connected, current status:UNHEALTHY
2025-09-19 16:43:15.287  ERROR [doSubscribeAllServices.0] c.a.n.c.r.client - Send request fail, request = ServiceListRequest{headers={app=unknown}, requestId='null'}, retryTimes = 2, errorMessage = Client not connected, current status:UNHEALTHY
2025-09-19 16:43:15.383  ERROR [com.alibaba.nacos.client.remote.worker] c.a.n.c.r.c.g.GrpcClient - Server check fail, please check server 127.0.0.1 ,port 9848 is available , error ={}
java.util.concurrent.ExecutionException: com.alibaba.nacos.shaded.io.grpc.StatusRuntimeException: UNAVAILABLE: io exception
	at com.alibaba.nacos.shaded.com.google.common.util.concurrent.AbstractFuture.getDoneValue(AbstractFuture.java:566)
	at com.alibaba.nacos.shaded.com.google.common.util.concurrent.AbstractFuture.get(AbstractFuture.java:445)
	at com.alibaba.nacos.common.remote.client.grpc.GrpcClient.serverCheck(GrpcClient.java:148)
	at com.alibaba.nacos.common.remote.client.grpc.GrpcClient.connectToServer(GrpcClient.java:264)
	at com.alibaba.nacos.common.remote.client.RpcClient.reconnect(RpcClient.java:522)
	at com.alibaba.nacos.common.remote.client.RpcClient.lambda$start$2(RpcClient.java:370)
	at java.base/java.util.concurrent.Executors$RunnableAdapter.call(Executors.java:577)
	at java.base/java.util.concurrent.FutureTask.run(FutureTask.java:317)
	at java.base/java.util.concurrent.ScheduledThreadPoolExecutor$ScheduledFutureTask.run(ScheduledThreadPoolExecutor.java:304)
	at java.base/java.util.concurrent.ThreadPoolExecutor.runWorker(ThreadPoolExecutor.java:1144)
	at java.base/java.util.concurrent.ThreadPoolExecutor$Worker.run(ThreadPoolExecutor.java:642)
	at java.base/java.lang.Thread.run(Thread.java:1589)
Caused by: com.alibaba.nacos.shaded.io.grpc.StatusRuntimeException: UNAVAILABLE: io exception
	at com.alibaba.nacos.shaded.io.grpc.Status.asRuntimeException(Status.java:533)
	at com.alibaba.nacos.shaded.io.grpc.stub.ClientCalls$UnaryStreamToFuture.onClose(ClientCalls.java:490)
	at com.alibaba.nacos.shaded.io.grpc.PartialForwardingClientCallListener.onClose(PartialForwardingClientCallListener.java:39)
	at com.alibaba.nacos.shaded.io.grpc.ForwardingClientCallListener.onClose(ForwardingClientCallListener.java:23)
	at com.alibaba.nacos.shaded.io.grpc.ForwardingClientCallListener$SimpleForwardingClientCallListener.onClose(ForwardingClientCallListener.java:40)
	at com.alibaba.nacos.shaded.io.grpc.internal.CensusStatsModule$StatsClientInterceptor$1$1.onClose(CensusStatsModule.java:700)
	at com.alibaba.nacos.shaded.io.grpc.PartialForwardingClientCallListener.onClose(PartialForwardingClientCallListener.java:39)
	at com.alibaba.nacos.shaded.io.grpc.ForwardingClientCallListener.onClose(ForwardingClientCallListener.java:23)
	at com.alibaba.nacos.shaded.io.grpc.ForwardingClientCallListener$SimpleForwardingClientCallListener.onClose(ForwardingClientCallListener.java:40)
	at com.alibaba.nacos.shaded.io.grpc.internal.CensusTracingModule$TracingClientInterceptor$1$1.onClose(CensusTracingModule.java:399)
	at com.alibaba.nacos.shaded.io.grpc.internal.ClientCallImpl.closeObserver(ClientCallImpl.java:510)
	at com.alibaba.nacos.shaded.io.grpc.internal.ClientCallImpl.access$300(ClientCallImpl.java:66)
	at com.alibaba.nacos.shaded.io.grpc.internal.ClientCallImpl$ClientStreamListenerImpl.close(ClientCallImpl.java:630)
	at com.alibaba.nacos.shaded.io.grpc.internal.ClientCallImpl$ClientStreamListenerImpl.access$700(ClientCallImpl.java:518)
	at com.alibaba.nacos.shaded.io.grpc.internal.ClientCallImpl$ClientStreamListenerImpl$1StreamClosed.runInternal(ClientCallImpl.java:692)
	at com.alibaba.nacos.shaded.io.grpc.internal.ClientCallImpl$ClientStreamListenerImpl$1StreamClosed.runInContext(ClientCallImpl.java:681)
	at com.alibaba.nacos.shaded.io.grpc.internal.ContextRunnable.run(ContextRunnable.java:37)
	at com.alibaba.nacos.shaded.io.grpc.internal.SerializingExecutor.run(SerializingExecutor.java:123)
	... 3 common frames omitted
Caused by: com.alibaba.nacos.shaded.io.grpc.netty.shaded.io.netty.channel.AbstractChannel$AnnotatedConnectException: Connection refused: no further information: /127.0.0.1:9848
Caused by: java.net.ConnectException: Connection refused: no further information
	at java.base/sun.nio.ch.Net.pollConnect(Native Method)
	at java.base/sun.nio.ch.Net.pollConnectNow(Net.java:672)
	at java.base/sun.nio.ch.SocketChannelImpl.finishConnect(SocketChannelImpl.java:973)
	at com.alibaba.nacos.shaded.io.grpc.netty.shaded.io.netty.channel.socket.nio.NioSocketChannel.doFinishConnect(NioSocketChannel.java:327)
	at com.alibaba.nacos.shaded.io.grpc.netty.shaded.io.netty.channel.nio.AbstractNioChannel$AbstractNioUnsafe.finishConnect(AbstractNioChannel.java:336)
	at com.alibaba.nacos.shaded.io.grpc.netty.shaded.io.netty.channel.nio.NioEventLoop.processSelectedKey(NioEventLoop.java:685)
	at com.alibaba.nacos.shaded.io.grpc.netty.shaded.io.netty.channel.nio.NioEventLoop.processSelectedKeysOptimized(NioEventLoop.java:632)
	at com.alibaba.nacos.shaded.io.grpc.netty.shaded.io.netty.channel.nio.NioEventLoop.processSelectedKeys(NioEventLoop.java:549)
	at com.alibaba.nacos.shaded.io.grpc.netty.shaded.io.netty.channel.nio.NioEventLoop.run(NioEventLoop.java:511)
	at com.alibaba.nacos.shaded.io.grpc.netty.shaded.io.netty.util.concurrent.SingleThreadEventExecutor$5.run(SingleThreadEventExecutor.java:918)
	at com.alibaba.nacos.shaded.io.grpc.netty.shaded.io.netty.util.internal.ThreadExecutorMap$2.run(ThreadExecutorMap.java:74)
	at com.alibaba.nacos.shaded.io.grpc.netty.shaded.io.netty.util.concurrent.FastThreadLocalRunnable.run(FastThreadLocalRunnable.java:30)
	at java.base/java.lang.Thread.run(Thread.java:1589)
2025-09-19 16:43:15.383  ERROR [com.alibaba.nacos.client.remote.worker] c.a.n.c.r.c.g.GrpcClient - Server check fail, please check server 127.0.0.1 ,port 9848 is available , error ={}
java.util.concurrent.ExecutionException: com.alibaba.nacos.shaded.io.grpc.StatusRuntimeException: UNAVAILABLE: io exception
	at com.alibaba.nacos.shaded.com.google.common.util.concurrent.AbstractFuture.getDoneValue(AbstractFuture.java:566)
	at com.alibaba.nacos.shaded.com.google.common.util.concurrent.AbstractFuture.get(AbstractFuture.java:445)
	at com.alibaba.nacos.common.remote.client.grpc.GrpcClient.serverCheck(GrpcClient.java:148)
	at com.alibaba.nacos.common.remote.client.grpc.GrpcClient.connectToServer(GrpcClient.java:264)
	at com.alibaba.nacos.common.remote.client.RpcClient.reconnect(RpcClient.java:522)
	at com.alibaba.nacos.common.remote.client.RpcClient.lambda$start$2(RpcClient.java:370)
	at java.base/java.util.concurrent.Executors$RunnableAdapter.call(Executors.java:577)
	at java.base/java.util.concurrent.FutureTask.run(FutureTask.java:317)
	at java.base/java.util.concurrent.ScheduledThreadPoolExecutor$ScheduledFutureTask.run(ScheduledThreadPoolExecutor.java:304)
	at java.base/java.util.concurrent.ThreadPoolExecutor.runWorker(ThreadPoolExecutor.java:1144)
	at java.base/java.util.concurrent.ThreadPoolExecutor$Worker.run(ThreadPoolExecutor.java:642)
	at java.base/java.lang.Thread.run(Thread.java:1589)
Caused by: com.alibaba.nacos.shaded.io.grpc.StatusRuntimeException: UNAVAILABLE: io exception
	at com.alibaba.nacos.shaded.io.grpc.Status.asRuntimeException(Status.java:533)
	at com.alibaba.nacos.shaded.io.grpc.stub.ClientCalls$UnaryStreamToFuture.onClose(ClientCalls.java:490)
	at com.alibaba.nacos.shaded.io.grpc.PartialForwardingClientCallListener.onClose(PartialForwardingClientCallListener.java:39)
	at com.alibaba.nacos.shaded.io.grpc.ForwardingClientCallListener.onClose(ForwardingClientCallListener.java:23)
	at com.alibaba.nacos.shaded.io.grpc.ForwardingClientCallListener$SimpleForwardingClientCallListener.onClose(ForwardingClientCallListener.java:40)
	at com.alibaba.nacos.shaded.io.grpc.internal.CensusStatsModule$StatsClientInterceptor$1$1.onClose(CensusStatsModule.java:700)
	at com.alibaba.nacos.shaded.io.grpc.PartialForwardingClientCallListener.onClose(PartialForwardingClientCallListener.java:39)
	at com.alibaba.nacos.shaded.io.grpc.ForwardingClientCallListener.onClose(ForwardingClientCallListener.java:23)
	at com.alibaba.nacos.shaded.io.grpc.ForwardingClientCallListener$SimpleForwardingClientCallListener.onClose(ForwardingClientCallListener.java:40)
	at com.alibaba.nacos.shaded.io.grpc.internal.CensusTracingModule$TracingClientInterceptor$1$1.onClose(CensusTracingModule.java:399)
	at com.alibaba.nacos.shaded.io.grpc.internal.ClientCallImpl.closeObserver(ClientCallImpl.java:510)
	at com.alibaba.nacos.shaded.io.grpc.internal.ClientCallImpl.access$300(ClientCallImpl.java:66)
	at com.alibaba.nacos.shaded.io.grpc.internal.ClientCallImpl$ClientStreamListenerImpl.close(ClientCallImpl.java:630)
	at com.alibaba.nacos.shaded.io.grpc.internal.ClientCallImpl$ClientStreamListenerImpl.access$700(ClientCallImpl.java:518)
	at com.alibaba.nacos.shaded.io.grpc.internal.ClientCallImpl$ClientStreamListenerImpl$1StreamClosed.runInternal(ClientCallImpl.java:692)
	at com.alibaba.nacos.shaded.io.grpc.internal.ClientCallImpl$ClientStreamListenerImpl$1StreamClosed.runInContext(ClientCallImpl.java:681)
	at com.alibaba.nacos.shaded.io.grpc.internal.ContextRunnable.run(ContextRunnable.java:37)
	at com.alibaba.nacos.shaded.io.grpc.internal.SerializingExecutor.run(SerializingExecutor.java:123)
	... 3 common frames omitted
Caused by: com.alibaba.nacos.shaded.io.grpc.netty.shaded.io.netty.channel.AbstractChannel$AnnotatedConnectException: Connection refused: no further information: /127.0.0.1:9848
Caused by: java.net.ConnectException: Connection refused: no further information
	at java.base/sun.nio.ch.Net.pollConnect(Native Method)
	at java.base/sun.nio.ch.Net.pollConnectNow(Net.java:672)
	at java.base/sun.nio.ch.SocketChannelImpl.finishConnect(SocketChannelImpl.java:973)
	at com.alibaba.nacos.shaded.io.grpc.netty.shaded.io.netty.channel.socket.nio.NioSocketChannel.doFinishConnect(NioSocketChannel.java:327)
	at com.alibaba.nacos.shaded.io.grpc.netty.shaded.io.netty.channel.nio.AbstractNioChannel$AbstractNioUnsafe.finishConnect(AbstractNioChannel.java:336)
	at com.alibaba.nacos.shaded.io.grpc.netty.shaded.io.netty.channel.nio.NioEventLoop.processSelectedKey(NioEventLoop.java:685)
	at com.alibaba.nacos.shaded.io.grpc.netty.shaded.io.netty.channel.nio.NioEventLoop.processSelectedKeysOptimized(NioEventLoop.java:632)
	at com.alibaba.nacos.shaded.io.grpc.netty.shaded.io.netty.channel.nio.NioEventLoop.processSelectedKeys(NioEventLoop.java:549)
	at com.alibaba.nacos.shaded.io.grpc.netty.shaded.io.netty.channel.nio.NioEventLoop.run(NioEventLoop.java:511)
	at com.alibaba.nacos.shaded.io.grpc.netty.shaded.io.netty.util.concurrent.SingleThreadEventExecutor$5.run(SingleThreadEventExecutor.java:918)
	at com.alibaba.nacos.shaded.io.grpc.netty.shaded.io.netty.util.internal.ThreadExecutorMap$2.run(ThreadExecutorMap.java:74)
	at com.alibaba.nacos.shaded.io.grpc.netty.shaded.io.netty.util.concurrent.FastThreadLocalRunnable.run(FastThreadLocalRunnable.java:30)
	at java.base/java.lang.Thread.run(Thread.java:1589)
2025-09-19 16:43:15.384  INFO  [com.alibaba.nacos.client.remote.worker] c.a.n.c.r.client - [7ac475ea-e033-46d7-99df-df38e2d80aad] Fail to connect server, after trying 7 times, last try server is {serverIp = '127.0.0.1', server main port = 8848}, error = unknown
2025-09-19 16:43:15.384  INFO  [com.alibaba.nacos.client.remote.worker] c.a.n.c.r.client - [f873d6c5-5f04-4ad4-8e15-9752c9c8655b_config-0] Fail to connect server, after trying 7 times, last try server is {serverIp = '127.0.0.1', server main port = 8848}, error = unknown
2025-09-19 16:43:16.195  ERROR [com.alibaba.nacos.client.remote.worker] c.a.n.c.r.c.g.GrpcClient - Server check fail, please check server 127.0.0.1 ,port 9848 is available , error ={}
java.util.concurrent.ExecutionException: com.alibaba.nacos.shaded.io.grpc.StatusRuntimeException: UNAVAILABLE: io exception
	at com.alibaba.nacos.shaded.com.google.common.util.concurrent.AbstractFuture.getDoneValue(AbstractFuture.java:566)
	at com.alibaba.nacos.shaded.com.google.common.util.concurrent.AbstractFuture.get(AbstractFuture.java:445)
	at com.alibaba.nacos.common.remote.client.grpc.GrpcClient.serverCheck(GrpcClient.java:148)
	at com.alibaba.nacos.common.remote.client.grpc.GrpcClient.connectToServer(GrpcClient.java:264)
	at com.alibaba.nacos.common.remote.client.RpcClient.reconnect(RpcClient.java:522)
	at com.alibaba.nacos.common.remote.client.RpcClient.lambda$start$2(RpcClient.java:370)
	at java.base/java.util.concurrent.Executors$RunnableAdapter.call(Executors.java:577)
	at java.base/java.util.concurrent.FutureTask.run(FutureTask.java:317)
	at java.base/java.util.concurrent.ScheduledThreadPoolExecutor$ScheduledFutureTask.run(ScheduledThreadPoolExecutor.java:304)
	at java.base/java.util.concurrent.ThreadPoolExecutor.runWorker(ThreadPoolExecutor.java:1144)
	at java.base/java.util.concurrent.ThreadPoolExecutor$Worker.run(ThreadPoolExecutor.java:642)
	at java.base/java.lang.Thread.run(Thread.java:1589)
Caused by: com.alibaba.nacos.shaded.io.grpc.StatusRuntimeException: UNAVAILABLE: io exception
	at com.alibaba.nacos.shaded.io.grpc.Status.asRuntimeException(Status.java:533)
	at com.alibaba.nacos.shaded.io.grpc.stub.ClientCalls$UnaryStreamToFuture.onClose(ClientCalls.java:490)
	at com.alibaba.nacos.shaded.io.grpc.PartialForwardingClientCallListener.onClose(PartialForwardingClientCallListener.java:39)
	at com.alibaba.nacos.shaded.io.grpc.ForwardingClientCallListener.onClose(ForwardingClientCallListener.java:23)
	at com.alibaba.nacos.shaded.io.grpc.ForwardingClientCallListener$SimpleForwardingClientCallListener.onClose(ForwardingClientCallListener.java:40)
	at com.alibaba.nacos.shaded.io.grpc.internal.CensusStatsModule$StatsClientInterceptor$1$1.onClose(CensusStatsModule.java:700)
	at com.alibaba.nacos.shaded.io.grpc.PartialForwardingClientCallListener.onClose(PartialForwardingClientCallListener.java:39)
	at com.alibaba.nacos.shaded.io.grpc.ForwardingClientCallListener.onClose(ForwardingClientCallListener.java:23)
	at com.alibaba.nacos.shaded.io.grpc.ForwardingClientCallListener$SimpleForwardingClientCallListener.onClose(ForwardingClientCallListener.java:40)
	at com.alibaba.nacos.shaded.io.grpc.internal.CensusTracingModule$TracingClientInterceptor$1$1.onClose(CensusTracingModule.java:399)
	at com.alibaba.nacos.shaded.io.grpc.internal.ClientCallImpl.closeObserver(ClientCallImpl.java:510)
	at com.alibaba.nacos.shaded.io.grpc.internal.ClientCallImpl.access$300(ClientCallImpl.java:66)
	at com.alibaba.nacos.shaded.io.grpc.internal.ClientCallImpl$ClientStreamListenerImpl.close(ClientCallImpl.java:630)
	at com.alibaba.nacos.shaded.io.grpc.internal.ClientCallImpl$ClientStreamListenerImpl.access$700(ClientCallImpl.java:518)
	at com.alibaba.nacos.shaded.io.grpc.internal.ClientCallImpl$ClientStreamListenerImpl$1StreamClosed.runInternal(ClientCallImpl.java:692)
	at com.alibaba.nacos.shaded.io.grpc.internal.ClientCallImpl$ClientStreamListenerImpl$1StreamClosed.runInContext(ClientCallImpl.java:681)
	at com.alibaba.nacos.shaded.io.grpc.internal.ContextRunnable.run(ContextRunnable.java:37)
	at com.alibaba.nacos.shaded.io.grpc.internal.SerializingExecutor.run(SerializingExecutor.java:123)
	... 3 common frames omitted
Caused by: com.alibaba.nacos.shaded.io.grpc.netty.shaded.io.netty.channel.AbstractChannel$AnnotatedConnectException: Connection refused: no further information: /127.0.0.1:9848
Caused by: java.net.ConnectException: Connection refused: no further information
	at java.base/sun.nio.ch.Net.pollConnect(Native Method)
	at java.base/sun.nio.ch.Net.pollConnectNow(Net.java:672)
	at java.base/sun.nio.ch.SocketChannelImpl.finishConnect(SocketChannelImpl.java:973)
	at com.alibaba.nacos.shaded.io.grpc.netty.shaded.io.netty.channel.socket.nio.NioSocketChannel.doFinishConnect(NioSocketChannel.java:327)
	at com.alibaba.nacos.shaded.io.grpc.netty.shaded.io.netty.channel.nio.AbstractNioChannel$AbstractNioUnsafe.finishConnect(AbstractNioChannel.java:336)
	at com.alibaba.nacos.shaded.io.grpc.netty.shaded.io.netty.channel.nio.NioEventLoop.processSelectedKey(NioEventLoop.java:685)
	at com.alibaba.nacos.shaded.io.grpc.netty.shaded.io.netty.channel.nio.NioEventLoop.processSelectedKeysOptimized(NioEventLoop.java:632)
	at com.alibaba.nacos.shaded.io.grpc.netty.shaded.io.netty.channel.nio.NioEventLoop.processSelectedKeys(NioEventLoop.java:549)
	at com.alibaba.nacos.shaded.io.grpc.netty.shaded.io.netty.channel.nio.NioEventLoop.run(NioEventLoop.java:511)
	at com.alibaba.nacos.shaded.io.grpc.netty.shaded.io.netty.util.concurrent.SingleThreadEventExecutor$5.run(SingleThreadEventExecutor.java:918)
	at com.alibaba.nacos.shaded.io.grpc.netty.shaded.io.netty.util.internal.ThreadExecutorMap$2.run(ThreadExecutorMap.java:74)
	at com.alibaba.nacos.shaded.io.grpc.netty.shaded.io.netty.util.concurrent.FastThreadLocalRunnable.run(FastThreadLocalRunnable.java:30)
	at java.base/java.lang.Thread.run(Thread.java:1589)
2025-09-19 16:43:16.195  ERROR [com.alibaba.nacos.client.remote.worker] c.a.n.c.r.c.g.GrpcClient - Server check fail, please check server 127.0.0.1 ,port 9848 is available , error ={}
java.util.concurrent.ExecutionException: com.alibaba.nacos.shaded.io.grpc.StatusRuntimeException: UNAVAILABLE: io exception
	at com.alibaba.nacos.shaded.com.google.common.util.concurrent.AbstractFuture.getDoneValue(AbstractFuture.java:566)
	at com.alibaba.nacos.shaded.com.google.common.util.concurrent.AbstractFuture.get(AbstractFuture.java:445)
	at com.alibaba.nacos.common.remote.client.grpc.GrpcClient.serverCheck(GrpcClient.java:148)
	at com.alibaba.nacos.common.remote.client.grpc.GrpcClient.connectToServer(GrpcClient.java:264)
	at com.alibaba.nacos.common.remote.client.RpcClient.reconnect(RpcClient.java:522)
	at com.alibaba.nacos.common.remote.client.RpcClient.lambda$start$2(RpcClient.java:370)
	at java.base/java.util.concurrent.Executors$RunnableAdapter.call(Executors.java:577)
	at java.base/java.util.concurrent.FutureTask.run(FutureTask.java:317)
	at java.base/java.util.concurrent.ScheduledThreadPoolExecutor$ScheduledFutureTask.run(ScheduledThreadPoolExecutor.java:304)
	at java.base/java.util.concurrent.ThreadPoolExecutor.runWorker(ThreadPoolExecutor.java:1144)
	at java.base/java.util.concurrent.ThreadPoolExecutor$Worker.run(ThreadPoolExecutor.java:642)
	at java.base/java.lang.Thread.run(Thread.java:1589)
Caused by: com.alibaba.nacos.shaded.io.grpc.StatusRuntimeException: UNAVAILABLE: io exception
	at com.alibaba.nacos.shaded.io.grpc.Status.asRuntimeException(Status.java:533)
	at com.alibaba.nacos.shaded.io.grpc.stub.ClientCalls$UnaryStreamToFuture.onClose(ClientCalls.java:490)
	at com.alibaba.nacos.shaded.io.grpc.PartialForwardingClientCallListener.onClose(PartialForwardingClientCallListener.java:39)
	at com.alibaba.nacos.shaded.io.grpc.ForwardingClientCallListener.onClose(ForwardingClientCallListener.java:23)
	at com.alibaba.nacos.shaded.io.grpc.ForwardingClientCallListener$SimpleForwardingClientCallListener.onClose(ForwardingClientCallListener.java:40)
	at com.alibaba.nacos.shaded.io.grpc.internal.CensusStatsModule$StatsClientInterceptor$1$1.onClose(CensusStatsModule.java:700)
	at com.alibaba.nacos.shaded.io.grpc.PartialForwardingClientCallListener.onClose(PartialForwardingClientCallListener.java:39)
	at com.alibaba.nacos.shaded.io.grpc.ForwardingClientCallListener.onClose(ForwardingClientCallListener.java:23)
	at com.alibaba.nacos.shaded.io.grpc.ForwardingClientCallListener$SimpleForwardingClientCallListener.onClose(ForwardingClientCallListener.java:40)
	at com.alibaba.nacos.shaded.io.grpc.internal.CensusTracingModule$TracingClientInterceptor$1$1.onClose(CensusTracingModule.java:399)
	at com.alibaba.nacos.shaded.io.grpc.internal.ClientCallImpl.closeObserver(ClientCallImpl.java:510)
	at com.alibaba.nacos.shaded.io.grpc.internal.ClientCallImpl.access$300(ClientCallImpl.java:66)
	at com.alibaba.nacos.shaded.io.grpc.internal.ClientCallImpl$ClientStreamListenerImpl.close(ClientCallImpl.java:630)
	at com.alibaba.nacos.shaded.io.grpc.internal.ClientCallImpl$ClientStreamListenerImpl.access$700(ClientCallImpl.java:518)
	at com.alibaba.nacos.shaded.io.grpc.internal.ClientCallImpl$ClientStreamListenerImpl$1StreamClosed.runInternal(ClientCallImpl.java:692)
	at com.alibaba.nacos.shaded.io.grpc.internal.ClientCallImpl$ClientStreamListenerImpl$1StreamClosed.runInContext(ClientCallImpl.java:681)
	at com.alibaba.nacos.shaded.io.grpc.internal.ContextRunnable.run(ContextRunnable.java:37)
	at com.alibaba.nacos.shaded.io.grpc.internal.SerializingExecutor.run(SerializingExecutor.java:123)
	... 3 common frames omitted
Caused by: com.alibaba.nacos.shaded.io.grpc.netty.shaded.io.netty.channel.AbstractChannel$AnnotatedConnectException: Connection refused: no further information: /127.0.0.1:9848
Caused by: java.net.ConnectException: Connection refused: no further information
	at java.base/sun.nio.ch.Net.pollConnect(Native Method)
	at java.base/sun.nio.ch.Net.pollConnectNow(Net.java:672)
	at java.base/sun.nio.ch.SocketChannelImpl.finishConnect(SocketChannelImpl.java:973)
	at com.alibaba.nacos.shaded.io.grpc.netty.shaded.io.netty.channel.socket.nio.NioSocketChannel.doFinishConnect(NioSocketChannel.java:327)
	at com.alibaba.nacos.shaded.io.grpc.netty.shaded.io.netty.channel.nio.AbstractNioChannel$AbstractNioUnsafe.finishConnect(AbstractNioChannel.java:336)
	at com.alibaba.nacos.shaded.io.grpc.netty.shaded.io.netty.channel.nio.NioEventLoop.processSelectedKey(NioEventLoop.java:685)
	at com.alibaba.nacos.shaded.io.grpc.netty.shaded.io.netty.channel.nio.NioEventLoop.processSelectedKeysOptimized(NioEventLoop.java:632)
	at com.alibaba.nacos.shaded.io.grpc.netty.shaded.io.netty.channel.nio.NioEventLoop.processSelectedKeys(NioEventLoop.java:549)
	at com.alibaba.nacos.shaded.io.grpc.netty.shaded.io.netty.channel.nio.NioEventLoop.run(NioEventLoop.java:511)
	at com.alibaba.nacos.shaded.io.grpc.netty.shaded.io.netty.util.concurrent.SingleThreadEventExecutor$5.run(SingleThreadEventExecutor.java:918)
	at com.alibaba.nacos.shaded.io.grpc.netty.shaded.io.netty.util.internal.ThreadExecutorMap$2.run(ThreadExecutorMap.java:74)
	at com.alibaba.nacos.shaded.io.grpc.netty.shaded.io.netty.util.concurrent.FastThreadLocalRunnable.run(FastThreadLocalRunnable.java:30)
	at java.base/java.lang.Thread.run(Thread.java:1589)
2025-09-19 16:43:16.196  INFO  [com.alibaba.nacos.client.remote.worker] c.a.n.c.r.client - [f873d6c5-5f04-4ad4-8e15-9752c9c8655b_config-0] Fail to connect server, after trying 8 times, last try server is {serverIp = '127.0.0.1', server main port = 8848}, error = unknown
2025-09-19 16:43:16.196  INFO  [com.alibaba.nacos.client.remote.worker] c.a.n.c.r.client - [7ac475ea-e033-46d7-99df-df38e2d80aad] Fail to connect server, after trying 8 times, last try server is {serverIp = '127.0.0.1', server main port = 8848}, error = unknown
2025-09-19 16:43:17.116  ERROR [com.alibaba.nacos.client.remote.worker] c.a.n.c.r.c.g.GrpcClient - Server check fail, please check server 127.0.0.1 ,port 9848 is available , error ={}
java.util.concurrent.ExecutionException: com.alibaba.nacos.shaded.io.grpc.StatusRuntimeException: UNAVAILABLE: io exception
	at com.alibaba.nacos.shaded.com.google.common.util.concurrent.AbstractFuture.getDoneValue(AbstractFuture.java:566)
	at com.alibaba.nacos.shaded.com.google.common.util.concurrent.AbstractFuture.get(AbstractFuture.java:445)
	at com.alibaba.nacos.common.remote.client.grpc.GrpcClient.serverCheck(GrpcClient.java:148)
	at com.alibaba.nacos.common.remote.client.grpc.GrpcClient.connectToServer(GrpcClient.java:264)
	at com.alibaba.nacos.common.remote.client.RpcClient.reconnect(RpcClient.java:522)
	at com.alibaba.nacos.common.remote.client.RpcClient.lambda$start$2(RpcClient.java:370)
	at java.base/java.util.concurrent.Executors$RunnableAdapter.call(Executors.java:577)
	at java.base/java.util.concurrent.FutureTask.run(FutureTask.java:317)
	at java.base/java.util.concurrent.ScheduledThreadPoolExecutor$ScheduledFutureTask.run(ScheduledThreadPoolExecutor.java:304)
	at java.base/java.util.concurrent.ThreadPoolExecutor.runWorker(ThreadPoolExecutor.java:1144)
	at java.base/java.util.concurrent.ThreadPoolExecutor$Worker.run(ThreadPoolExecutor.java:642)
	at java.base/java.lang.Thread.run(Thread.java:1589)
Caused by: com.alibaba.nacos.shaded.io.grpc.StatusRuntimeException: UNAVAILABLE: io exception
	at com.alibaba.nacos.shaded.io.grpc.Status.asRuntimeException(Status.java:533)
	at com.alibaba.nacos.shaded.io.grpc.stub.ClientCalls$UnaryStreamToFuture.onClose(ClientCalls.java:490)
	at com.alibaba.nacos.shaded.io.grpc.PartialForwardingClientCallListener.onClose(PartialForwardingClientCallListener.java:39)
	at com.alibaba.nacos.shaded.io.grpc.ForwardingClientCallListener.onClose(ForwardingClientCallListener.java:23)
	at com.alibaba.nacos.shaded.io.grpc.ForwardingClientCallListener$SimpleForwardingClientCallListener.onClose(ForwardingClientCallListener.java:40)
	at com.alibaba.nacos.shaded.io.grpc.internal.CensusStatsModule$StatsClientInterceptor$1$1.onClose(CensusStatsModule.java:700)
	at com.alibaba.nacos.shaded.io.grpc.PartialForwardingClientCallListener.onClose(PartialForwardingClientCallListener.java:39)
	at com.alibaba.nacos.shaded.io.grpc.ForwardingClientCallListener.onClose(ForwardingClientCallListener.java:23)
	at com.alibaba.nacos.shaded.io.grpc.ForwardingClientCallListener$SimpleForwardingClientCallListener.onClose(ForwardingClientCallListener.java:40)
	at com.alibaba.nacos.shaded.io.grpc.internal.CensusTracingModule$TracingClientInterceptor$1$1.onClose(CensusTracingModule.java:399)
	at com.alibaba.nacos.shaded.io.grpc.internal.ClientCallImpl.closeObserver(ClientCallImpl.java:510)
	at com.alibaba.nacos.shaded.io.grpc.internal.ClientCallImpl.access$300(ClientCallImpl.java:66)
	at com.alibaba.nacos.shaded.io.grpc.internal.ClientCallImpl$ClientStreamListenerImpl.close(ClientCallImpl.java:630)
	at com.alibaba.nacos.shaded.io.grpc.internal.ClientCallImpl$ClientStreamListenerImpl.access$700(ClientCallImpl.java:518)
	at com.alibaba.nacos.shaded.io.grpc.internal.ClientCallImpl$ClientStreamListenerImpl$1StreamClosed.runInternal(ClientCallImpl.java:692)
	at com.alibaba.nacos.shaded.io.grpc.internal.ClientCallImpl$ClientStreamListenerImpl$1StreamClosed.runInContext(ClientCallImpl.java:681)
	at com.alibaba.nacos.shaded.io.grpc.internal.ContextRunnable.run(ContextRunnable.java:37)
	at com.alibaba.nacos.shaded.io.grpc.internal.SerializingExecutor.run(SerializingExecutor.java:123)
	... 3 common frames omitted
Caused by: com.alibaba.nacos.shaded.io.grpc.netty.shaded.io.netty.channel.AbstractChannel$AnnotatedConnectException: Connection refused: no further information: /127.0.0.1:9848
Caused by: java.net.ConnectException: Connection refused: no further information
	at java.base/sun.nio.ch.Net.pollConnect(Native Method)
	at java.base/sun.nio.ch.Net.pollConnectNow(Net.java:672)
	at java.base/sun.nio.ch.SocketChannelImpl.finishConnect(SocketChannelImpl.java:973)
	at com.alibaba.nacos.shaded.io.grpc.netty.shaded.io.netty.channel.socket.nio.NioSocketChannel.doFinishConnect(NioSocketChannel.java:327)
	at com.alibaba.nacos.shaded.io.grpc.netty.shaded.io.netty.channel.nio.AbstractNioChannel$AbstractNioUnsafe.finishConnect(AbstractNioChannel.java:336)
	at com.alibaba.nacos.shaded.io.grpc.netty.shaded.io.netty.channel.nio.NioEventLoop.processSelectedKey(NioEventLoop.java:685)
	at com.alibaba.nacos.shaded.io.grpc.netty.shaded.io.netty.channel.nio.NioEventLoop.processSelectedKeysOptimized(NioEventLoop.java:632)
	at com.alibaba.nacos.shaded.io.grpc.netty.shaded.io.netty.channel.nio.NioEventLoop.processSelectedKeys(NioEventLoop.java:549)
	at com.alibaba.nacos.shaded.io.grpc.netty.shaded.io.netty.channel.nio.NioEventLoop.run(NioEventLoop.java:511)
	at com.alibaba.nacos.shaded.io.grpc.netty.shaded.io.netty.util.concurrent.SingleThreadEventExecutor$5.run(SingleThreadEventExecutor.java:918)
	at com.alibaba.nacos.shaded.io.grpc.netty.shaded.io.netty.util.internal.ThreadExecutorMap$2.run(ThreadExecutorMap.java:74)
	at com.alibaba.nacos.shaded.io.grpc.netty.shaded.io.netty.util.concurrent.FastThreadLocalRunnable.run(FastThreadLocalRunnable.java:30)
	at java.base/java.lang.Thread.run(Thread.java:1589)
2025-09-19 16:43:17.116  ERROR [com.alibaba.nacos.client.remote.worker] c.a.n.c.r.c.g.GrpcClient - Server check fail, please check server 127.0.0.1 ,port 9848 is available , error ={}
java.util.concurrent.ExecutionException: com.alibaba.nacos.shaded.io.grpc.StatusRuntimeException: UNAVAILABLE: io exception
	at com.alibaba.nacos.shaded.com.google.common.util.concurrent.AbstractFuture.getDoneValue(AbstractFuture.java:566)
	at com.alibaba.nacos.shaded.com.google.common.util.concurrent.AbstractFuture.get(AbstractFuture.java:445)
	at com.alibaba.nacos.common.remote.client.grpc.GrpcClient.serverCheck(GrpcClient.java:148)
	at com.alibaba.nacos.common.remote.client.grpc.GrpcClient.connectToServer(GrpcClient.java:264)
	at com.alibaba.nacos.common.remote.client.RpcClient.reconnect(RpcClient.java:522)
	at com.alibaba.nacos.common.remote.client.RpcClient.lambda$start$2(RpcClient.java:370)
	at java.base/java.util.concurrent.Executors$RunnableAdapter.call(Executors.java:577)
	at java.base/java.util.concurrent.FutureTask.run(FutureTask.java:317)
	at java.base/java.util.concurrent.ScheduledThreadPoolExecutor$ScheduledFutureTask.run(ScheduledThreadPoolExecutor.java:304)
	at java.base/java.util.concurrent.ThreadPoolExecutor.runWorker(ThreadPoolExecutor.java:1144)
	at java.base/java.util.concurrent.ThreadPoolExecutor$Worker.run(ThreadPoolExecutor.java:642)
	at java.base/java.lang.Thread.run(Thread.java:1589)
Caused by: com.alibaba.nacos.shaded.io.grpc.StatusRuntimeException: UNAVAILABLE: io exception
	at com.alibaba.nacos.shaded.io.grpc.Status.asRuntimeException(Status.java:533)
	at com.alibaba.nacos.shaded.io.grpc.stub.ClientCalls$UnaryStreamToFuture.onClose(ClientCalls.java:490)
	at com.alibaba.nacos.shaded.io.grpc.PartialForwardingClientCallListener.onClose(PartialForwardingClientCallListener.java:39)
	at com.alibaba.nacos.shaded.io.grpc.ForwardingClientCallListener.onClose(ForwardingClientCallListener.java:23)
	at com.alibaba.nacos.shaded.io.grpc.ForwardingClientCallListener$SimpleForwardingClientCallListener.onClose(ForwardingClientCallListener.java:40)
	at com.alibaba.nacos.shaded.io.grpc.internal.CensusStatsModule$StatsClientInterceptor$1$1.onClose(CensusStatsModule.java:700)
	at com.alibaba.nacos.shaded.io.grpc.PartialForwardingClientCallListener.onClose(PartialForwardingClientCallListener.java:39)
	at com.alibaba.nacos.shaded.io.grpc.ForwardingClientCallListener.onClose(ForwardingClientCallListener.java:23)
	at com.alibaba.nacos.shaded.io.grpc.ForwardingClientCallListener$SimpleForwardingClientCallListener.onClose(ForwardingClientCallListener.java:40)
	at com.alibaba.nacos.shaded.io.grpc.internal.CensusTracingModule$TracingClientInterceptor$1$1.onClose(CensusTracingModule.java:399)
	at com.alibaba.nacos.shaded.io.grpc.internal.ClientCallImpl.closeObserver(ClientCallImpl.java:510)
	at com.alibaba.nacos.shaded.io.grpc.internal.ClientCallImpl.access$300(ClientCallImpl.java:66)
	at com.alibaba.nacos.shaded.io.grpc.internal.ClientCallImpl$ClientStreamListenerImpl.close(ClientCallImpl.java:630)
	at com.alibaba.nacos.shaded.io.grpc.internal.ClientCallImpl$ClientStreamListenerImpl.access$700(ClientCallImpl.java:518)
	at com.alibaba.nacos.shaded.io.grpc.internal.ClientCallImpl$ClientStreamListenerImpl$1StreamClosed.runInternal(ClientCallImpl.java:692)
	at com.alibaba.nacos.shaded.io.grpc.internal.ClientCallImpl$ClientStreamListenerImpl$1StreamClosed.runInContext(ClientCallImpl.java:681)
	at com.alibaba.nacos.shaded.io.grpc.internal.ContextRunnable.run(ContextRunnable.java:37)
	at com.alibaba.nacos.shaded.io.grpc.internal.SerializingExecutor.run(SerializingExecutor.java:123)
	... 3 common frames omitted
Caused by: com.alibaba.nacos.shaded.io.grpc.netty.shaded.io.netty.channel.AbstractChannel$AnnotatedConnectException: Connection refused: no further information: /127.0.0.1:9848
Caused by: java.net.ConnectException: Connection refused: no further information
	at java.base/sun.nio.ch.Net.pollConnect(Native Method)
	at java.base/sun.nio.ch.Net.pollConnectNow(Net.java:672)
	at java.base/sun.nio.ch.SocketChannelImpl.finishConnect(SocketChannelImpl.java:973)
	at com.alibaba.nacos.shaded.io.grpc.netty.shaded.io.netty.channel.socket.nio.NioSocketChannel.doFinishConnect(NioSocketChannel.java:327)
	at com.alibaba.nacos.shaded.io.grpc.netty.shaded.io.netty.channel.nio.AbstractNioChannel$AbstractNioUnsafe.finishConnect(AbstractNioChannel.java:336)
	at com.alibaba.nacos.shaded.io.grpc.netty.shaded.io.netty.channel.nio.NioEventLoop.processSelectedKey(NioEventLoop.java:685)
	at com.alibaba.nacos.shaded.io.grpc.netty.shaded.io.netty.channel.nio.NioEventLoop.processSelectedKeysOptimized(NioEventLoop.java:632)
	at com.alibaba.nacos.shaded.io.grpc.netty.shaded.io.netty.channel.nio.NioEventLoop.processSelectedKeys(NioEventLoop.java:549)
	at com.alibaba.nacos.shaded.io.grpc.netty.shaded.io.netty.channel.nio.NioEventLoop.run(NioEventLoop.java:511)
	at com.alibaba.nacos.shaded.io.grpc.netty.shaded.io.netty.util.concurrent.SingleThreadEventExecutor$5.run(SingleThreadEventExecutor.java:918)
	at com.alibaba.nacos.shaded.io.grpc.netty.shaded.io.netty.util.internal.ThreadExecutorMap$2.run(ThreadExecutorMap.java:74)
	at com.alibaba.nacos.shaded.io.grpc.netty.shaded.io.netty.util.concurrent.FastThreadLocalRunnable.run(FastThreadLocalRunnable.java:30)
	at java.base/java.lang.Thread.run(Thread.java:1589)
2025-09-19 16:43:17.117  INFO  [com.alibaba.nacos.client.remote.worker] c.a.n.c.r.client - [f873d6c5-5f04-4ad4-8e15-9752c9c8655b_config-0] Fail to connect server, after trying 9 times, last try server is {serverIp = '127.0.0.1', server main port = 8848}, error = unknown
2025-09-19 16:43:17.117  INFO  [com.alibaba.nacos.client.remote.worker] c.a.n.c.r.client - [7ac475ea-e033-46d7-99df-df38e2d80aad] Fail to connect server, after trying 9 times, last try server is {serverIp = '127.0.0.1', server main port = 8848}, error = unknown
2025-09-19 16:43:18.134  ERROR [com.alibaba.nacos.client.remote.worker] c.a.n.c.r.c.g.GrpcClient - Server check fail, please check server 127.0.0.1 ,port 9848 is available , error ={}
java.util.concurrent.ExecutionException: com.alibaba.nacos.shaded.io.grpc.StatusRuntimeException: UNAVAILABLE: io exception
	at com.alibaba.nacos.shaded.com.google.common.util.concurrent.AbstractFuture.getDoneValue(AbstractFuture.java:566)
	at com.alibaba.nacos.shaded.com.google.common.util.concurrent.AbstractFuture.get(AbstractFuture.java:445)
	at com.alibaba.nacos.common.remote.client.grpc.GrpcClient.serverCheck(GrpcClient.java:148)
	at com.alibaba.nacos.common.remote.client.grpc.GrpcClient.connectToServer(GrpcClient.java:264)
	at com.alibaba.nacos.common.remote.client.RpcClient.reconnect(RpcClient.java:522)
	at com.alibaba.nacos.common.remote.client.RpcClient.lambda$start$2(RpcClient.java:370)
	at java.base/java.util.concurrent.Executors$RunnableAdapter.call(Executors.java:577)
	at java.base/java.util.concurrent.FutureTask.run(FutureTask.java:317)
	at java.base/java.util.concurrent.ScheduledThreadPoolExecutor$ScheduledFutureTask.run(ScheduledThreadPoolExecutor.java:304)
	at java.base/java.util.concurrent.ThreadPoolExecutor.runWorker(ThreadPoolExecutor.java:1144)
	at java.base/java.util.concurrent.ThreadPoolExecutor$Worker.run(ThreadPoolExecutor.java:642)
	at java.base/java.lang.Thread.run(Thread.java:1589)
Caused by: com.alibaba.nacos.shaded.io.grpc.StatusRuntimeException: UNAVAILABLE: io exception
	at com.alibaba.nacos.shaded.io.grpc.Status.asRuntimeException(Status.java:533)
	at com.alibaba.nacos.shaded.io.grpc.stub.ClientCalls$UnaryStreamToFuture.onClose(ClientCalls.java:490)
	at com.alibaba.nacos.shaded.io.grpc.PartialForwardingClientCallListener.onClose(PartialForwardingClientCallListener.java:39)
	at com.alibaba.nacos.shaded.io.grpc.ForwardingClientCallListener.onClose(ForwardingClientCallListener.java:23)
	at com.alibaba.nacos.shaded.io.grpc.ForwardingClientCallListener$SimpleForwardingClientCallListener.onClose(ForwardingClientCallListener.java:40)
	at com.alibaba.nacos.shaded.io.grpc.internal.CensusStatsModule$StatsClientInterceptor$1$1.onClose(CensusStatsModule.java:700)
	at com.alibaba.nacos.shaded.io.grpc.PartialForwardingClientCallListener.onClose(PartialForwardingClientCallListener.java:39)
	at com.alibaba.nacos.shaded.io.grpc.ForwardingClientCallListener.onClose(ForwardingClientCallListener.java:23)
	at com.alibaba.nacos.shaded.io.grpc.ForwardingClientCallListener$SimpleForwardingClientCallListener.onClose(ForwardingClientCallListener.java:40)
	at com.alibaba.nacos.shaded.io.grpc.internal.CensusTracingModule$TracingClientInterceptor$1$1.onClose(CensusTracingModule.java:399)
	at com.alibaba.nacos.shaded.io.grpc.internal.ClientCallImpl.closeObserver(ClientCallImpl.java:510)
	at com.alibaba.nacos.shaded.io.grpc.internal.ClientCallImpl.access$300(ClientCallImpl.java:66)
	at com.alibaba.nacos.shaded.io.grpc.internal.ClientCallImpl$ClientStreamListenerImpl.close(ClientCallImpl.java:630)
	at com.alibaba.nacos.shaded.io.grpc.internal.ClientCallImpl$ClientStreamListenerImpl.access$700(ClientCallImpl.java:518)
	at com.alibaba.nacos.shaded.io.grpc.internal.ClientCallImpl$ClientStreamListenerImpl$1StreamClosed.runInternal(ClientCallImpl.java:692)
	at com.alibaba.nacos.shaded.io.grpc.internal.ClientCallImpl$ClientStreamListenerImpl$1StreamClosed.runInContext(ClientCallImpl.java:681)
	at com.alibaba.nacos.shaded.io.grpc.internal.ContextRunnable.run(ContextRunnable.java:37)
	at com.alibaba.nacos.shaded.io.grpc.internal.SerializingExecutor.run(SerializingExecutor.java:123)
	... 3 common frames omitted
Caused by: com.alibaba.nacos.shaded.io.grpc.netty.shaded.io.netty.channel.AbstractChannel$AnnotatedConnectException: Connection refused: no further information: /127.0.0.1:9848
Caused by: java.net.ConnectException: Connection refused: no further information
	at java.base/sun.nio.ch.Net.pollConnect(Native Method)
	at java.base/sun.nio.ch.Net.pollConnectNow(Net.java:672)
	at java.base/sun.nio.ch.SocketChannelImpl.finishConnect(SocketChannelImpl.java:973)
	at com.alibaba.nacos.shaded.io.grpc.netty.shaded.io.netty.channel.socket.nio.NioSocketChannel.doFinishConnect(NioSocketChannel.java:327)
	at com.alibaba.nacos.shaded.io.grpc.netty.shaded.io.netty.channel.nio.AbstractNioChannel$AbstractNioUnsafe.finishConnect(AbstractNioChannel.java:336)
	at com.alibaba.nacos.shaded.io.grpc.netty.shaded.io.netty.channel.nio.NioEventLoop.processSelectedKey(NioEventLoop.java:685)
	at com.alibaba.nacos.shaded.io.grpc.netty.shaded.io.netty.channel.nio.NioEventLoop.processSelectedKeysOptimized(NioEventLoop.java:632)
	at com.alibaba.nacos.shaded.io.grpc.netty.shaded.io.netty.channel.nio.NioEventLoop.processSelectedKeys(NioEventLoop.java:549)
	at com.alibaba.nacos.shaded.io.grpc.netty.shaded.io.netty.channel.nio.NioEventLoop.run(NioEventLoop.java:511)
	at com.alibaba.nacos.shaded.io.grpc.netty.shaded.io.netty.util.concurrent.SingleThreadEventExecutor$5.run(SingleThreadEventExecutor.java:918)
	at com.alibaba.nacos.shaded.io.grpc.netty.shaded.io.netty.util.internal.ThreadExecutorMap$2.run(ThreadExecutorMap.java:74)
	at com.alibaba.nacos.shaded.io.grpc.netty.shaded.io.netty.util.concurrent.FastThreadLocalRunnable.run(FastThreadLocalRunnable.java:30)
	at java.base/java.lang.Thread.run(Thread.java:1589)
2025-09-19 16:43:18.134  ERROR [com.alibaba.nacos.client.remote.worker] c.a.n.c.r.c.g.GrpcClient - Server check fail, please check server 127.0.0.1 ,port 9848 is available , error ={}
java.util.concurrent.ExecutionException: com.alibaba.nacos.shaded.io.grpc.StatusRuntimeException: UNAVAILABLE: io exception
	at com.alibaba.nacos.shaded.com.google.common.util.concurrent.AbstractFuture.getDoneValue(AbstractFuture.java:566)
	at com.alibaba.nacos.shaded.com.google.common.util.concurrent.AbstractFuture.get(AbstractFuture.java:445)
	at com.alibaba.nacos.common.remote.client.grpc.GrpcClient.serverCheck(GrpcClient.java:148)
	at com.alibaba.nacos.common.remote.client.grpc.GrpcClient.connectToServer(GrpcClient.java:264)
	at com.alibaba.nacos.common.remote.client.RpcClient.reconnect(RpcClient.java:522)
	at com.alibaba.nacos.common.remote.client.RpcClient.lambda$start$2(RpcClient.java:370)
	at java.base/java.util.concurrent.Executors$RunnableAdapter.call(Executors.java:577)
	at java.base/java.util.concurrent.FutureTask.run(FutureTask.java:317)
	at java.base/java.util.concurrent.ScheduledThreadPoolExecutor$ScheduledFutureTask.run(ScheduledThreadPoolExecutor.java:304)
	at java.base/java.util.concurrent.ThreadPoolExecutor.runWorker(ThreadPoolExecutor.java:1144)
	at java.base/java.util.concurrent.ThreadPoolExecutor$Worker.run(ThreadPoolExecutor.java:642)
	at java.base/java.lang.Thread.run(Thread.java:1589)
Caused by: com.alibaba.nacos.shaded.io.grpc.StatusRuntimeException: UNAVAILABLE: io exception
	at com.alibaba.nacos.shaded.io.grpc.Status.asRuntimeException(Status.java:533)
	at com.alibaba.nacos.shaded.io.grpc.stub.ClientCalls$UnaryStreamToFuture.onClose(ClientCalls.java:490)
	at com.alibaba.nacos.shaded.io.grpc.PartialForwardingClientCallListener.onClose(PartialForwardingClientCallListener.java:39)
	at com.alibaba.nacos.shaded.io.grpc.ForwardingClientCallListener.onClose(ForwardingClientCallListener.java:23)
	at com.alibaba.nacos.shaded.io.grpc.ForwardingClientCallListener$SimpleForwardingClientCallListener.onClose(ForwardingClientCallListener.java:40)
	at com.alibaba.nacos.shaded.io.grpc.internal.CensusStatsModule$StatsClientInterceptor$1$1.onClose(CensusStatsModule.java:700)
	at com.alibaba.nacos.shaded.io.grpc.PartialForwardingClientCallListener.onClose(PartialForwardingClientCallListener.java:39)
	at com.alibaba.nacos.shaded.io.grpc.ForwardingClientCallListener.onClose(ForwardingClientCallListener.java:23)
	at com.alibaba.nacos.shaded.io.grpc.ForwardingClientCallListener$SimpleForwardingClientCallListener.onClose(ForwardingClientCallListener.java:40)
	at com.alibaba.nacos.shaded.io.grpc.internal.CensusTracingModule$TracingClientInterceptor$1$1.onClose(CensusTracingModule.java:399)
	at com.alibaba.nacos.shaded.io.grpc.internal.ClientCallImpl.closeObserver(ClientCallImpl.java:510)
	at com.alibaba.nacos.shaded.io.grpc.internal.ClientCallImpl.access$300(ClientCallImpl.java:66)
	at com.alibaba.nacos.shaded.io.grpc.internal.ClientCallImpl$ClientStreamListenerImpl.close(ClientCallImpl.java:630)
	at com.alibaba.nacos.shaded.io.grpc.internal.ClientCallImpl$ClientStreamListenerImpl.access$700(ClientCallImpl.java:518)
	at com.alibaba.nacos.shaded.io.grpc.internal.ClientCallImpl$ClientStreamListenerImpl$1StreamClosed.runInternal(ClientCallImpl.java:692)
	at com.alibaba.nacos.shaded.io.grpc.internal.ClientCallImpl$ClientStreamListenerImpl$1StreamClosed.runInContext(ClientCallImpl.java:681)
	at com.alibaba.nacos.shaded.io.grpc.internal.ContextRunnable.run(ContextRunnable.java:37)
	at com.alibaba.nacos.shaded.io.grpc.internal.SerializingExecutor.run(SerializingExecutor.java:123)
	... 3 common frames omitted
Caused by: com.alibaba.nacos.shaded.io.grpc.netty.shaded.io.netty.channel.AbstractChannel$AnnotatedConnectException: Connection refused: no further information: /127.0.0.1:9848
Caused by: java.net.ConnectException: Connection refused: no further information
	at java.base/sun.nio.ch.Net.pollConnect(Native Method)
	at java.base/sun.nio.ch.Net.pollConnectNow(Net.java:672)
	at java.base/sun.nio.ch.SocketChannelImpl.finishConnect(SocketChannelImpl.java:973)
	at com.alibaba.nacos.shaded.io.grpc.netty.shaded.io.netty.channel.socket.nio.NioSocketChannel.doFinishConnect(NioSocketChannel.java:327)
	at com.alibaba.nacos.shaded.io.grpc.netty.shaded.io.netty.channel.nio.AbstractNioChannel$AbstractNioUnsafe.finishConnect(AbstractNioChannel.java:336)
	at com.alibaba.nacos.shaded.io.grpc.netty.shaded.io.netty.channel.nio.NioEventLoop.processSelectedKey(NioEventLoop.java:685)
	at com.alibaba.nacos.shaded.io.grpc.netty.shaded.io.netty.channel.nio.NioEventLoop.processSelectedKeysOptimized(NioEventLoop.java:632)
	at com.alibaba.nacos.shaded.io.grpc.netty.shaded.io.netty.channel.nio.NioEventLoop.processSelectedKeys(NioEventLoop.java:549)
	at com.alibaba.nacos.shaded.io.grpc.netty.shaded.io.netty.channel.nio.NioEventLoop.run(NioEventLoop.java:511)
	at com.alibaba.nacos.shaded.io.grpc.netty.shaded.io.netty.util.concurrent.SingleThreadEventExecutor$5.run(SingleThreadEventExecutor.java:918)
	at com.alibaba.nacos.shaded.io.grpc.netty.shaded.io.netty.util.internal.ThreadExecutorMap$2.run(ThreadExecutorMap.java:74)
	at com.alibaba.nacos.shaded.io.grpc.netty.shaded.io.netty.util.concurrent.FastThreadLocalRunnable.run(FastThreadLocalRunnable.java:30)
	at java.base/java.lang.Thread.run(Thread.java:1589)
2025-09-19 16:43:18.134  INFO  [com.alibaba.nacos.client.remote.worker] c.a.n.c.r.client - [7ac475ea-e033-46d7-99df-df38e2d80aad] Fail to connect server, after trying 10 times, last try server is {serverIp = '127.0.0.1', server main port = 8848}, error = unknown
2025-09-19 16:43:18.134  INFO  [com.alibaba.nacos.client.remote.worker] c.a.n.c.r.client - [f873d6c5-5f04-4ad4-8e15-9752c9c8655b_config-0] Fail to connect server, after trying 10 times, last try server is {serverIp = '127.0.0.1', server main port = 8848}, error = unknown
2025-09-19 16:43:19.244  ERROR [com.alibaba.nacos.client.remote.worker] c.a.n.c.r.c.g.GrpcClient - Server check fail, please check server 127.0.0.1 ,port 9848 is available , error ={}
java.util.concurrent.ExecutionException: com.alibaba.nacos.shaded.io.grpc.StatusRuntimeException: UNAVAILABLE: io exception
	at com.alibaba.nacos.shaded.com.google.common.util.concurrent.AbstractFuture.getDoneValue(AbstractFuture.java:566)
	at com.alibaba.nacos.shaded.com.google.common.util.concurrent.AbstractFuture.get(AbstractFuture.java:445)
	at com.alibaba.nacos.common.remote.client.grpc.GrpcClient.serverCheck(GrpcClient.java:148)
	at com.alibaba.nacos.common.remote.client.grpc.GrpcClient.connectToServer(GrpcClient.java:264)
	at com.alibaba.nacos.common.remote.client.RpcClient.reconnect(RpcClient.java:522)
	at com.alibaba.nacos.common.remote.client.RpcClient.lambda$start$2(RpcClient.java:370)
	at java.base/java.util.concurrent.Executors$RunnableAdapter.call(Executors.java:577)
	at java.base/java.util.concurrent.FutureTask.run(FutureTask.java:317)
	at java.base/java.util.concurrent.ScheduledThreadPoolExecutor$ScheduledFutureTask.run(ScheduledThreadPoolExecutor.java:304)
	at java.base/java.util.concurrent.ThreadPoolExecutor.runWorker(ThreadPoolExecutor.java:1144)
	at java.base/java.util.concurrent.ThreadPoolExecutor$Worker.run(ThreadPoolExecutor.java:642)
	at java.base/java.lang.Thread.run(Thread.java:1589)
Caused by: com.alibaba.nacos.shaded.io.grpc.StatusRuntimeException: UNAVAILABLE: io exception
	at com.alibaba.nacos.shaded.io.grpc.Status.asRuntimeException(Status.java:533)
	at com.alibaba.nacos.shaded.io.grpc.stub.ClientCalls$UnaryStreamToFuture.onClose(ClientCalls.java:490)
	at com.alibaba.nacos.shaded.io.grpc.PartialForwardingClientCallListener.onClose(PartialForwardingClientCallListener.java:39)
	at com.alibaba.nacos.shaded.io.grpc.ForwardingClientCallListener.onClose(ForwardingClientCallListener.java:23)
	at com.alibaba.nacos.shaded.io.grpc.ForwardingClientCallListener$SimpleForwardingClientCallListener.onClose(ForwardingClientCallListener.java:40)
	at com.alibaba.nacos.shaded.io.grpc.internal.CensusStatsModule$StatsClientInterceptor$1$1.onClose(CensusStatsModule.java:700)
	at com.alibaba.nacos.shaded.io.grpc.PartialForwardingClientCallListener.onClose(PartialForwardingClientCallListener.java:39)
	at com.alibaba.nacos.shaded.io.grpc.ForwardingClientCallListener.onClose(ForwardingClientCallListener.java:23)
	at com.alibaba.nacos.shaded.io.grpc.ForwardingClientCallListener$SimpleForwardingClientCallListener.onClose(ForwardingClientCallListener.java:40)
	at com.alibaba.nacos.shaded.io.grpc.internal.CensusTracingModule$TracingClientInterceptor$1$1.onClose(CensusTracingModule.java:399)
	at com.alibaba.nacos.shaded.io.grpc.internal.ClientCallImpl.closeObserver(ClientCallImpl.java:510)
	at com.alibaba.nacos.shaded.io.grpc.internal.ClientCallImpl.access$300(ClientCallImpl.java:66)
	at com.alibaba.nacos.shaded.io.grpc.internal.ClientCallImpl$ClientStreamListenerImpl.close(ClientCallImpl.java:630)
	at com.alibaba.nacos.shaded.io.grpc.internal.ClientCallImpl$ClientStreamListenerImpl.access$700(ClientCallImpl.java:518)
	at com.alibaba.nacos.shaded.io.grpc.internal.ClientCallImpl$ClientStreamListenerImpl$1StreamClosed.runInternal(ClientCallImpl.java:692)
	at com.alibaba.nacos.shaded.io.grpc.internal.ClientCallImpl$ClientStreamListenerImpl$1StreamClosed.runInContext(ClientCallImpl.java:681)
	at com.alibaba.nacos.shaded.io.grpc.internal.ContextRunnable.run(ContextRunnable.java:37)
	at com.alibaba.nacos.shaded.io.grpc.internal.SerializingExecutor.run(SerializingExecutor.java:123)
	... 3 common frames omitted
Caused by: com.alibaba.nacos.shaded.io.grpc.netty.shaded.io.netty.channel.AbstractChannel$AnnotatedConnectException: Connection refused: no further information: /127.0.0.1:9848
Caused by: java.net.ConnectException: Connection refused: no further information
	at java.base/sun.nio.ch.Net.pollConnect(Native Method)
	at java.base/sun.nio.ch.Net.pollConnectNow(Net.java:672)
	at java.base/sun.nio.ch.SocketChannelImpl.finishConnect(SocketChannelImpl.java:973)
	at com.alibaba.nacos.shaded.io.grpc.netty.shaded.io.netty.channel.socket.nio.NioSocketChannel.doFinishConnect(NioSocketChannel.java:327)
	at com.alibaba.nacos.shaded.io.grpc.netty.shaded.io.netty.channel.nio.AbstractNioChannel$AbstractNioUnsafe.finishConnect(AbstractNioChannel.java:336)
	at com.alibaba.nacos.shaded.io.grpc.netty.shaded.io.netty.channel.nio.NioEventLoop.processSelectedKey(NioEventLoop.java:685)
	at com.alibaba.nacos.shaded.io.grpc.netty.shaded.io.netty.channel.nio.NioEventLoop.processSelectedKeysOptimized(NioEventLoop.java:632)
	at com.alibaba.nacos.shaded.io.grpc.netty.shaded.io.netty.channel.nio.NioEventLoop.processSelectedKeys(NioEventLoop.java:549)
	at com.alibaba.nacos.shaded.io.grpc.netty.shaded.io.netty.channel.nio.NioEventLoop.run(NioEventLoop.java:511)
	at com.alibaba.nacos.shaded.io.grpc.netty.shaded.io.netty.util.concurrent.SingleThreadEventExecutor$5.run(SingleThreadEventExecutor.java:918)
	at com.alibaba.nacos.shaded.io.grpc.netty.shaded.io.netty.util.internal.ThreadExecutorMap$2.run(ThreadExecutorMap.java:74)
	at com.alibaba.nacos.shaded.io.grpc.netty.shaded.io.netty.util.concurrent.FastThreadLocalRunnable.run(FastThreadLocalRunnable.java:30)
	at java.base/java.lang.Thread.run(Thread.java:1589)
2025-09-19 16:43:19.244  ERROR [com.alibaba.nacos.client.remote.worker] c.a.n.c.r.c.g.GrpcClient - Server check fail, please check server 127.0.0.1 ,port 9848 is available , error ={}
java.util.concurrent.ExecutionException: com.alibaba.nacos.shaded.io.grpc.StatusRuntimeException: UNAVAILABLE: io exception
	at com.alibaba.nacos.shaded.com.google.common.util.concurrent.AbstractFuture.getDoneValue(AbstractFuture.java:566)
	at com.alibaba.nacos.shaded.com.google.common.util.concurrent.AbstractFuture.get(AbstractFuture.java:445)
	at com.alibaba.nacos.common.remote.client.grpc.GrpcClient.serverCheck(GrpcClient.java:148)
	at com.alibaba.nacos.common.remote.client.grpc.GrpcClient.connectToServer(GrpcClient.java:264)
	at com.alibaba.nacos.common.remote.client.RpcClient.reconnect(RpcClient.java:522)
	at com.alibaba.nacos.common.remote.client.RpcClient.lambda$start$2(RpcClient.java:370)
	at java.base/java.util.concurrent.Executors$RunnableAdapter.call(Executors.java:577)
	at java.base/java.util.concurrent.FutureTask.run(FutureTask.java:317)
	at java.base/java.util.concurrent.ScheduledThreadPoolExecutor$ScheduledFutureTask.run(ScheduledThreadPoolExecutor.java:304)
	at java.base/java.util.concurrent.ThreadPoolExecutor.runWorker(ThreadPoolExecutor.java:1144)
	at java.base/java.util.concurrent.ThreadPoolExecutor$Worker.run(ThreadPoolExecutor.java:642)
	at java.base/java.lang.Thread.run(Thread.java:1589)
Caused by: com.alibaba.nacos.shaded.io.grpc.StatusRuntimeException: UNAVAILABLE: io exception
	at com.alibaba.nacos.shaded.io.grpc.Status.asRuntimeException(Status.java:533)
	at com.alibaba.nacos.shaded.io.grpc.stub.ClientCalls$UnaryStreamToFuture.onClose(ClientCalls.java:490)
	at com.alibaba.nacos.shaded.io.grpc.PartialForwardingClientCallListener.onClose(PartialForwardingClientCallListener.java:39)
	at com.alibaba.nacos.shaded.io.grpc.ForwardingClientCallListener.onClose(ForwardingClientCallListener.java:23)
	at com.alibaba.nacos.shaded.io.grpc.ForwardingClientCallListener$SimpleForwardingClientCallListener.onClose(ForwardingClientCallListener.java:40)
	at com.alibaba.nacos.shaded.io.grpc.internal.CensusStatsModule$StatsClientInterceptor$1$1.onClose(CensusStatsModule.java:700)
	at com.alibaba.nacos.shaded.io.grpc.PartialForwardingClientCallListener.onClose(PartialForwardingClientCallListener.java:39)
	at com.alibaba.nacos.shaded.io.grpc.ForwardingClientCallListener.onClose(ForwardingClientCallListener.java:23)
	at com.alibaba.nacos.shaded.io.grpc.ForwardingClientCallListener$SimpleForwardingClientCallListener.onClose(ForwardingClientCallListener.java:40)
	at com.alibaba.nacos.shaded.io.grpc.internal.CensusTracingModule$TracingClientInterceptor$1$1.onClose(CensusTracingModule.java:399)
	at com.alibaba.nacos.shaded.io.grpc.internal.ClientCallImpl.closeObserver(ClientCallImpl.java:510)
	at com.alibaba.nacos.shaded.io.grpc.internal.ClientCallImpl.access$300(ClientCallImpl.java:66)
	at com.alibaba.nacos.shaded.io.grpc.internal.ClientCallImpl$ClientStreamListenerImpl.close(ClientCallImpl.java:630)
	at com.alibaba.nacos.shaded.io.grpc.internal.ClientCallImpl$ClientStreamListenerImpl.access$700(ClientCallImpl.java:518)
	at com.alibaba.nacos.shaded.io.grpc.internal.ClientCallImpl$ClientStreamListenerImpl$1StreamClosed.runInternal(ClientCallImpl.java:692)
	at com.alibaba.nacos.shaded.io.grpc.internal.ClientCallImpl$ClientStreamListenerImpl$1StreamClosed.runInContext(ClientCallImpl.java:681)
	at com.alibaba.nacos.shaded.io.grpc.internal.ContextRunnable.run(ContextRunnable.java:37)
	at com.alibaba.nacos.shaded.io.grpc.internal.SerializingExecutor.run(SerializingExecutor.java:123)
	... 3 common frames omitted
Caused by: com.alibaba.nacos.shaded.io.grpc.netty.shaded.io.netty.channel.AbstractChannel$AnnotatedConnectException: Connection refused: no further information: /127.0.0.1:9848
Caused by: java.net.ConnectException: Connection refused: no further information
	at java.base/sun.nio.ch.Net.pollConnect(Native Method)
	at java.base/sun.nio.ch.Net.pollConnectNow(Net.java:672)
	at java.base/sun.nio.ch.SocketChannelImpl.finishConnect(SocketChannelImpl.java:973)
	at com.alibaba.nacos.shaded.io.grpc.netty.shaded.io.netty.channel.socket.nio.NioSocketChannel.doFinishConnect(NioSocketChannel.java:327)
	at com.alibaba.nacos.shaded.io.grpc.netty.shaded.io.netty.channel.nio.AbstractNioChannel$AbstractNioUnsafe.finishConnect(AbstractNioChannel.java:336)
	at com.alibaba.nacos.shaded.io.grpc.netty.shaded.io.netty.channel.nio.NioEventLoop.processSelectedKey(NioEventLoop.java:685)
	at com.alibaba.nacos.shaded.io.grpc.netty.shaded.io.netty.channel.nio.NioEventLoop.processSelectedKeysOptimized(NioEventLoop.java:632)
	at com.alibaba.nacos.shaded.io.grpc.netty.shaded.io.netty.channel.nio.NioEventLoop.processSelectedKeys(NioEventLoop.java:549)
	at com.alibaba.nacos.shaded.io.grpc.netty.shaded.io.netty.channel.nio.NioEventLoop.run(NioEventLoop.java:511)
	at com.alibaba.nacos.shaded.io.grpc.netty.shaded.io.netty.util.concurrent.SingleThreadEventExecutor$5.run(SingleThreadEventExecutor.java:918)
	at com.alibaba.nacos.shaded.io.grpc.netty.shaded.io.netty.util.internal.ThreadExecutorMap$2.run(ThreadExecutorMap.java:74)
	at com.alibaba.nacos.shaded.io.grpc.netty.shaded.io.netty.util.concurrent.FastThreadLocalRunnable.run(FastThreadLocalRunnable.java:30)
	at java.base/java.lang.Thread.run(Thread.java:1589)
2025-09-19 16:43:19.249  INFO  [com.alibaba.nacos.client.remote.worker] c.a.n.c.r.client - [f873d6c5-5f04-4ad4-8e15-9752c9c8655b_config-0] Fail to connect server, after trying 11 times, last try server is {serverIp = '127.0.0.1', server main port = 8848}, error = unknown
2025-09-19 16:43:19.249  INFO  [com.alibaba.nacos.client.remote.worker] c.a.n.c.r.client - [7ac475ea-e033-46d7-99df-df38e2d80aad] Fail to connect server, after trying 11 times, last try server is {serverIp = '127.0.0.1', server main port = 8848}, error = unknown
2025-09-19 16:43:20.465  ERROR [com.alibaba.nacos.client.remote.worker] c.a.n.c.r.c.g.GrpcClient - Server check fail, please check server 127.0.0.1 ,port 9848 is available , error ={}
java.util.concurrent.ExecutionException: com.alibaba.nacos.shaded.io.grpc.StatusRuntimeException: UNAVAILABLE: io exception
	at com.alibaba.nacos.shaded.com.google.common.util.concurrent.AbstractFuture.getDoneValue(AbstractFuture.java:566)
	at com.alibaba.nacos.shaded.com.google.common.util.concurrent.AbstractFuture.get(AbstractFuture.java:445)
	at com.alibaba.nacos.common.remote.client.grpc.GrpcClient.serverCheck(GrpcClient.java:148)
	at com.alibaba.nacos.common.remote.client.grpc.GrpcClient.connectToServer(GrpcClient.java:264)
	at com.alibaba.nacos.common.remote.client.RpcClient.reconnect(RpcClient.java:522)
	at com.alibaba.nacos.common.remote.client.RpcClient.lambda$start$2(RpcClient.java:370)
	at java.base/java.util.concurrent.Executors$RunnableAdapter.call(Executors.java:577)
	at java.base/java.util.concurrent.FutureTask.run(FutureTask.java:317)
	at java.base/java.util.concurrent.ScheduledThreadPoolExecutor$ScheduledFutureTask.run(ScheduledThreadPoolExecutor.java:304)
	at java.base/java.util.concurrent.ThreadPoolExecutor.runWorker(ThreadPoolExecutor.java:1144)
	at java.base/java.util.concurrent.ThreadPoolExecutor$Worker.run(ThreadPoolExecutor.java:642)
	at java.base/java.lang.Thread.run(Thread.java:1589)
Caused by: com.alibaba.nacos.shaded.io.grpc.StatusRuntimeException: UNAVAILABLE: io exception
	at com.alibaba.nacos.shaded.io.grpc.Status.asRuntimeException(Status.java:533)
	at com.alibaba.nacos.shaded.io.grpc.stub.ClientCalls$UnaryStreamToFuture.onClose(ClientCalls.java:490)
	at com.alibaba.nacos.shaded.io.grpc.PartialForwardingClientCallListener.onClose(PartialForwardingClientCallListener.java:39)
	at com.alibaba.nacos.shaded.io.grpc.ForwardingClientCallListener.onClose(ForwardingClientCallListener.java:23)
	at com.alibaba.nacos.shaded.io.grpc.ForwardingClientCallListener$SimpleForwardingClientCallListener.onClose(ForwardingClientCallListener.java:40)
	at com.alibaba.nacos.shaded.io.grpc.internal.CensusStatsModule$StatsClientInterceptor$1$1.onClose(CensusStatsModule.java:700)
	at com.alibaba.nacos.shaded.io.grpc.PartialForwardingClientCallListener.onClose(PartialForwardingClientCallListener.java:39)
	at com.alibaba.nacos.shaded.io.grpc.ForwardingClientCallListener.onClose(ForwardingClientCallListener.java:23)
	at com.alibaba.nacos.shaded.io.grpc.ForwardingClientCallListener$SimpleForwardingClientCallListener.onClose(ForwardingClientCallListener.java:40)
	at com.alibaba.nacos.shaded.io.grpc.internal.CensusTracingModule$TracingClientInterceptor$1$1.onClose(CensusTracingModule.java:399)
	at com.alibaba.nacos.shaded.io.grpc.internal.ClientCallImpl.closeObserver(ClientCallImpl.java:510)
	at com.alibaba.nacos.shaded.io.grpc.internal.ClientCallImpl.access$300(ClientCallImpl.java:66)
	at com.alibaba.nacos.shaded.io.grpc.internal.ClientCallImpl$ClientStreamListenerImpl.close(ClientCallImpl.java:630)
	at com.alibaba.nacos.shaded.io.grpc.internal.ClientCallImpl$ClientStreamListenerImpl.access$700(ClientCallImpl.java:518)
	at com.alibaba.nacos.shaded.io.grpc.internal.ClientCallImpl$ClientStreamListenerImpl$1StreamClosed.runInternal(ClientCallImpl.java:692)
	at com.alibaba.nacos.shaded.io.grpc.internal.ClientCallImpl$ClientStreamListenerImpl$1StreamClosed.runInContext(ClientCallImpl.java:681)
	at com.alibaba.nacos.shaded.io.grpc.internal.ContextRunnable.run(ContextRunnable.java:37)
	at com.alibaba.nacos.shaded.io.grpc.internal.SerializingExecutor.run(SerializingExecutor.java:123)
	... 3 common frames omitted
Caused by: com.alibaba.nacos.shaded.io.grpc.netty.shaded.io.netty.channel.AbstractChannel$AnnotatedConnectException: Connection refused: no further information: /127.0.0.1:9848
Caused by: java.net.ConnectException: Connection refused: no further information
	at java.base/sun.nio.ch.Net.pollConnect(Native Method)
	at java.base/sun.nio.ch.Net.pollConnectNow(Net.java:672)
	at java.base/sun.nio.ch.SocketChannelImpl.finishConnect(SocketChannelImpl.java:973)
	at com.alibaba.nacos.shaded.io.grpc.netty.shaded.io.netty.channel.socket.nio.NioSocketChannel.doFinishConnect(NioSocketChannel.java:327)
	at com.alibaba.nacos.shaded.io.grpc.netty.shaded.io.netty.channel.nio.AbstractNioChannel$AbstractNioUnsafe.finishConnect(AbstractNioChannel.java:336)
	at com.alibaba.nacos.shaded.io.grpc.netty.shaded.io.netty.channel.nio.NioEventLoop.processSelectedKey(NioEventLoop.java:685)
	at com.alibaba.nacos.shaded.io.grpc.netty.shaded.io.netty.channel.nio.NioEventLoop.processSelectedKeysOptimized(NioEventLoop.java:632)
	at com.alibaba.nacos.shaded.io.grpc.netty.shaded.io.netty.channel.nio.NioEventLoop.processSelectedKeys(NioEventLoop.java:549)
	at com.alibaba.nacos.shaded.io.grpc.netty.shaded.io.netty.channel.nio.NioEventLoop.run(NioEventLoop.java:511)
	at com.alibaba.nacos.shaded.io.grpc.netty.shaded.io.netty.util.concurrent.SingleThreadEventExecutor$5.run(SingleThreadEventExecutor.java:918)
	at com.alibaba.nacos.shaded.io.grpc.netty.shaded.io.netty.util.internal.ThreadExecutorMap$2.run(ThreadExecutorMap.java:74)
	at com.alibaba.nacos.shaded.io.grpc.netty.shaded.io.netty.util.concurrent.FastThreadLocalRunnable.run(FastThreadLocalRunnable.java:30)
	at java.base/java.lang.Thread.run(Thread.java:1589)
2025-09-19 16:43:20.465  INFO  [com.alibaba.nacos.client.remote.worker] c.a.n.c.r.client - [f873d6c5-5f04-4ad4-8e15-9752c9c8655b_config-0] Fail to connect server, after trying 12 times, last try server is {serverIp = '127.0.0.1', server main port = 8848}, error = unknown
2025-09-19 16:43:20.465  ERROR [com.alibaba.nacos.client.remote.worker] c.a.n.c.r.c.g.GrpcClient - Server check fail, please check server 127.0.0.1 ,port 9848 is available , error ={}
java.util.concurrent.ExecutionException: com.alibaba.nacos.shaded.io.grpc.StatusRuntimeException: UNAVAILABLE: io exception
	at com.alibaba.nacos.shaded.com.google.common.util.concurrent.AbstractFuture.getDoneValue(AbstractFuture.java:566)
	at com.alibaba.nacos.shaded.com.google.common.util.concurrent.AbstractFuture.get(AbstractFuture.java:445)
	at com.alibaba.nacos.common.remote.client.grpc.GrpcClient.serverCheck(GrpcClient.java:148)
	at com.alibaba.nacos.common.remote.client.grpc.GrpcClient.connectToServer(GrpcClient.java:264)
	at com.alibaba.nacos.common.remote.client.RpcClient.reconnect(RpcClient.java:522)
	at com.alibaba.nacos.common.remote.client.RpcClient.lambda$start$2(RpcClient.java:370)
	at java.base/java.util.concurrent.Executors$RunnableAdapter.call(Executors.java:577)
	at java.base/java.util.concurrent.FutureTask.run(FutureTask.java:317)
	at java.base/java.util.concurrent.ScheduledThreadPoolExecutor$ScheduledFutureTask.run(ScheduledThreadPoolExecutor.java:304)
	at java.base/java.util.concurrent.ThreadPoolExecutor.runWorker(ThreadPoolExecutor.java:1144)
	at java.base/java.util.concurrent.ThreadPoolExecutor$Worker.run(ThreadPoolExecutor.java:642)
	at java.base/java.lang.Thread.run(Thread.java:1589)
Caused by: com.alibaba.nacos.shaded.io.grpc.StatusRuntimeException: UNAVAILABLE: io exception
	at com.alibaba.nacos.shaded.io.grpc.Status.asRuntimeException(Status.java:533)
	at com.alibaba.nacos.shaded.io.grpc.stub.ClientCalls$UnaryStreamToFuture.onClose(ClientCalls.java:490)
	at com.alibaba.nacos.shaded.io.grpc.PartialForwardingClientCallListener.onClose(PartialForwardingClientCallListener.java:39)
	at com.alibaba.nacos.shaded.io.grpc.ForwardingClientCallListener.onClose(ForwardingClientCallListener.java:23)
	at com.alibaba.nacos.shaded.io.grpc.ForwardingClientCallListener$SimpleForwardingClientCallListener.onClose(ForwardingClientCallListener.java:40)
	at com.alibaba.nacos.shaded.io.grpc.internal.CensusStatsModule$StatsClientInterceptor$1$1.onClose(CensusStatsModule.java:700)
	at com.alibaba.nacos.shaded.io.grpc.PartialForwardingClientCallListener.onClose(PartialForwardingClientCallListener.java:39)
	at com.alibaba.nacos.shaded.io.grpc.ForwardingClientCallListener.onClose(ForwardingClientCallListener.java:23)
	at com.alibaba.nacos.shaded.io.grpc.ForwardingClientCallListener$SimpleForwardingClientCallListener.onClose(ForwardingClientCallListener.java:40)
	at com.alibaba.nacos.shaded.io.grpc.internal.CensusTracingModule$TracingClientInterceptor$1$1.onClose(CensusTracingModule.java:399)
	at com.alibaba.nacos.shaded.io.grpc.internal.ClientCallImpl.closeObserver(ClientCallImpl.java:510)
	at com.alibaba.nacos.shaded.io.grpc.internal.ClientCallImpl.access$300(ClientCallImpl.java:66)
	at com.alibaba.nacos.shaded.io.grpc.internal.ClientCallImpl$ClientStreamListenerImpl.close(ClientCallImpl.java:630)
	at com.alibaba.nacos.shaded.io.grpc.internal.ClientCallImpl$ClientStreamListenerImpl.access$700(ClientCallImpl.java:518)
	at com.alibaba.nacos.shaded.io.grpc.internal.ClientCallImpl$ClientStreamListenerImpl$1StreamClosed.runInternal(ClientCallImpl.java:692)
	at com.alibaba.nacos.shaded.io.grpc.internal.ClientCallImpl$ClientStreamListenerImpl$1StreamClosed.runInContext(ClientCallImpl.java:681)
	at com.alibaba.nacos.shaded.io.grpc.internal.ContextRunnable.run(ContextRunnable.java:37)
	at com.alibaba.nacos.shaded.io.grpc.internal.SerializingExecutor.run(SerializingExecutor.java:123)
	... 3 common frames omitted
Caused by: com.alibaba.nacos.shaded.io.grpc.netty.shaded.io.netty.channel.AbstractChannel$AnnotatedConnectException: Connection refused: no further information: /127.0.0.1:9848
Caused by: java.net.ConnectException: Connection refused: no further information
	at java.base/sun.nio.ch.Net.pollConnect(Native Method)
	at java.base/sun.nio.ch.Net.pollConnectNow(Net.java:672)
	at java.base/sun.nio.ch.SocketChannelImpl.finishConnect(SocketChannelImpl.java:973)
	at com.alibaba.nacos.shaded.io.grpc.netty.shaded.io.netty.channel.socket.nio.NioSocketChannel.doFinishConnect(NioSocketChannel.java:327)
	at com.alibaba.nacos.shaded.io.grpc.netty.shaded.io.netty.channel.nio.AbstractNioChannel$AbstractNioUnsafe.finishConnect(AbstractNioChannel.java:336)
	at com.alibaba.nacos.shaded.io.grpc.netty.shaded.io.netty.channel.nio.NioEventLoop.processSelectedKey(NioEventLoop.java:685)
	at com.alibaba.nacos.shaded.io.grpc.netty.shaded.io.netty.channel.nio.NioEventLoop.processSelectedKeysOptimized(NioEventLoop.java:632)
	at com.alibaba.nacos.shaded.io.grpc.netty.shaded.io.netty.channel.nio.NioEventLoop.processSelectedKeys(NioEventLoop.java:549)
	at com.alibaba.nacos.shaded.io.grpc.netty.shaded.io.netty.channel.nio.NioEventLoop.run(NioEventLoop.java:511)
	at com.alibaba.nacos.shaded.io.grpc.netty.shaded.io.netty.util.concurrent.SingleThreadEventExecutor$5.run(SingleThreadEventExecutor.java:918)
	at com.alibaba.nacos.shaded.io.grpc.netty.shaded.io.netty.util.internal.ThreadExecutorMap$2.run(ThreadExecutorMap.java:74)
	at com.alibaba.nacos.shaded.io.grpc.netty.shaded.io.netty.util.concurrent.FastThreadLocalRunnable.run(FastThreadLocalRunnable.java:30)
	at java.base/java.lang.Thread.run(Thread.java:1589)
2025-09-19 16:43:20.466  INFO  [com.alibaba.nacos.client.remote.worker] c.a.n.c.r.client - [7ac475ea-e033-46d7-99df-df38e2d80aad] Fail to connect server, after trying 12 times, last try server is {serverIp = '127.0.0.1', server main port = 8848}, error = unknown
2025-09-19 16:43:21.784  ERROR [com.alibaba.nacos.client.remote.worker] c.a.n.c.r.c.g.GrpcClient - Server check fail, please check server 127.0.0.1 ,port 9848 is available , error ={}
java.util.concurrent.ExecutionException: com.alibaba.nacos.shaded.io.grpc.StatusRuntimeException: UNAVAILABLE: io exception
	at com.alibaba.nacos.shaded.com.google.common.util.concurrent.AbstractFuture.getDoneValue(AbstractFuture.java:566)
	at com.alibaba.nacos.shaded.com.google.common.util.concurrent.AbstractFuture.get(AbstractFuture.java:445)
	at com.alibaba.nacos.common.remote.client.grpc.GrpcClient.serverCheck(GrpcClient.java:148)
	at com.alibaba.nacos.common.remote.client.grpc.GrpcClient.connectToServer(GrpcClient.java:264)
	at com.alibaba.nacos.common.remote.client.RpcClient.reconnect(RpcClient.java:522)
	at com.alibaba.nacos.common.remote.client.RpcClient.lambda$start$2(RpcClient.java:370)
	at java.base/java.util.concurrent.Executors$RunnableAdapter.call(Executors.java:577)
	at java.base/java.util.concurrent.FutureTask.run(FutureTask.java:317)
	at java.base/java.util.concurrent.ScheduledThreadPoolExecutor$ScheduledFutureTask.run(ScheduledThreadPoolExecutor.java:304)
	at java.base/java.util.concurrent.ThreadPoolExecutor.runWorker(ThreadPoolExecutor.java:1144)
	at java.base/java.util.concurrent.ThreadPoolExecutor$Worker.run(ThreadPoolExecutor.java:642)
	at java.base/java.lang.Thread.run(Thread.java:1589)
Caused by: com.alibaba.nacos.shaded.io.grpc.StatusRuntimeException: UNAVAILABLE: io exception
	at com.alibaba.nacos.shaded.io.grpc.Status.asRuntimeException(Status.java:533)
	at com.alibaba.nacos.shaded.io.grpc.stub.ClientCalls$UnaryStreamToFuture.onClose(ClientCalls.java:490)
	at com.alibaba.nacos.shaded.io.grpc.PartialForwardingClientCallListener.onClose(PartialForwardingClientCallListener.java:39)
	at com.alibaba.nacos.shaded.io.grpc.ForwardingClientCallListener.onClose(ForwardingClientCallListener.java:23)
	at com.alibaba.nacos.shaded.io.grpc.ForwardingClientCallListener$SimpleForwardingClientCallListener.onClose(ForwardingClientCallListener.java:40)
	at com.alibaba.nacos.shaded.io.grpc.internal.CensusStatsModule$StatsClientInterceptor$1$1.onClose(CensusStatsModule.java:700)
	at com.alibaba.nacos.shaded.io.grpc.PartialForwardingClientCallListener.onClose(PartialForwardingClientCallListener.java:39)
	at com.alibaba.nacos.shaded.io.grpc.ForwardingClientCallListener.onClose(ForwardingClientCallListener.java:23)
	at com.alibaba.nacos.shaded.io.grpc.ForwardingClientCallListener$SimpleForwardingClientCallListener.onClose(ForwardingClientCallListener.java:40)
	at com.alibaba.nacos.shaded.io.grpc.internal.CensusTracingModule$TracingClientInterceptor$1$1.onClose(CensusTracingModule.java:399)
	at com.alibaba.nacos.shaded.io.grpc.internal.ClientCallImpl.closeObserver(ClientCallImpl.java:510)
	at com.alibaba.nacos.shaded.io.grpc.internal.ClientCallImpl.access$300(ClientCallImpl.java:66)
	at com.alibaba.nacos.shaded.io.grpc.internal.ClientCallImpl$ClientStreamListenerImpl.close(ClientCallImpl.java:630)
	at com.alibaba.nacos.shaded.io.grpc.internal.ClientCallImpl$ClientStreamListenerImpl.access$700(ClientCallImpl.java:518)
	at com.alibaba.nacos.shaded.io.grpc.internal.ClientCallImpl$ClientStreamListenerImpl$1StreamClosed.runInternal(ClientCallImpl.java:692)
	at com.alibaba.nacos.shaded.io.grpc.internal.ClientCallImpl$ClientStreamListenerImpl$1StreamClosed.runInContext(ClientCallImpl.java:681)
	at com.alibaba.nacos.shaded.io.grpc.internal.ContextRunnable.run(ContextRunnable.java:37)
	at com.alibaba.nacos.shaded.io.grpc.internal.SerializingExecutor.run(SerializingExecutor.java:123)
	... 3 common frames omitted
Caused by: com.alibaba.nacos.shaded.io.grpc.netty.shaded.io.netty.channel.AbstractChannel$AnnotatedConnectException: Connection refused: no further information: /127.0.0.1:9848
Caused by: java.net.ConnectException: Connection refused: no further information
	at java.base/sun.nio.ch.Net.pollConnect(Native Method)
	at java.base/sun.nio.ch.Net.pollConnectNow(Net.java:672)
	at java.base/sun.nio.ch.SocketChannelImpl.finishConnect(SocketChannelImpl.java:973)
	at com.alibaba.nacos.shaded.io.grpc.netty.shaded.io.netty.channel.socket.nio.NioSocketChannel.doFinishConnect(NioSocketChannel.java:327)
	at com.alibaba.nacos.shaded.io.grpc.netty.shaded.io.netty.channel.nio.AbstractNioChannel$AbstractNioUnsafe.finishConnect(AbstractNioChannel.java:336)
	at com.alibaba.nacos.shaded.io.grpc.netty.shaded.io.netty.channel.nio.NioEventLoop.processSelectedKey(NioEventLoop.java:685)
	at com.alibaba.nacos.shaded.io.grpc.netty.shaded.io.netty.channel.nio.NioEventLoop.processSelectedKeysOptimized(NioEventLoop.java:632)
	at com.alibaba.nacos.shaded.io.grpc.netty.shaded.io.netty.channel.nio.NioEventLoop.processSelectedKeys(NioEventLoop.java:549)
	at com.alibaba.nacos.shaded.io.grpc.netty.shaded.io.netty.channel.nio.NioEventLoop.run(NioEventLoop.java:511)
	at com.alibaba.nacos.shaded.io.grpc.netty.shaded.io.netty.util.concurrent.SingleThreadEventExecutor$5.run(SingleThreadEventExecutor.java:918)
	at com.alibaba.nacos.shaded.io.grpc.netty.shaded.io.netty.util.internal.ThreadExecutorMap$2.run(ThreadExecutorMap.java:74)
	at com.alibaba.nacos.shaded.io.grpc.netty.shaded.io.netty.util.concurrent.FastThreadLocalRunnable.run(FastThreadLocalRunnable.java:30)
	at java.base/java.lang.Thread.run(Thread.java:1589)
2025-09-19 16:43:21.784  INFO  [com.alibaba.nacos.client.remote.worker] c.a.n.c.r.client - [f873d6c5-5f04-4ad4-8e15-9752c9c8655b_config-0] Fail to connect server, after trying 13 times, last try server is {serverIp = '127.0.0.1', server main port = 8848}, error = unknown
2025-09-19 16:43:21.784  ERROR [com.alibaba.nacos.client.remote.worker] c.a.n.c.r.c.g.GrpcClient - Server check fail, please check server 127.0.0.1 ,port 9848 is available , error ={}
java.util.concurrent.ExecutionException: com.alibaba.nacos.shaded.io.grpc.StatusRuntimeException: UNAVAILABLE: io exception
	at com.alibaba.nacos.shaded.com.google.common.util.concurrent.AbstractFuture.getDoneValue(AbstractFuture.java:566)
	at com.alibaba.nacos.shaded.com.google.common.util.concurrent.AbstractFuture.get(AbstractFuture.java:445)
	at com.alibaba.nacos.common.remote.client.grpc.GrpcClient.serverCheck(GrpcClient.java:148)
	at com.alibaba.nacos.common.remote.client.grpc.GrpcClient.connectToServer(GrpcClient.java:264)
	at com.alibaba.nacos.common.remote.client.RpcClient.reconnect(RpcClient.java:522)
	at com.alibaba.nacos.common.remote.client.RpcClient.lambda$start$2(RpcClient.java:370)
	at java.base/java.util.concurrent.Executors$RunnableAdapter.call(Executors.java:577)
	at java.base/java.util.concurrent.FutureTask.run(FutureTask.java:317)
	at java.base/java.util.concurrent.ScheduledThreadPoolExecutor$ScheduledFutureTask.run(ScheduledThreadPoolExecutor.java:304)
	at java.base/java.util.concurrent.ThreadPoolExecutor.runWorker(ThreadPoolExecutor.java:1144)
	at java.base/java.util.concurrent.ThreadPoolExecutor$Worker.run(ThreadPoolExecutor.java:642)
	at java.base/java.lang.Thread.run(Thread.java:1589)
Caused by: com.alibaba.nacos.shaded.io.grpc.StatusRuntimeException: UNAVAILABLE: io exception
	at com.alibaba.nacos.shaded.io.grpc.Status.asRuntimeException(Status.java:533)
	at com.alibaba.nacos.shaded.io.grpc.stub.ClientCalls$UnaryStreamToFuture.onClose(ClientCalls.java:490)
	at com.alibaba.nacos.shaded.io.grpc.PartialForwardingClientCallListener.onClose(PartialForwardingClientCallListener.java:39)
	at com.alibaba.nacos.shaded.io.grpc.ForwardingClientCallListener.onClose(ForwardingClientCallListener.java:23)
	at com.alibaba.nacos.shaded.io.grpc.ForwardingClientCallListener$SimpleForwardingClientCallListener.onClose(ForwardingClientCallListener.java:40)
	at com.alibaba.nacos.shaded.io.grpc.internal.CensusStatsModule$StatsClientInterceptor$1$1.onClose(CensusStatsModule.java:700)
	at com.alibaba.nacos.shaded.io.grpc.PartialForwardingClientCallListener.onClose(PartialForwardingClientCallListener.java:39)
	at com.alibaba.nacos.shaded.io.grpc.ForwardingClientCallListener.onClose(ForwardingClientCallListener.java:23)
	at com.alibaba.nacos.shaded.io.grpc.ForwardingClientCallListener$SimpleForwardingClientCallListener.onClose(ForwardingClientCallListener.java:40)
	at com.alibaba.nacos.shaded.io.grpc.internal.CensusTracingModule$TracingClientInterceptor$1$1.onClose(CensusTracingModule.java:399)
	at com.alibaba.nacos.shaded.io.grpc.internal.ClientCallImpl.closeObserver(ClientCallImpl.java:510)
	at com.alibaba.nacos.shaded.io.grpc.internal.ClientCallImpl.access$300(ClientCallImpl.java:66)
	at com.alibaba.nacos.shaded.io.grpc.internal.ClientCallImpl$ClientStreamListenerImpl.close(ClientCallImpl.java:630)
	at com.alibaba.nacos.shaded.io.grpc.internal.ClientCallImpl$ClientStreamListenerImpl.access$700(ClientCallImpl.java:518)
	at com.alibaba.nacos.shaded.io.grpc.internal.ClientCallImpl$ClientStreamListenerImpl$1StreamClosed.runInternal(ClientCallImpl.java:692)
	at com.alibaba.nacos.shaded.io.grpc.internal.ClientCallImpl$ClientStreamListenerImpl$1StreamClosed.runInContext(ClientCallImpl.java:681)
	at com.alibaba.nacos.shaded.io.grpc.internal.ContextRunnable.run(ContextRunnable.java:37)
	at com.alibaba.nacos.shaded.io.grpc.internal.SerializingExecutor.run(SerializingExecutor.java:123)
	... 3 common frames omitted
Caused by: com.alibaba.nacos.shaded.io.grpc.netty.shaded.io.netty.channel.AbstractChannel$AnnotatedConnectException: Connection refused: no further information: /127.0.0.1:9848
Caused by: java.net.ConnectException: Connection refused: no further information
	at java.base/sun.nio.ch.Net.pollConnect(Native Method)
	at java.base/sun.nio.ch.Net.pollConnectNow(Net.java:672)
	at java.base/sun.nio.ch.SocketChannelImpl.finishConnect(SocketChannelImpl.java:973)
	at com.alibaba.nacos.shaded.io.grpc.netty.shaded.io.netty.channel.socket.nio.NioSocketChannel.doFinishConnect(NioSocketChannel.java:327)
	at com.alibaba.nacos.shaded.io.grpc.netty.shaded.io.netty.channel.nio.AbstractNioChannel$AbstractNioUnsafe.finishConnect(AbstractNioChannel.java:336)
	at com.alibaba.nacos.shaded.io.grpc.netty.shaded.io.netty.channel.nio.NioEventLoop.processSelectedKey(NioEventLoop.java:685)
	at com.alibaba.nacos.shaded.io.grpc.netty.shaded.io.netty.channel.nio.NioEventLoop.processSelectedKeysOptimized(NioEventLoop.java:632)
	at com.alibaba.nacos.shaded.io.grpc.netty.shaded.io.netty.channel.nio.NioEventLoop.processSelectedKeys(NioEventLoop.java:549)
	at com.alibaba.nacos.shaded.io.grpc.netty.shaded.io.netty.channel.nio.NioEventLoop.run(NioEventLoop.java:511)
	at com.alibaba.nacos.shaded.io.grpc.netty.shaded.io.netty.util.concurrent.SingleThreadEventExecutor$5.run(SingleThreadEventExecutor.java:918)
	at com.alibaba.nacos.shaded.io.grpc.netty.shaded.io.netty.util.internal.ThreadExecutorMap$2.run(ThreadExecutorMap.java:74)
	at com.alibaba.nacos.shaded.io.grpc.netty.shaded.io.netty.util.concurrent.FastThreadLocalRunnable.run(FastThreadLocalRunnable.java:30)
	at java.base/java.lang.Thread.run(Thread.java:1589)
2025-09-19 16:43:21.784  INFO  [com.alibaba.nacos.client.remote.worker] c.a.n.c.r.client - [7ac475ea-e033-46d7-99df-df38e2d80aad] Fail to connect server, after trying 13 times, last try server is {serverIp = '127.0.0.1', server main port = 8848}, error = unknown
2025-09-19 16:43:23.248  INFO  [com.alibaba.nacos.client.remote.worker] c.a.n.c.r.client - [7ac475ea-e033-46d7-99df-df38e2d80aad] Fail to connect server, after trying 14 times, last try server is {serverIp = '127.0.0.1', server main port = 8848}, error = unknown
2025-09-19 16:43:23.248  INFO  [com.alibaba.nacos.client.remote.worker] c.a.n.c.r.client - [f873d6c5-5f04-4ad4-8e15-9752c9c8655b_config-0] Fail to connect server, after trying 14 times, last try server is {serverIp = '127.0.0.1', server main port = 8848}, error = unknown
2025-09-19 16:43:24.892  INFO  [com.alibaba.nacos.client.remote.worker] c.a.n.c.r.client - [7ac475ea-e033-46d7-99df-df38e2d80aad] Success to connect a server [127.0.0.1:8848], connectionId = 1758271404763_127.0.0.1_53864
2025-09-19 16:43:24.892  INFO  [com.alibaba.nacos.client.remote.worker] c.a.n.c.r.client - [f873d6c5-5f04-4ad4-8e15-9752c9c8655b_config-0] Success to connect a server [127.0.0.1:8848], connectionId = 1758271404764_127.0.0.1_53866
2025-09-19 16:43:24.892  INFO  [com.alibaba.nacos.client.remote.worker] c.a.n.c.r.client - [f873d6c5-5f04-4ad4-8e15-9752c9c8655b_config-0] Abandon prev connection, server is 127.0.0.1:8848, connectionId is 1758270633121_127.0.0.1_65371
2025-09-19 16:43:24.892  INFO  [com.alibaba.nacos.client.remote.worker] c.a.n.c.r.client - [7ac475ea-e033-46d7-99df-df38e2d80aad] Abandon prev connection, server is 127.0.0.1:8848, connectionId is 1758270633695_127.0.0.1_65372
2025-09-19 16:43:24.892  INFO  [com.alibaba.nacos.client.remote.worker] c.a.n.c.r.client - Close current connection 1758270633121_127.0.0.1_65371
2025-09-19 16:43:24.892  INFO  [com.alibaba.nacos.client.remote.worker] c.a.n.c.r.client - Close current connection 1758270633695_127.0.0.1_65372
2025-09-19 16:43:24.892  INFO  [com.alibaba.nacos.client.remote.worker] c.a.n.c.r.client - [7ac475ea-e033-46d7-99df-df38e2d80aad] Notify disconnected event to listeners
2025-09-19 16:43:24.892  INFO  [com.alibaba.nacos.client.remote.worker] c.a.n.c.r.client - [f873d6c5-5f04-4ad4-8e15-9752c9c8655b_config-0] Notify disconnected event to listeners
2025-09-19 16:43:24.893  INFO  [com.alibaba.nacos.client.remote.worker] c.a.n.c.r.client - [f873d6c5-5f04-4ad4-8e15-9752c9c8655b_config-0] Notify connected event to listeners.
2025-09-19 16:43:24.894  INFO  [com.alibaba.nacos.client.remote.worker] c.a.n.c.r.client - [7ac475ea-e033-46d7-99df-df38e2d80aad] Notify connected event to listeners.
2025-09-19 16:43:26.711  INFO  [nacos-grpc-client-executor-325] c.a.n.c.r.client - [7ac475ea-e033-46d7-99df-df38e2d80aad] Receive server push request, request = NotifySubscriberRequest, requestId = 2
2025-09-19 16:43:26.713  INFO  [nacos.publisher-com.alibaba.nacos.client.naming.event.InstancesChangeEvent] c.y.g.r.c.n.i.NacosRegisterCenter - Nacos event is {"groupName":"dev","instances":[],"serviceName":"backend-user-server","clusters":""}
2025-09-19 16:43:26.717  INFO  [nacos-grpc-client-executor-325] c.a.n.c.r.client - [7ac475ea-e033-46d7-99df-df38e2d80aad] Ack server push request, request = NotifySubscriberRequest, requestId = 2
2025-09-19 16:43:26.720  INFO  [nacos-grpc-client-executor-326] c.a.n.c.r.client - [7ac475ea-e033-46d7-99df-df38e2d80aad] Receive server push request, request = NotifySubscriberRequest, requestId = 3
2025-09-19 16:43:26.720  INFO  [nacos-grpc-client-executor-326] c.a.n.c.r.client - [7ac475ea-e033-46d7-99df-df38e2d80aad] Ack server push request, request = NotifySubscriberRequest, requestId = 3
2025-09-19 16:43:26.722  INFO  [nacos-grpc-client-executor-326] c.a.n.c.r.client - [7ac475ea-e033-46d7-99df-df38e2d80aad] Receive server push request, request = NotifySubscriberRequest, requestId = 1
2025-09-19 16:43:26.726  INFO  [nacos-grpc-client-executor-326] c.a.n.c.r.client - [7ac475ea-e033-46d7-99df-df38e2d80aad] Ack server push request, request = NotifySubscriberRequest, requestId = 1
2025-09-19 16:43:26.884  INFO  [nacos.publisher-com.alibaba.nacos.client.naming.event.InstancesChangeEvent] c.y.g.c.BootStrap - refresh service and instance: backend-user-server:1.0.0 []
2025-09-19 16:43:26.884  INFO  [nacos.publisher-com.alibaba.nacos.client.naming.event.InstancesChangeEvent] c.y.g.r.c.n.i.NacosRegisterCenter - Nacos event is {"groupName":"dev","instances":[],"serviceName":"backend-http-server","clusters":""}
2025-09-19 16:43:26.889  INFO  [nacos.publisher-com.alibaba.nacos.client.naming.event.InstancesChangeEvent] c.y.g.c.BootStrap - refresh service and instance: backend-http-server:1.0.0 []
2025-09-19 16:43:27.311  INFO  [nacos-grpc-client-executor-327] c.a.n.c.r.client - [7ac475ea-e033-46d7-99df-df38e2d80aad] Receive server push request, request = NotifySubscriberRequest, requestId = 4
2025-09-19 16:43:27.319  INFO  [nacos.publisher-com.alibaba.nacos.client.naming.event.InstancesChangeEvent] c.y.g.r.c.n.i.NacosRegisterCenter - Nacos event is {"groupName":"dev","instances":[{"metadata":{"meta":"{\"enable\":true,\"gray\":false,\"ip\":\"10.19.22.108\",\"port\":8201,\"registerTime\":1758270642000,\"serviceInstanceId\":\"10.19.22.108:8201\",\"uniqueId\":\"backend-http-server:1.0.0\",\"version\":\"1.0.0\",\"weight\":100}"},"ip":"10.19.22.108","instanceHeartBeatTimeOut":15000,"ephemeral":true,"weight":1.0,"serviceName":"dev@@backend-http-server","enabled":true,"ipDeleteTimeout":30000,"instanceHeartBeatInterval":5000,"instanceId":"10.19.22.108:8201","port":8201,"healthy":true,"clusterName":"DEFAULT"}],"serviceName":"backend-http-server","clusters":""}
2025-09-19 16:43:27.321  INFO  [nacos-grpc-client-executor-327] c.a.n.c.r.client - [7ac475ea-e033-46d7-99df-df38e2d80aad] Ack server push request, request = NotifySubscriberRequest, requestId = 4
2025-09-19 16:43:27.323  INFO  [nacos-grpc-client-executor-328] c.a.n.c.r.client - [7ac475ea-e033-46d7-99df-df38e2d80aad] Receive server push request, request = NotifySubscriberRequest, requestId = 5
2025-09-19 16:43:27.324  INFO  [nacos-grpc-client-executor-328] c.a.n.c.r.client - [7ac475ea-e033-46d7-99df-df38e2d80aad] Ack server push request, request = NotifySubscriberRequest, requestId = 5
2025-09-19 16:43:27.326  INFO  [nacos.publisher-com.alibaba.nacos.client.naming.event.InstancesChangeEvent] c.y.g.c.BootStrap - refresh service and instance: backend-http-server:1.0.0 [{"gray":false,"port":8201,"registerTime":1758270642000,"enable":true,"ip":"10.19.22.108","serviceInstanceId":"10.19.22.108:8201","weight":100,"version":"1.0.0","uniqueId":"backend-http-server:1.0.0"}]
2025-09-19 16:43:27.327  INFO  [nacos.publisher-com.alibaba.nacos.client.naming.event.InstancesChangeEvent] c.y.g.r.c.n.i.NacosRegisterCenter - Nacos event is {"groupName":"dev","instances":[{"metadata":{"meta":"{\"enable\":true,\"gray\":false,\"ip\":\"10.19.22.108\",\"port\":8201,\"registerTime\":1758270641677,\"serviceInstanceId\":\"10.19.22.108:8201\",\"uniqueId\":\"backend-user-server:1.0.0\",\"version\":\"1.0.0\",\"weight\":100}"},"ip":"10.19.22.108","instanceHeartBeatTimeOut":15000,"ephemeral":true,"weight":1.0,"serviceName":"dev@@backend-user-server","enabled":true,"ipDeleteTimeout":30000,"instanceHeartBeatInterval":5000,"instanceId":"10.19.22.108:8201","port":8201,"healthy":true,"clusterName":"DEFAULT"}],"serviceName":"backend-user-server","clusters":""}
2025-09-19 16:43:27.331  INFO  [nacos.publisher-com.alibaba.nacos.client.naming.event.InstancesChangeEvent] c.y.g.c.BootStrap - refresh service and instance: backend-user-server:1.0.0 [{"gray":false,"port":8201,"registerTime":1758270641677,"enable":true,"ip":"10.19.22.108","serviceInstanceId":"10.19.22.108:8201","weight":100,"version":"1.0.0","uniqueId":"backend-user-server:1.0.0"}]
2025-09-19 16:44:02.571  ERROR [ParallelQueueHandlergateway-queue--pool-4] c.y.g.c.n.p.NettyCoreProcessor - 处理未知错误
java.lang.NullPointerException: Cannot invoke "com.yu.gateway.common.config.ServiceDefinition.getServiceId()" because "definition" is null
	at com.yu.gateway.core.helper.RequestHelper.doContext(RequestHelper.java:43)
	at com.yu.gateway.core.netty.processor.NettyCoreProcessor.process(NettyCoreProcessor.java:44)
	at com.yu.gateway.core.netty.processor.DisruptorNettyCoreProcessor$BatchEventListenerProcessor.onEvent(DisruptorNettyCoreProcessor.java:85)
	at com.yu.gateway.core.netty.processor.DisruptorNettyCoreProcessor$BatchEventListenerProcessor.onEvent(DisruptorNettyCoreProcessor.java:81)
	at com.yu.gateway.core.disruptor.ParallelQueueHandler$HolderWorkHandler.onEvent(ParallelQueueHandler.java:202)
	at com.yu.gateway.core.disruptor.ParallelQueueHandler$HolderWorkHandler.onEvent(ParallelQueueHandler.java:199)
	at com.lmax.disruptor.WorkProcessor.run(WorkProcessor.java:143)
	at java.base/java.util.concurrent.ThreadPoolExecutor.runWorker(ThreadPoolExecutor.java:1144)
	at java.base/java.util.concurrent.ThreadPoolExecutor$Worker.run(ThreadPoolExecutor.java:642)
	at java.base/java.lang.Thread.run(Thread.java:1589)
2025-09-19 16:45:11.556  ERROR [ParallelQueueHandlergateway-queue--pool-3] c.y.g.c.n.p.NettyCoreProcessor - 处理未知错误
java.lang.NullPointerException: Cannot invoke "com.yu.gateway.common.config.ServiceDefinition.getServiceId()" because "definition" is null
	at com.yu.gateway.core.helper.RequestHelper.doContext(RequestHelper.java:43)
	at com.yu.gateway.core.netty.processor.NettyCoreProcessor.process(NettyCoreProcessor.java:44)
	at com.yu.gateway.core.netty.processor.DisruptorNettyCoreProcessor$BatchEventListenerProcessor.onEvent(DisruptorNettyCoreProcessor.java:85)
	at com.yu.gateway.core.netty.processor.DisruptorNettyCoreProcessor$BatchEventListenerProcessor.onEvent(DisruptorNettyCoreProcessor.java:81)
	at com.yu.gateway.core.disruptor.ParallelQueueHandler$HolderWorkHandler.onEvent(ParallelQueueHandler.java:202)
	at com.yu.gateway.core.disruptor.ParallelQueueHandler$HolderWorkHandler.onEvent(ParallelQueueHandler.java:199)
	at com.lmax.disruptor.WorkProcessor.run(WorkProcessor.java:143)
	at java.base/java.util.concurrent.ThreadPoolExecutor.runWorker(ThreadPoolExecutor.java:1144)
	at java.base/java.util.concurrent.ThreadPoolExecutor$Worker.run(ThreadPoolExecutor.java:642)
	at java.base/java.lang.Thread.run(Thread.java:1589)
2025-09-19 16:49:39.772  WARN  [Thread-0] c.a.n.c.h.HttpClientBeanHolder - [HttpClientBeanHolder] Start destroying common HttpClient
2025-09-19 16:49:39.774  WARN  [Thread-0] c.a.n.c.h.HttpClientBeanHolder - [HttpClientBeanHolder] Destruction of the end
2025-09-19 16:49:39.775  WARN  [Thread-3] c.a.n.c.n.NotifyCenter - [NotifyCenter] Start destroying Publisher
2025-09-19 16:49:39.775  WARN  [Thread-3] c.a.n.c.n.NotifyCenter - [NotifyCenter] Destruction of the end
2025-09-19 16:49:42.902  INFO  [main] c.a.n.c.r.client - [RpcClientFactory] create a new rpc client of 8158984e-0a4a-48c7-8068-e635b01c58fc_config-0
2025-09-19 16:49:42.940  INFO  [main] o.r.Reflections - Reflections took 19 ms to scan 1 urls, producing 3 keys and 6 values 
2025-09-19 16:49:42.976  INFO  [main] o.r.Reflections - Reflections took 7 ms to scan 1 urls, producing 4 keys and 9 values 
2025-09-19 16:49:42.985  INFO  [main] o.r.Reflections - Reflections took 7 ms to scan 1 urls, producing 3 keys and 10 values 
2025-09-19 16:49:42.988  WARN  [main] o.r.Reflections - given scan urls are empty. set urls in the configuration
2025-09-19 16:49:42.991  INFO  [main] o.r.Reflections - Reflections took 3 ms to scan 1 urls, producing 1 keys and 5 values 
2025-09-19 16:49:42.998  INFO  [main] o.r.Reflections - Reflections took 5 ms to scan 1 urls, producing 1 keys and 7 values 
2025-09-19 16:49:43.007  INFO  [main] o.r.Reflections - Reflections took 5 ms to scan 1 urls, producing 2 keys and 8 values 
2025-09-19 16:49:43.010  WARN  [main] o.r.Reflections - given scan urls are empty. set urls in the configuration
2025-09-19 16:49:43.013  INFO  [main] c.a.n.c.r.client - [8158984e-0a4a-48c7-8068-e635b01c58fc_config-0] RpcClient init label, labels = {module=config, Vipserver-Tag=null, source=sdk, Amory-Tag=null, Location-Tag=null, taskId=0, AppName=unknown}
2025-09-19 16:49:43.015  INFO  [main] c.a.n.c.r.client - [8158984e-0a4a-48c7-8068-e635b01c58fc_config-0] Register server push request handler:com.alibaba.nacos.client.config.impl.ClientWorker$ConfigRpcTransportClient$$Lambda$70/0x0000000801109b38
2025-09-19 16:49:43.016  INFO  [main] c.a.n.c.r.client - [8158984e-0a4a-48c7-8068-e635b01c58fc_config-0] Register server push request handler:com.alibaba.nacos.client.config.impl.ClientWorker$ConfigRpcTransportClient$$Lambda$71/0x0000000801109d48
2025-09-19 16:49:43.018  INFO  [main] c.a.n.c.r.client - [8158984e-0a4a-48c7-8068-e635b01c58fc_config-0] Registry connection listener to current client:com.alibaba.nacos.client.config.impl.ClientWorker$ConfigRpcTransportClient$1
2025-09-19 16:49:43.019  INFO  [main] c.a.n.c.r.client - [8158984e-0a4a-48c7-8068-e635b01c58fc_config-0] RpcClient init, ServerListFactory = com.alibaba.nacos.client.config.impl.ClientWorker$ConfigRpcTransportClient$2
2025-09-19 16:49:43.034  INFO  [main] c.a.n.c.r.client - [8158984e-0a4a-48c7-8068-e635b01c58fc_config-0] Try to connect to server on start up, server: {serverIp = '127.0.0.1', server main port = 8848}
2025-09-19 16:49:43.842  INFO  [main] c.a.n.c.r.client - [8158984e-0a4a-48c7-8068-e635b01c58fc_config-0] Success to connect to server [127.0.0.1:8848] on start up, connectionId = 1758271783674_127.0.0.1_65475
2025-09-19 16:49:43.843  INFO  [main] c.a.n.c.r.client - [8158984e-0a4a-48c7-8068-e635b01c58fc_config-0] Register server push request handler:com.alibaba.nacos.common.remote.client.RpcClient$ConnectResetRequestHandler
2025-09-19 16:49:43.843  INFO  [com.alibaba.nacos.client.remote.worker] c.a.n.c.r.client - [8158984e-0a4a-48c7-8068-e635b01c58fc_config-0] Notify connected event to listeners.
2025-09-19 16:49:43.844  INFO  [main] c.a.n.c.r.client - [8158984e-0a4a-48c7-8068-e635b01c58fc_config-0] Register server push request handler:com.alibaba.nacos.common.remote.client.RpcClient$$Lambda$109/0x00000008012ae218
2025-09-19 16:49:43.885  INFO  [main] c.y.g.c.c.n.i.NacosConfigCenter - Rules-Config From Nacos: null
2025-09-19 16:49:43.920  WARN  [main] c.y.g.c.c.n.i.NacosConfigCenter - Failed to parse config JSON from Nacos, result is null
2025-09-19 16:49:43.949  INFO  [main] c.y.g.c.f.GatewayFilterChainFactory - load filter success:class com.yu.gateway.core.filter.auth.AuthFilter,auth_filter,auth_filter,1
2025-09-19 16:49:43.952  INFO  [main] c.y.g.c.f.GatewayFilterChainFactory - load filter success:class com.yu.gateway.core.filter.loadBalance.LoadBalanceFilter,load_balance_filter,load_balance_filter,100
2025-09-19 16:49:43.953  INFO  [main] c.y.g.c.f.GatewayFilterChainFactory - load filter success:class com.yu.gateway.core.filter.router.RouterFilter,router_filter,router_filter,2147483647
2025-09-19 16:49:43.953  INFO  [main] c.y.g.c.f.GatewayFilterChainFactory - load filter success:class com.yu.gateway.core.filter.gray.GrayFilter,gray_filter,gray_filter,4
2025-09-19 16:49:43.954  INFO  [main] c.y.g.c.f.GatewayFilterChainFactory - load filter success:class com.yu.gateway.core.filter.flow.FlowControlFilter,flow_ctl_filter,flow_ctl_filter,50
2025-09-19 16:49:44.283  WARN  [main] i.n.b.ServerBootstrap - Unknown channel option 'SO_KEEPALIVE' for channel '[id: 0xb9575c80]'
2025-09-19 16:49:44.288  INFO  [main] c.y.g.c.n.NettyHttpServer - server startup on port 8888
2025-09-19 16:49:44.289  INFO  [main] c.y.g.c.Container - api gateway starting!
2025-09-19 16:49:44.304  INFO  [main] c.a.n.c.r.client - [RpcClientFactory] create a new rpc client of 5d59c5b2-a8ec-4fb8-9fc6-eca3d05598ab
2025-09-19 16:49:44.304  INFO  [main] c.a.n.c.r.client - [5d59c5b2-a8ec-4fb8-9fc6-eca3d05598ab] RpcClient init label, labels = {module=naming, source=sdk}
2025-09-19 16:49:44.305  INFO  [main] c.a.n.c.r.client - [5d59c5b2-a8ec-4fb8-9fc6-eca3d05598ab] RpcClient init, ServerListFactory = com.alibaba.nacos.client.naming.core.ServerListManager
2025-09-19 16:49:44.305  INFO  [main] c.a.n.c.r.client - [5d59c5b2-a8ec-4fb8-9fc6-eca3d05598ab] Registry connection listener to current client:com.alibaba.nacos.client.naming.remote.gprc.redo.NamingGrpcRedoService
2025-09-19 16:49:44.305  INFO  [main] c.a.n.c.r.client - [5d59c5b2-a8ec-4fb8-9fc6-eca3d05598ab] Register server push request handler:com.alibaba.nacos.client.naming.remote.gprc.NamingPushRequestHandler
2025-09-19 16:49:44.305  INFO  [main] c.a.n.c.r.client - [5d59c5b2-a8ec-4fb8-9fc6-eca3d05598ab] Try to connect to server on start up, server: {serverIp = '127.0.0.1', server main port = 8848}
2025-09-19 16:49:44.423  INFO  [main] c.a.n.c.r.client - [5d59c5b2-a8ec-4fb8-9fc6-eca3d05598ab] Success to connect to server [127.0.0.1:8848] on start up, connectionId = 1758271784311_127.0.0.1_65476
2025-09-19 16:49:44.424  INFO  [com.alibaba.nacos.client.remote.worker] c.a.n.c.r.client - [5d59c5b2-a8ec-4fb8-9fc6-eca3d05598ab] Notify connected event to listeners.
2025-09-19 16:49:44.424  INFO  [main] c.a.n.c.r.client - [5d59c5b2-a8ec-4fb8-9fc6-eca3d05598ab] Register server push request handler:com.alibaba.nacos.common.remote.client.RpcClient$ConnectResetRequestHandler
2025-09-19 16:49:44.424  INFO  [main] c.a.n.c.r.client - [5d59c5b2-a8ec-4fb8-9fc6-eca3d05598ab] Register server push request handler:com.alibaba.nacos.common.remote.client.RpcClient$$Lambda$109/0x00000008012ae218
2025-09-19 16:49:44.605  INFO  [main] c.y.g.r.c.n.i.NacosRegisterCenter - register com.yu.gateway.common.config.ServiceDefinition@5229e9b0 com.yu.gateway.common.config.ServiceInstance@39449bd7
2025-09-19 16:49:44.615  INFO  [main] c.y.g.r.c.n.i.NacosRegisterCenter - service list size 3
2025-09-19 16:49:44.620  INFO  [main] c.y.g.r.c.n.i.NacosRegisterCenter - Nacos event is {"serviceName":"backend-user-server"}
2025-09-19 16:49:44.651  INFO  [main] c.y.g.c.BootStrap - refresh service and instance: backend-user-server:1.0.0 []
2025-09-19 16:49:44.655  INFO  [main] c.y.g.r.c.n.i.NacosRegisterCenter - subscribe a service, serviceName backend-user-server envdev
2025-09-19 16:49:44.655  INFO  [main] c.y.g.r.c.n.i.NacosRegisterCenter - Nacos event is {"serviceName":"backend-http-server"}
2025-09-19 16:49:44.663  INFO  [main] c.y.g.c.BootStrap - refresh service and instance: backend-http-server:1.0.0 []
2025-09-19 16:49:44.663  INFO  [main] c.y.g.r.c.n.i.NacosRegisterCenter - subscribe a service, serviceName backend-http-server envdev
2025-09-19 16:49:44.663  INFO  [main] c.y.g.r.c.n.i.NacosRegisterCenter - Nacos event is {"serviceName":"api-gateway"}
2025-09-19 16:49:44.670  INFO  [main] c.y.g.c.BootStrap - refresh service and instance: api-gateway []
2025-09-19 16:49:44.671  INFO  [main] c.y.g.r.c.n.i.NacosRegisterCenter - subscribe a service, serviceName api-gateway envdev
2025-09-19 16:49:45.116  INFO  [nacos-grpc-client-executor-12] c.a.n.c.r.client - [5d59c5b2-a8ec-4fb8-9fc6-eca3d05598ab] Receive server push request, request = NotifySubscriberRequest, requestId = 7
2025-09-19 16:49:45.120  INFO  [nacos-grpc-client-executor-12] c.a.n.c.r.client - [5d59c5b2-a8ec-4fb8-9fc6-eca3d05598ab] Ack server push request, request = NotifySubscriberRequest, requestId = 7
2025-09-19 16:49:45.123  INFO  [nacos.publisher-com.alibaba.nacos.client.naming.event.InstancesChangeEvent] c.y.g.r.c.n.i.NacosRegisterCenter - Nacos event is {"groupName":"dev","instances":[{"metadata":{"meta":"{\"enable\":true,\"gray\":false,\"ip\":\"10.19.22.108\",\"port\":8888,\"registerTime\":1758271784532,\"serviceInstanceId\":\"10.19.22.108:8888\"}"},"ip":"10.19.22.108","instanceHeartBeatTimeOut":15000,"ephemeral":true,"weight":1.0,"serviceName":"dev@@api-gateway","enabled":true,"ipDeleteTimeout":30000,"instanceHeartBeatInterval":5000,"instanceId":"10.19.22.108:8888","port":8888,"healthy":true,"clusterName":"DEFAULT"}],"serviceName":"api-gateway","clusters":""}
2025-09-19 16:49:45.138  INFO  [nacos.publisher-com.alibaba.nacos.client.naming.event.InstancesChangeEvent] c.y.g.c.BootStrap - refresh service and instance: api-gateway [{"gray":false,"port":8888,"registerTime":1758271784532,"enable":true,"ip":"10.19.22.108","serviceInstanceId":"10.19.22.108:8888"}]
2025-09-19 16:49:45.204  INFO  [nacos-grpc-client-executor-13] c.a.n.c.r.client - [5d59c5b2-a8ec-4fb8-9fc6-eca3d05598ab] Receive server push request, request = NotifySubscriberRequest, requestId = 8
2025-09-19 16:49:45.204  INFO  [nacos-grpc-client-executor-13] c.a.n.c.r.client - [5d59c5b2-a8ec-4fb8-9fc6-eca3d05598ab] Ack server push request, request = NotifySubscriberRequest, requestId = 8
2025-09-19 16:49:45.209  INFO  [nacos-grpc-client-executor-14] c.a.n.c.r.client - [5d59c5b2-a8ec-4fb8-9fc6-eca3d05598ab] Receive server push request, request = NotifySubscriberRequest, requestId = 9
2025-09-19 16:49:45.210  INFO  [nacos-grpc-client-executor-14] c.a.n.c.r.client - [5d59c5b2-a8ec-4fb8-9fc6-eca3d05598ab] Ack server push request, request = NotifySubscriberRequest, requestId = 9
2025-09-19 16:49:54.682  INFO  [doSubscribeAllServices.0] c.y.g.r.c.n.i.NacosRegisterCenter - service list size 3
2025-09-19 16:50:04.690  INFO  [doSubscribeAllServices.0] c.y.g.r.c.n.i.NacosRegisterCenter - service list size 3
2025-09-19 16:50:14.696  INFO  [doSubscribeAllServices.0] c.y.g.r.c.n.i.NacosRegisterCenter - service list size 3
2025-09-19 16:50:24.705  INFO  [doSubscribeAllServices.0] c.y.g.r.c.n.i.NacosRegisterCenter - service list size 3
2025-09-19 16:50:34.710  INFO  [doSubscribeAllServices.0] c.y.g.r.c.n.i.NacosRegisterCenter - service list size 3
2025-09-19 16:50:44.716  INFO  [doSubscribeAllServices.0] c.y.g.r.c.n.i.NacosRegisterCenter - service list size 3
2025-09-19 16:50:54.724  INFO  [doSubscribeAllServices.0] c.y.g.r.c.n.i.NacosRegisterCenter - service list size 1
2025-09-19 16:51:04.730  INFO  [doSubscribeAllServices.0] c.y.g.r.c.n.i.NacosRegisterCenter - service list size 1
2025-09-19 16:51:14.736  INFO  [doSubscribeAllServices.0] c.y.g.r.c.n.i.NacosRegisterCenter - service list size 1
2025-09-19 16:51:24.743  INFO  [doSubscribeAllServices.0] c.y.g.r.c.n.i.NacosRegisterCenter - service list size 1
2025-09-19 16:51:34.750  INFO  [doSubscribeAllServices.0] c.y.g.r.c.n.i.NacosRegisterCenter - service list size 1
2025-09-19 16:51:44.755  INFO  [doSubscribeAllServices.0] c.y.g.r.c.n.i.NacosRegisterCenter - service list size 1
2025-09-19 16:51:54.760  INFO  [doSubscribeAllServices.0] c.y.g.r.c.n.i.NacosRegisterCenter - service list size 1
2025-09-19 16:52:04.766  INFO  [doSubscribeAllServices.0] c.y.g.r.c.n.i.NacosRegisterCenter - service list size 1
2025-09-19 16:52:14.770  INFO  [doSubscribeAllServices.0] c.y.g.r.c.n.i.NacosRegisterCenter - service list size 1
2025-09-19 16:52:24.775  INFO  [doSubscribeAllServices.0] c.y.g.r.c.n.i.NacosRegisterCenter - service list size 1
2025-09-19 16:52:34.780  INFO  [doSubscribeAllServices.0] c.y.g.r.c.n.i.NacosRegisterCenter - service list size 1
2025-09-19 16:52:44.785  INFO  [doSubscribeAllServices.0] c.y.g.r.c.n.i.NacosRegisterCenter - service list size 1
2025-09-19 16:52:54.789  INFO  [doSubscribeAllServices.0] c.y.g.r.c.n.i.NacosRegisterCenter - service list size 1
2025-09-19 16:53:04.799  INFO  [doSubscribeAllServices.0] c.y.g.r.c.n.i.NacosRegisterCenter - service list size 1
2025-09-19 16:53:14.807  INFO  [doSubscribeAllServices.0] c.y.g.r.c.n.i.NacosRegisterCenter - service list size 1
2025-09-19 16:53:24.812  INFO  [doSubscribeAllServices.0] c.y.g.r.c.n.i.NacosRegisterCenter - service list size 1
2025-09-19 16:53:34.821  INFO  [doSubscribeAllServices.0] c.y.g.r.c.n.i.NacosRegisterCenter - service list size 1
2025-09-19 16:53:44.827  INFO  [doSubscribeAllServices.0] c.y.g.r.c.n.i.NacosRegisterCenter - service list size 1
2025-09-19 16:53:54.832  INFO  [doSubscribeAllServices.0] c.y.g.r.c.n.i.NacosRegisterCenter - service list size 1
2025-09-19 16:54:04.838  INFO  [doSubscribeAllServices.0] c.y.g.r.c.n.i.NacosRegisterCenter - service list size 1
2025-09-19 16:54:14.842  INFO  [doSubscribeAllServices.0] c.y.g.r.c.n.i.NacosRegisterCenter - service list size 1
2025-09-19 16:54:24.849  INFO  [doSubscribeAllServices.0] c.y.g.r.c.n.i.NacosRegisterCenter - service list size 1
2025-09-19 16:54:34.853  INFO  [doSubscribeAllServices.0] c.y.g.r.c.n.i.NacosRegisterCenter - service list size 1
2025-09-19 16:54:44.858  INFO  [doSubscribeAllServices.0] c.y.g.r.c.n.i.NacosRegisterCenter - service list size 1
2025-09-19 16:54:54.864  INFO  [doSubscribeAllServices.0] c.y.g.r.c.n.i.NacosRegisterCenter - service list size 1
2025-09-19 16:55:04.871  INFO  [doSubscribeAllServices.0] c.y.g.r.c.n.i.NacosRegisterCenter - service list size 1
2025-09-19 16:55:14.877  INFO  [doSubscribeAllServices.0] c.y.g.r.c.n.i.NacosRegisterCenter - service list size 1
2025-09-19 16:55:24.882  INFO  [doSubscribeAllServices.0] c.y.g.r.c.n.i.NacosRegisterCenter - service list size 1
2025-09-19 16:55:34.888  INFO  [doSubscribeAllServices.0] c.y.g.r.c.n.i.NacosRegisterCenter - service list size 1
2025-09-19 16:55:44.894  INFO  [doSubscribeAllServices.0] c.y.g.r.c.n.i.NacosRegisterCenter - service list size 1
2025-09-19 16:55:53.026  WARN  [Thread-3] c.a.n.c.n.NotifyCenter - [NotifyCenter] Start destroying Publisher
2025-09-19 16:55:53.026  WARN  [Thread-0] c.a.n.c.h.HttpClientBeanHolder - [HttpClientBeanHolder] Start destroying common HttpClient
2025-09-19 16:55:53.026  WARN  [Thread-3] c.a.n.c.n.NotifyCenter - [NotifyCenter] Destruction of the end
2025-09-19 16:55:53.027  WARN  [Thread-0] c.a.n.c.h.HttpClientBeanHolder - [HttpClientBeanHolder] Destruction of the end
2025-09-19 16:56:28.962  INFO  [main] c.a.n.c.r.client - [RpcClientFactory] create a new rpc client of dee1e886-5751-4920-a3c3-e430ef7368d5_config-0
2025-09-19 16:56:29.001  INFO  [main] o.r.Reflections - Reflections took 19 ms to scan 1 urls, producing 3 keys and 6 values 
2025-09-19 16:56:29.038  INFO  [main] o.r.Reflections - Reflections took 8 ms to scan 1 urls, producing 4 keys and 9 values 
2025-09-19 16:56:29.048  INFO  [main] o.r.Reflections - Reflections took 7 ms to scan 1 urls, producing 3 keys and 10 values 
2025-09-19 16:56:29.051  WARN  [main] o.r.Reflections - given scan urls are empty. set urls in the configuration
2025-09-19 16:56:29.056  INFO  [main] o.r.Reflections - Reflections took 4 ms to scan 1 urls, producing 1 keys and 5 values 
2025-09-19 16:56:29.066  INFO  [main] o.r.Reflections - Reflections took 7 ms to scan 1 urls, producing 1 keys and 7 values 
2025-09-19 16:56:29.071  INFO  [main] o.r.Reflections - Reflections took 3 ms to scan 1 urls, producing 2 keys and 8 values 
2025-09-19 16:56:29.074  WARN  [main] o.r.Reflections - given scan urls are empty. set urls in the configuration
2025-09-19 16:56:29.076  INFO  [main] c.a.n.c.r.client - [dee1e886-5751-4920-a3c3-e430ef7368d5_config-0] RpcClient init label, labels = {module=config, Vipserver-Tag=null, source=sdk, Amory-Tag=null, Location-Tag=null, taskId=0, AppName=unknown}
2025-09-19 16:56:29.077  INFO  [main] c.a.n.c.r.client - [dee1e886-5751-4920-a3c3-e430ef7368d5_config-0] Register server push request handler:com.alibaba.nacos.client.config.impl.ClientWorker$ConfigRpcTransportClient$$Lambda$70/0x0000000801109b38
2025-09-19 16:56:29.078  INFO  [main] c.a.n.c.r.client - [dee1e886-5751-4920-a3c3-e430ef7368d5_config-0] Register server push request handler:com.alibaba.nacos.client.config.impl.ClientWorker$ConfigRpcTransportClient$$Lambda$71/0x0000000801109d48
2025-09-19 16:56:29.079  INFO  [main] c.a.n.c.r.client - [dee1e886-5751-4920-a3c3-e430ef7368d5_config-0] Registry connection listener to current client:com.alibaba.nacos.client.config.impl.ClientWorker$ConfigRpcTransportClient$1
2025-09-19 16:56:29.080  INFO  [main] c.a.n.c.r.client - [dee1e886-5751-4920-a3c3-e430ef7368d5_config-0] RpcClient init, ServerListFactory = com.alibaba.nacos.client.config.impl.ClientWorker$ConfigRpcTransportClient$2
2025-09-19 16:56:29.092  INFO  [main] c.a.n.c.r.client - [dee1e886-5751-4920-a3c3-e430ef7368d5_config-0] Try to connect to server on start up, server: {serverIp = '127.0.0.1', server main port = 8848}
2025-09-19 16:56:29.843  INFO  [main] c.a.n.c.r.client - [dee1e886-5751-4920-a3c3-e430ef7368d5_config-0] Success to connect to server [127.0.0.1:8848] on start up, connectionId = 1758272189666_127.0.0.1_56655
2025-09-19 16:56:29.843  INFO  [com.alibaba.nacos.client.remote.worker] c.a.n.c.r.client - [dee1e886-5751-4920-a3c3-e430ef7368d5_config-0] Notify connected event to listeners.
2025-09-19 16:56:29.843  INFO  [main] c.a.n.c.r.client - [dee1e886-5751-4920-a3c3-e430ef7368d5_config-0] Register server push request handler:com.alibaba.nacos.common.remote.client.RpcClient$ConnectResetRequestHandler
2025-09-19 16:56:29.844  INFO  [main] c.a.n.c.r.client - [dee1e886-5751-4920-a3c3-e430ef7368d5_config-0] Register server push request handler:com.alibaba.nacos.common.remote.client.RpcClient$$Lambda$109/0x00000008012ae040
2025-09-19 16:56:29.878  INFO  [main] c.y.g.c.c.n.i.NacosConfigCenter - Rules-Config From Nacos: null
2025-09-19 16:56:29.910  WARN  [main] c.y.g.c.c.n.i.NacosConfigCenter - Failed to parse config JSON from Nacos, result is null
2025-09-19 16:56:29.940  INFO  [main] c.y.g.c.f.GatewayFilterChainFactory - load filter success:class com.yu.gateway.core.filter.auth.AuthFilter,auth_filter,auth_filter,1
2025-09-19 16:56:29.943  INFO  [main] c.y.g.c.f.GatewayFilterChainFactory - load filter success:class com.yu.gateway.core.filter.loadBalance.LoadBalanceFilter,load_balance_filter,load_balance_filter,100
2025-09-19 16:56:29.944  INFO  [main] c.y.g.c.f.GatewayFilterChainFactory - load filter success:class com.yu.gateway.core.filter.router.RouterFilter,router_filter,router_filter,2147483647
2025-09-19 16:56:29.945  INFO  [main] c.y.g.c.f.GatewayFilterChainFactory - load filter success:class com.yu.gateway.core.filter.gray.GrayFilter,gray_filter,gray_filter,4
2025-09-19 16:56:29.945  INFO  [main] c.y.g.c.f.GatewayFilterChainFactory - load filter success:class com.yu.gateway.core.filter.flow.FlowControlFilter,flow_ctl_filter,flow_ctl_filter,50
2025-09-19 16:56:30.221  WARN  [main] i.n.b.ServerBootstrap - Unknown channel option 'SO_KEEPALIVE' for channel '[id: 0x21a1abf2]'
2025-09-19 16:56:30.229  INFO  [main] c.y.g.c.n.NettyHttpServer - server startup on port 8888
2025-09-19 16:56:30.229  INFO  [main] c.y.g.c.Container - api gateway starting!
2025-09-19 16:56:30.246  INFO  [main] c.a.n.c.r.client - [RpcClientFactory] create a new rpc client of 051e2905-9fc0-4e0f-b972-bf311096a6e2
2025-09-19 16:56:30.247  INFO  [main] c.a.n.c.r.client - [051e2905-9fc0-4e0f-b972-bf311096a6e2] RpcClient init label, labels = {module=naming, source=sdk}
2025-09-19 16:56:30.247  INFO  [main] c.a.n.c.r.client - [051e2905-9fc0-4e0f-b972-bf311096a6e2] RpcClient init, ServerListFactory = com.alibaba.nacos.client.naming.core.ServerListManager
2025-09-19 16:56:30.248  INFO  [main] c.a.n.c.r.client - [051e2905-9fc0-4e0f-b972-bf311096a6e2] Registry connection listener to current client:com.alibaba.nacos.client.naming.remote.gprc.redo.NamingGrpcRedoService
2025-09-19 16:56:30.248  INFO  [main] c.a.n.c.r.client - [051e2905-9fc0-4e0f-b972-bf311096a6e2] Register server push request handler:com.alibaba.nacos.client.naming.remote.gprc.NamingPushRequestHandler
2025-09-19 16:56:30.248  INFO  [main] c.a.n.c.r.client - [051e2905-9fc0-4e0f-b972-bf311096a6e2] Try to connect to server on start up, server: {serverIp = '127.0.0.1', server main port = 8848}
2025-09-19 16:56:30.360  INFO  [main] c.a.n.c.r.client - [051e2905-9fc0-4e0f-b972-bf311096a6e2] Success to connect to server [127.0.0.1:8848] on start up, connectionId = 1758272190254_127.0.0.1_56657
2025-09-19 16:56:30.360  INFO  [main] c.a.n.c.r.client - [051e2905-9fc0-4e0f-b972-bf311096a6e2] Register server push request handler:com.alibaba.nacos.common.remote.client.RpcClient$ConnectResetRequestHandler
2025-09-19 16:56:30.360  INFO  [com.alibaba.nacos.client.remote.worker] c.a.n.c.r.client - [051e2905-9fc0-4e0f-b972-bf311096a6e2] Notify connected event to listeners.
2025-09-19 16:56:30.360  INFO  [main] c.a.n.c.r.client - [051e2905-9fc0-4e0f-b972-bf311096a6e2] Register server push request handler:com.alibaba.nacos.common.remote.client.RpcClient$$Lambda$109/0x00000008012ae040
2025-09-19 16:56:30.525  INFO  [main] c.y.g.r.c.n.i.NacosRegisterCenter - register com.yu.gateway.common.config.ServiceDefinition@5229e9b0 com.yu.gateway.common.config.ServiceInstance@39449bd7
2025-09-19 16:56:30.531  INFO  [main] c.y.g.r.c.n.i.NacosRegisterCenter - service list size 1
2025-09-19 16:56:30.535  INFO  [main] c.y.g.r.c.n.i.NacosRegisterCenter - Nacos event is {"serviceName":"api-gateway"}
2025-09-19 16:56:30.562  INFO  [main] c.y.g.c.BootStrap - refresh service and instance: api-gateway []
2025-09-19 16:56:30.563  INFO  [main] c.y.g.r.c.n.i.NacosRegisterCenter - subscribe a service, serviceName api-gateway envdev
2025-09-19 16:56:31.104  INFO  [nacos-grpc-client-executor-8] c.a.n.c.r.client - [051e2905-9fc0-4e0f-b972-bf311096a6e2] Receive server push request, request = NotifySubscriberRequest, requestId = 10
2025-09-19 16:56:31.106  INFO  [nacos-grpc-client-executor-8] c.a.n.c.r.client - [051e2905-9fc0-4e0f-b972-bf311096a6e2] Ack server push request, request = NotifySubscriberRequest, requestId = 10
2025-09-19 16:56:31.110  INFO  [nacos.publisher-com.alibaba.nacos.client.naming.event.InstancesChangeEvent] c.y.g.r.c.n.i.NacosRegisterCenter - Nacos event is {"groupName":"dev","instances":[{"metadata":{"meta":"{\"enable\":true,\"gray\":false,\"ip\":\"10.19.22.108\",\"port\":8888,\"registerTime\":1758272190472,\"serviceInstanceId\":\"10.19.22.108:8888\"}"},"ip":"10.19.22.108","instanceHeartBeatTimeOut":15000,"ephemeral":true,"weight":1.0,"serviceName":"dev@@api-gateway","enabled":true,"ipDeleteTimeout":30000,"instanceHeartBeatInterval":5000,"instanceId":"10.19.22.108:8888","port":8888,"healthy":true,"clusterName":"DEFAULT"}],"serviceName":"api-gateway","clusters":""}
2025-09-19 16:56:31.121  INFO  [nacos.publisher-com.alibaba.nacos.client.naming.event.InstancesChangeEvent] c.y.g.c.BootStrap - refresh service and instance: api-gateway [{"gray":false,"port":8888,"registerTime":1758272190472,"enable":true,"ip":"10.19.22.108","serviceInstanceId":"10.19.22.108:8888"}]
2025-09-19 16:56:40.574  INFO  [doSubscribeAllServices.0] c.y.g.r.c.n.i.NacosRegisterCenter - service list size 1
2025-09-19 16:56:50.579  INFO  [doSubscribeAllServices.0] c.y.g.r.c.n.i.NacosRegisterCenter - service list size 1
2025-09-19 16:57:00.587  INFO  [doSubscribeAllServices.0] c.y.g.r.c.n.i.NacosRegisterCenter - service list size 3
2025-09-19 16:57:00.587  INFO  [doSubscribeAllServices.0] c.y.g.r.c.n.i.NacosRegisterCenter - Nacos event is {"serviceName":"backend-user-server"}
2025-09-19 16:57:00.596  INFO  [doSubscribeAllServices.0] c.y.g.c.BootStrap - refresh service and instance: backend-user-server:1.0.0 [{"gray":false,"port":8201,"registerTime":1758272213641,"enable":true,"ip":"10.19.22.108","serviceInstanceId":"10.19.22.108:8201","weight":100,"version":"1.0.0","uniqueId":"backend-user-server:1.0.0"}]
2025-09-19 16:57:00.597  INFO  [doSubscribeAllServices.0] c.y.g.r.c.n.i.NacosRegisterCenter - subscribe a service, serviceName backend-user-server envdev
2025-09-19 16:57:00.597  INFO  [doSubscribeAllServices.0] c.y.g.r.c.n.i.NacosRegisterCenter - Nacos event is {"serviceName":"backend-http-server"}
2025-09-19 16:57:00.603  INFO  [doSubscribeAllServices.0] c.y.g.c.BootStrap - refresh service and instance: backend-http-server:1.0.0 [{"gray":false,"port":8201,"registerTime":1758272213738,"enable":true,"ip":"10.19.22.108","serviceInstanceId":"10.19.22.108:8201","weight":100,"version":"1.0.0","uniqueId":"backend-http-server:1.0.0"}]
2025-09-19 16:57:00.603  INFO  [doSubscribeAllServices.0] c.y.g.r.c.n.i.NacosRegisterCenter - subscribe a service, serviceName backend-http-server envdev
2025-09-19 16:57:01.161  INFO  [nacos-grpc-client-executor-23] c.a.n.c.r.client - [051e2905-9fc0-4e0f-b972-bf311096a6e2] Receive server push request, request = NotifySubscriberRequest, requestId = 11
2025-09-19 16:57:01.161  INFO  [nacos-grpc-client-executor-23] c.a.n.c.r.client - [051e2905-9fc0-4e0f-b972-bf311096a6e2] Ack server push request, request = NotifySubscriberRequest, requestId = 11
2025-09-19 16:57:01.165  INFO  [nacos-grpc-client-executor-23] c.a.n.c.r.client - [051e2905-9fc0-4e0f-b972-bf311096a6e2] Receive server push request, request = NotifySubscriberRequest, requestId = 12
2025-09-19 16:57:01.165  INFO  [nacos-grpc-client-executor-23] c.a.n.c.r.client - [051e2905-9fc0-4e0f-b972-bf311096a6e2] Ack server push request, request = NotifySubscriberRequest, requestId = 12
2025-09-19 16:57:10.608  INFO  [doSubscribeAllServices.0] c.y.g.r.c.n.i.NacosRegisterCenter - service list size 3
2025-09-19 16:57:15.979  INFO  [nacos-grpc-client-executor-29] c.a.n.c.r.client - [051e2905-9fc0-4e0f-b972-bf311096a6e2] Receive server push request, request = NotifySubscriberRequest, requestId = 13
2025-09-19 16:57:15.979  INFO  [nacos.publisher-com.alibaba.nacos.client.naming.event.InstancesChangeEvent] c.y.g.r.c.n.i.NacosRegisterCenter - Nacos event is {"groupName":"dev","instances":[{"metadata":{"meta":"{\"enable\":true,\"gray\":false,\"ip\":\"10.19.22.108\",\"port\":8201,\"registerTime\":1758272213738,\"serviceInstanceId\":\"10.19.22.108:8201\",\"uniqueId\":\"backend-http-server:1.0.0\",\"version\":\"1.0.0\",\"weight\":100}"},"ip":"10.19.22.108","instanceHeartBeatTimeOut":15000,"ephemeral":true,"weight":1.0,"serviceName":"dev@@backend-http-server","enabled":true,"ipDeleteTimeout":30000,"instanceHeartBeatInterval":5000,"instanceId":"10.19.22.108:8201","port":8201,"healthy":true,"clusterName":"DEFAULT"},{"metadata":{"meta":"{\"enable\":true,\"gray\":false,\"ip\":\"10.19.22.108\",\"port\":8202,\"registerTime\":1758272235350,\"serviceInstanceId\":\"10.19.22.108:8202\",\"uniqueId\":\"backend-http-server:1.0.0\",\"version\":\"1.0.0\",\"weight\":100}"},"ip":"10.19.22.108","instanceHeartBeatTimeOut":15000,"ephemeral":true,"weight":1.0,"serviceName":"dev@@backend-http-server","enabled":true,"ipDeleteTimeout":30000,"instanceHeartBeatInterval":5000,"instanceId":"10.19.22.108:8202","port":8202,"healthy":true,"clusterName":"DEFAULT"}],"serviceName":"backend-http-server","clusters":""}
2025-09-19 16:57:15.981  INFO  [nacos-grpc-client-executor-29] c.a.n.c.r.client - [051e2905-9fc0-4e0f-b972-bf311096a6e2] Ack server push request, request = NotifySubscriberRequest, requestId = 13
2025-09-19 16:57:15.983  INFO  [nacos.publisher-com.alibaba.nacos.client.naming.event.InstancesChangeEvent] c.y.g.c.BootStrap - refresh service and instance: backend-http-server:1.0.0 [{"gray":false,"port":8201,"registerTime":1758272213738,"enable":true,"ip":"10.19.22.108","serviceInstanceId":"10.19.22.108:8201","weight":100,"version":"1.0.0","uniqueId":"backend-http-server:1.0.0"},{"gray":false,"port":8202,"registerTime":1758272235350,"enable":true,"ip":"10.19.22.108","serviceInstanceId":"10.19.22.108:8202","weight":100,"version":"1.0.0","uniqueId":"backend-http-server:1.0.0"}]
2025-09-19 16:57:20.617  INFO  [doSubscribeAllServices.0] c.y.g.r.c.n.i.NacosRegisterCenter - service list size 3
2025-09-19 16:57:30.635  INFO  [doSubscribeAllServices.0] c.y.g.r.c.n.i.NacosRegisterCenter - service list size 3
2025-09-19 16:57:40.662  INFO  [doSubscribeAllServices.0] c.y.g.r.c.n.i.NacosRegisterCenter - service list size 3
2025-09-19 16:57:50.674  INFO  [doSubscribeAllServices.0] c.y.g.r.c.n.i.NacosRegisterCenter - service list size 3
2025-09-19 16:58:00.682  INFO  [doSubscribeAllServices.0] c.y.g.r.c.n.i.NacosRegisterCenter - service list size 3
2025-09-19 16:58:10.703  INFO  [doSubscribeAllServices.0] c.y.g.r.c.n.i.NacosRegisterCenter - service list size 3
2025-09-19 16:58:20.721  INFO  [doSubscribeAllServices.0] c.y.g.r.c.n.i.NacosRegisterCenter - service list size 3
2025-09-19 16:58:30.735  INFO  [doSubscribeAllServices.0] c.y.g.r.c.n.i.NacosRegisterCenter - service list size 3
2025-09-19 16:58:40.750  INFO  [doSubscribeAllServices.0] c.y.g.r.c.n.i.NacosRegisterCenter - service list size 3
2025-09-19 16:58:50.767  INFO  [doSubscribeAllServices.0] c.y.g.r.c.n.i.NacosRegisterCenter - service list size 3
2025-09-19 16:59:00.778  INFO  [doSubscribeAllServices.0] c.y.g.r.c.n.i.NacosRegisterCenter - service list size 3
2025-09-19 16:59:10.796  INFO  [doSubscribeAllServices.0] c.y.g.r.c.n.i.NacosRegisterCenter - service list size 3
2025-09-19 16:59:20.804  INFO  [doSubscribeAllServices.0] c.y.g.r.c.n.i.NacosRegisterCenter - service list size 3
2025-09-19 16:59:30.832  INFO  [doSubscribeAllServices.0] c.y.g.r.c.n.i.NacosRegisterCenter - service list size 3
2025-09-19 16:59:40.848  INFO  [doSubscribeAllServices.0] c.y.g.r.c.n.i.NacosRegisterCenter - service list size 3
2025-09-19 16:59:50.854  INFO  [doSubscribeAllServices.0] c.y.g.r.c.n.i.NacosRegisterCenter - service list size 3
2025-09-19 17:00:00.862  INFO  [doSubscribeAllServices.0] c.y.g.r.c.n.i.NacosRegisterCenter - service list size 3
2025-09-19 17:00:10.883  INFO  [doSubscribeAllServices.0] c.y.g.r.c.n.i.NacosRegisterCenter - service list size 3
2025-09-19 17:00:20.898  INFO  [doSubscribeAllServices.0] c.y.g.r.c.n.i.NacosRegisterCenter - service list size 3
2025-09-19 17:00:30.911  INFO  [doSubscribeAllServices.0] c.y.g.r.c.n.i.NacosRegisterCenter - service list size 3
2025-09-19 17:00:40.927  INFO  [doSubscribeAllServices.0] c.y.g.r.c.n.i.NacosRegisterCenter - service list size 3
2025-09-19 17:00:50.937  INFO  [doSubscribeAllServices.0] c.y.g.r.c.n.i.NacosRegisterCenter - service list size 3
2025-09-19 17:01:00.956  INFO  [doSubscribeAllServices.0] c.y.g.r.c.n.i.NacosRegisterCenter - service list size 3
2025-09-19 17:01:10.966  INFO  [doSubscribeAllServices.0] c.y.g.r.c.n.i.NacosRegisterCenter - service list size 3
2025-09-19 17:01:20.972  INFO  [doSubscribeAllServices.0] c.y.g.r.c.n.i.NacosRegisterCenter - service list size 3
2025-09-19 17:01:30.978  INFO  [doSubscribeAllServices.0] c.y.g.r.c.n.i.NacosRegisterCenter - service list size 3
2025-09-19 17:01:40.983  INFO  [doSubscribeAllServices.0] c.y.g.r.c.n.i.NacosRegisterCenter - service list size 3
2025-09-19 17:01:50.988  INFO  [doSubscribeAllServices.0] c.y.g.r.c.n.i.NacosRegisterCenter - service list size 3
2025-09-19 17:02:00.994  INFO  [doSubscribeAllServices.0] c.y.g.r.c.n.i.NacosRegisterCenter - service list size 3
2025-09-19 17:02:11.000  INFO  [doSubscribeAllServices.0] c.y.g.r.c.n.i.NacosRegisterCenter - service list size 3
2025-09-19 17:02:21.004  INFO  [doSubscribeAllServices.0] c.y.g.r.c.n.i.NacosRegisterCenter - service list size 3
2025-09-19 17:02:31.009  INFO  [doSubscribeAllServices.0] c.y.g.r.c.n.i.NacosRegisterCenter - service list size 3
2025-09-19 17:02:41.014  INFO  [doSubscribeAllServices.0] c.y.g.r.c.n.i.NacosRegisterCenter - service list size 3
2025-09-19 17:02:51.033  INFO  [doSubscribeAllServices.0] c.y.g.r.c.n.i.NacosRegisterCenter - service list size 3
2025-09-19 17:03:01.037  INFO  [doSubscribeAllServices.0] c.y.g.r.c.n.i.NacosRegisterCenter - service list size 3
2025-09-19 17:03:11.045  INFO  [doSubscribeAllServices.0] c.y.g.r.c.n.i.NacosRegisterCenter - service list size 3
2025-09-19 17:03:21.050  INFO  [doSubscribeAllServices.0] c.y.g.r.c.n.i.NacosRegisterCenter - service list size 3
2025-09-19 17:03:31.054  INFO  [doSubscribeAllServices.0] c.y.g.r.c.n.i.NacosRegisterCenter - service list size 3
2025-09-19 17:03:41.059  INFO  [doSubscribeAllServices.0] c.y.g.r.c.n.i.NacosRegisterCenter - service list size 3
2025-09-19 17:03:51.065  INFO  [doSubscribeAllServices.0] c.y.g.r.c.n.i.NacosRegisterCenter - service list size 3
2025-09-19 17:04:01.070  INFO  [doSubscribeAllServices.0] c.y.g.r.c.n.i.NacosRegisterCenter - service list size 3
2025-09-19 17:04:11.086  INFO  [doSubscribeAllServices.0] c.y.g.r.c.n.i.NacosRegisterCenter - service list size 3
2025-09-19 17:04:21.093  INFO  [doSubscribeAllServices.0] c.y.g.r.c.n.i.NacosRegisterCenter - service list size 3
2025-09-19 17:04:31.106  INFO  [doSubscribeAllServices.0] c.y.g.r.c.n.i.NacosRegisterCenter - service list size 3
2025-09-19 17:04:41.116  INFO  [doSubscribeAllServices.0] c.y.g.r.c.n.i.NacosRegisterCenter - service list size 3
2025-09-19 17:04:51.122  INFO  [doSubscribeAllServices.0] c.y.g.r.c.n.i.NacosRegisterCenter - service list size 3
2025-09-19 17:05:01.140  INFO  [doSubscribeAllServices.0] c.y.g.r.c.n.i.NacosRegisterCenter - service list size 3
2025-09-19 17:05:11.153  INFO  [doSubscribeAllServices.0] c.y.g.r.c.n.i.NacosRegisterCenter - service list size 3
2025-09-19 17:05:21.162  INFO  [doSubscribeAllServices.0] c.y.g.r.c.n.i.NacosRegisterCenter - service list size 3
2025-09-19 17:05:31.178  INFO  [doSubscribeAllServices.0] c.y.g.r.c.n.i.NacosRegisterCenter - service list size 3
2025-09-19 17:05:41.194  INFO  [doSubscribeAllServices.0] c.y.g.r.c.n.i.NacosRegisterCenter - service list size 3
2025-09-19 17:05:51.209  INFO  [doSubscribeAllServices.0] c.y.g.r.c.n.i.NacosRegisterCenter - service list size 3
2025-09-19 17:06:01.224  INFO  [doSubscribeAllServices.0] c.y.g.r.c.n.i.NacosRegisterCenter - service list size 3
2025-09-19 17:06:11.237  INFO  [doSubscribeAllServices.0] c.y.g.r.c.n.i.NacosRegisterCenter - service list size 3
2025-09-19 17:06:21.246  INFO  [doSubscribeAllServices.0] c.y.g.r.c.n.i.NacosRegisterCenter - service list size 3
2025-09-19 17:06:31.260  INFO  [doSubscribeAllServices.0] c.y.g.r.c.n.i.NacosRegisterCenter - service list size 3
2025-09-19 17:06:41.267  INFO  [doSubscribeAllServices.0] c.y.g.r.c.n.i.NacosRegisterCenter - service list size 3
2025-09-19 17:06:51.289  INFO  [doSubscribeAllServices.0] c.y.g.r.c.n.i.NacosRegisterCenter - service list size 3
2025-09-19 17:07:01.294  INFO  [doSubscribeAllServices.0] c.y.g.r.c.n.i.NacosRegisterCenter - service list size 3
2025-09-19 17:07:11.303  INFO  [doSubscribeAllServices.0] c.y.g.r.c.n.i.NacosRegisterCenter - service list size 3
2025-09-19 17:07:21.308  INFO  [doSubscribeAllServices.0] c.y.g.r.c.n.i.NacosRegisterCenter - service list size 3
2025-09-19 17:07:31.315  INFO  [doSubscribeAllServices.0] c.y.g.r.c.n.i.NacosRegisterCenter - service list size 3
2025-09-19 17:07:41.335  INFO  [doSubscribeAllServices.0] c.y.g.r.c.n.i.NacosRegisterCenter - service list size 3
2025-09-19 17:07:51.374  INFO  [doSubscribeAllServices.0] c.y.g.r.c.n.i.NacosRegisterCenter - service list size 3
2025-09-19 17:08:01.396  INFO  [doSubscribeAllServices.0] c.y.g.r.c.n.i.NacosRegisterCenter - service list size 3
2025-09-19 17:08:11.415  INFO  [doSubscribeAllServices.0] c.y.g.r.c.n.i.NacosRegisterCenter - service list size 3
2025-09-19 17:08:21.432  INFO  [doSubscribeAllServices.0] c.y.g.r.c.n.i.NacosRegisterCenter - service list size 3
2025-09-19 17:08:31.451  INFO  [doSubscribeAllServices.0] c.y.g.r.c.n.i.NacosRegisterCenter - service list size 3
2025-09-19 17:08:41.466  INFO  [doSubscribeAllServices.0] c.y.g.r.c.n.i.NacosRegisterCenter - service list size 3
2025-09-19 17:08:51.492  INFO  [doSubscribeAllServices.0] c.y.g.r.c.n.i.NacosRegisterCenter - service list size 3
2025-09-19 17:09:01.496  INFO  [doSubscribeAllServices.0] c.y.g.r.c.n.i.NacosRegisterCenter - service list size 3
2025-09-19 17:09:11.501  INFO  [doSubscribeAllServices.0] c.y.g.r.c.n.i.NacosRegisterCenter - service list size 3
2025-09-19 17:09:21.504  INFO  [doSubscribeAllServices.0] c.y.g.r.c.n.i.NacosRegisterCenter - service list size 3
2025-09-19 17:09:31.509  INFO  [doSubscribeAllServices.0] c.y.g.r.c.n.i.NacosRegisterCenter - service list size 3
2025-09-19 17:09:41.512  INFO  [doSubscribeAllServices.0] c.y.g.r.c.n.i.NacosRegisterCenter - service list size 3
2025-09-19 17:09:51.530  INFO  [doSubscribeAllServices.0] c.y.g.r.c.n.i.NacosRegisterCenter - service list size 3
2025-09-19 17:10:01.534  INFO  [doSubscribeAllServices.0] c.y.g.r.c.n.i.NacosRegisterCenter - service list size 3
2025-09-19 17:10:01.895  ERROR [ParallelQueueHandlergateway-queue--pool-0] c.y.g.c.n.p.NettyCoreProcessor - 处理未知错误
java.lang.IllegalArgumentException: Missing required header: uniqueId
	at com.yu.gateway.core.helper.RequestHelper.doRequest(RequestHelper.java:60)
	at com.yu.gateway.core.helper.RequestHelper.doContext(RequestHelper.java:32)
	at com.yu.gateway.core.netty.processor.NettyCoreProcessor.process(NettyCoreProcessor.java:44)
	at com.yu.gateway.core.netty.processor.DisruptorNettyCoreProcessor$BatchEventListenerProcessor.onEvent(DisruptorNettyCoreProcessor.java:85)
	at com.yu.gateway.core.netty.processor.DisruptorNettyCoreProcessor$BatchEventListenerProcessor.onEvent(DisruptorNettyCoreProcessor.java:81)
	at com.yu.gateway.core.disruptor.ParallelQueueHandler$HolderWorkHandler.onEvent(ParallelQueueHandler.java:202)
	at com.yu.gateway.core.disruptor.ParallelQueueHandler$HolderWorkHandler.onEvent(ParallelQueueHandler.java:199)
	at com.lmax.disruptor.WorkProcessor.run(WorkProcessor.java:143)
	at java.base/java.util.concurrent.ThreadPoolExecutor.runWorker(ThreadPoolExecutor.java:1144)
	at java.base/java.util.concurrent.ThreadPoolExecutor$Worker.run(ThreadPoolExecutor.java:642)
	at java.base/java.lang.Thread.run(Thread.java:1589)
2025-09-19 17:10:02.054  ERROR [ParallelQueueHandlergateway-queue--pool-4] c.y.g.c.n.p.NettyCoreProcessor - 处理未知错误
java.lang.IllegalArgumentException: Missing required header: uniqueId
	at com.yu.gateway.core.helper.RequestHelper.doRequest(RequestHelper.java:60)
	at com.yu.gateway.core.helper.RequestHelper.doContext(RequestHelper.java:32)
	at com.yu.gateway.core.netty.processor.NettyCoreProcessor.process(NettyCoreProcessor.java:44)
	at com.yu.gateway.core.netty.processor.DisruptorNettyCoreProcessor$BatchEventListenerProcessor.onEvent(DisruptorNettyCoreProcessor.java:85)
	at com.yu.gateway.core.netty.processor.DisruptorNettyCoreProcessor$BatchEventListenerProcessor.onEvent(DisruptorNettyCoreProcessor.java:81)
	at com.yu.gateway.core.disruptor.ParallelQueueHandler$HolderWorkHandler.onEvent(ParallelQueueHandler.java:202)
	at com.yu.gateway.core.disruptor.ParallelQueueHandler$HolderWorkHandler.onEvent(ParallelQueueHandler.java:199)
	at com.lmax.disruptor.WorkProcessor.run(WorkProcessor.java:143)
	at java.base/java.util.concurrent.ThreadPoolExecutor.runWorker(ThreadPoolExecutor.java:1144)
	at java.base/java.util.concurrent.ThreadPoolExecutor$Worker.run(ThreadPoolExecutor.java:642)
	at java.base/java.lang.Thread.run(Thread.java:1589)
2025-09-19 17:10:11.547  INFO  [doSubscribeAllServices.0] c.y.g.r.c.n.i.NacosRegisterCenter - service list size 3
2025-09-19 17:10:21.567  INFO  [doSubscribeAllServices.0] c.y.g.r.c.n.i.NacosRegisterCenter - service list size 3
2025-09-19 17:10:31.570  INFO  [doSubscribeAllServices.0] c.y.g.r.c.n.i.NacosRegisterCenter - service list size 3
2025-09-19 17:10:41.574  INFO  [doSubscribeAllServices.0] c.y.g.r.c.n.i.NacosRegisterCenter - service list size 3
2025-09-19 17:10:51.579  INFO  [doSubscribeAllServices.0] c.y.g.r.c.n.i.NacosRegisterCenter - service list size 3
2025-09-19 17:11:01.594  INFO  [doSubscribeAllServices.0] c.y.g.r.c.n.i.NacosRegisterCenter - service list size 3
2025-09-19 17:11:11.602  INFO  [doSubscribeAllServices.0] c.y.g.r.c.n.i.NacosRegisterCenter - service list size 3
2025-09-19 17:11:21.621  INFO  [doSubscribeAllServices.0] c.y.g.r.c.n.i.NacosRegisterCenter - service list size 3
2025-09-19 17:11:31.630  INFO  [doSubscribeAllServices.0] c.y.g.r.c.n.i.NacosRegisterCenter - service list size 3
2025-09-19 17:11:41.637  INFO  [doSubscribeAllServices.0] c.y.g.r.c.n.i.NacosRegisterCenter - service list size 3
2025-09-19 17:11:51.642  INFO  [doSubscribeAllServices.0] c.y.g.r.c.n.i.NacosRegisterCenter - service list size 3
2025-09-19 17:12:01.647  INFO  [doSubscribeAllServices.0] c.y.g.r.c.n.i.NacosRegisterCenter - service list size 3
2025-09-19 17:12:11.651  INFO  [doSubscribeAllServices.0] c.y.g.r.c.n.i.NacosRegisterCenter - service list size 3
2025-09-19 17:12:21.655  INFO  [doSubscribeAllServices.0] c.y.g.r.c.n.i.NacosRegisterCenter - service list size 3
2025-09-19 17:12:31.659  INFO  [doSubscribeAllServices.0] c.y.g.r.c.n.i.NacosRegisterCenter - service list size 3
2025-09-19 17:12:41.663  INFO  [doSubscribeAllServices.0] c.y.g.r.c.n.i.NacosRegisterCenter - service list size 3
2025-09-19 17:12:51.667  INFO  [doSubscribeAllServices.0] c.y.g.r.c.n.i.NacosRegisterCenter - service list size 3
2025-09-19 17:13:01.670  INFO  [doSubscribeAllServices.0] c.y.g.r.c.n.i.NacosRegisterCenter - service list size 3
2025-09-19 17:13:11.673  INFO  [doSubscribeAllServices.0] c.y.g.r.c.n.i.NacosRegisterCenter - service list size 3
2025-09-19 17:13:21.679  INFO  [doSubscribeAllServices.0] c.y.g.r.c.n.i.NacosRegisterCenter - service list size 3
2025-09-19 17:13:31.682  INFO  [doSubscribeAllServices.0] c.y.g.r.c.n.i.NacosRegisterCenter - service list size 3
2025-09-19 17:13:41.694  INFO  [doSubscribeAllServices.0] c.y.g.r.c.n.i.NacosRegisterCenter - service list size 3
2025-09-19 17:13:51.697  INFO  [doSubscribeAllServices.0] c.y.g.r.c.n.i.NacosRegisterCenter - service list size 3
2025-09-19 17:14:01.711  INFO  [doSubscribeAllServices.0] c.y.g.r.c.n.i.NacosRegisterCenter - service list size 3
2025-09-19 17:14:11.723  INFO  [doSubscribeAllServices.0] c.y.g.r.c.n.i.NacosRegisterCenter - service list size 3
2025-09-19 17:14:21.734  INFO  [doSubscribeAllServices.0] c.y.g.r.c.n.i.NacosRegisterCenter - service list size 3
2025-09-19 17:14:31.737  INFO  [doSubscribeAllServices.0] c.y.g.r.c.n.i.NacosRegisterCenter - service list size 3
2025-09-19 17:14:38.678  ERROR [ParallelQueueHandlergateway-queue--pool-3] c.y.g.c.n.p.NettyCoreProcessor - 处理未知错误
java.lang.NullPointerException: Cannot invoke "com.yu.gateway.common.config.ServiceDefinition.getServiceId()" because "definition" is null
	at com.yu.gateway.core.helper.RequestHelper.doContext(RequestHelper.java:43)
	at com.yu.gateway.core.netty.processor.NettyCoreProcessor.process(NettyCoreProcessor.java:44)
	at com.yu.gateway.core.netty.processor.DisruptorNettyCoreProcessor$BatchEventListenerProcessor.onEvent(DisruptorNettyCoreProcessor.java:85)
	at com.yu.gateway.core.netty.processor.DisruptorNettyCoreProcessor$BatchEventListenerProcessor.onEvent(DisruptorNettyCoreProcessor.java:81)
	at com.yu.gateway.core.disruptor.ParallelQueueHandler$HolderWorkHandler.onEvent(ParallelQueueHandler.java:202)
	at com.yu.gateway.core.disruptor.ParallelQueueHandler$HolderWorkHandler.onEvent(ParallelQueueHandler.java:199)
	at com.lmax.disruptor.WorkProcessor.run(WorkProcessor.java:143)
	at java.base/java.util.concurrent.ThreadPoolExecutor.runWorker(ThreadPoolExecutor.java:1144)
	at java.base/java.util.concurrent.ThreadPoolExecutor$Worker.run(ThreadPoolExecutor.java:642)
	at java.base/java.lang.Thread.run(Thread.java:1589)
2025-09-19 17:14:41.741  INFO  [doSubscribeAllServices.0] c.y.g.r.c.n.i.NacosRegisterCenter - service list size 3
2025-09-19 17:14:51.745  INFO  [doSubscribeAllServices.0] c.y.g.r.c.n.i.NacosRegisterCenter - service list size 3
2025-09-19 17:15:01.752  INFO  [doSubscribeAllServices.0] c.y.g.r.c.n.i.NacosRegisterCenter - service list size 3
2025-09-19 17:15:11.770  INFO  [doSubscribeAllServices.0] c.y.g.r.c.n.i.NacosRegisterCenter - service list size 3
2025-09-19 17:15:21.776  INFO  [doSubscribeAllServices.0] c.y.g.r.c.n.i.NacosRegisterCenter - service list size 3
2025-09-19 17:15:31.781  INFO  [doSubscribeAllServices.0] c.y.g.r.c.n.i.NacosRegisterCenter - service list size 3
2025-09-19 17:15:41.795  INFO  [doSubscribeAllServices.0] c.y.g.r.c.n.i.NacosRegisterCenter - service list size 3
2025-09-19 17:15:51.799  INFO  [doSubscribeAllServices.0] c.y.g.r.c.n.i.NacosRegisterCenter - service list size 3
2025-09-19 17:15:54.310  INFO  [nacos-grpc-client-executor-421] c.a.n.c.r.client - [051e2905-9fc0-4e0f-b972-bf311096a6e2] Receive server push request, request = NotifySubscriberRequest, requestId = 14
2025-09-19 17:15:54.311  INFO  [nacos.publisher-com.alibaba.nacos.client.naming.event.InstancesChangeEvent] c.y.g.r.c.n.i.NacosRegisterCenter - Nacos event is {"groupName":"dev","instances":[{"metadata":{"meta":"{\"enable\":true,\"gray\":false,\"ip\":\"10.19.22.108\",\"port\":8201,\"registerTime\":1758272213738,\"serviceInstanceId\":\"10.19.22.108:8201\",\"uniqueId\":\"backend-http-server:1.0.0\",\"version\":\"1.0.0\",\"weight\":100}"},"ip":"10.19.22.108","instanceHeartBeatTimeOut":15000,"ephemeral":true,"weight":1.0,"serviceName":"dev@@backend-http-server","enabled":true,"ipDeleteTimeout":30000,"instanceHeartBeatInterval":5000,"instanceId":"10.19.22.108:8201","port":8201,"healthy":true,"clusterName":"DEFAULT"}],"serviceName":"backend-http-server","clusters":""}
2025-09-19 17:15:54.312  INFO  [nacos-grpc-client-executor-421] c.a.n.c.r.client - [051e2905-9fc0-4e0f-b972-bf311096a6e2] Ack server push request, request = NotifySubscriberRequest, requestId = 14
2025-09-19 17:15:54.315  INFO  [nacos.publisher-com.alibaba.nacos.client.naming.event.InstancesChangeEvent] c.y.g.c.BootStrap - refresh service and instance: backend-http-server:1.0.0 [{"gray":false,"port":8201,"registerTime":1758272213738,"enable":true,"ip":"10.19.22.108","serviceInstanceId":"10.19.22.108:8201","weight":100,"version":"1.0.0","uniqueId":"backend-http-server:1.0.0"}]
2025-09-19 17:15:55.639  INFO  [nacos-grpc-client-executor-422] c.a.n.c.r.client - [051e2905-9fc0-4e0f-b972-bf311096a6e2] Receive server push request, request = NotifySubscriberRequest, requestId = 15
2025-09-19 17:15:55.640  INFO  [nacos.publisher-com.alibaba.nacos.client.naming.event.InstancesChangeEvent] c.y.g.r.c.n.i.NacosRegisterCenter - Nacos event is {"groupName":"dev","instances":[],"serviceName":"backend-http-server","clusters":""}
2025-09-19 17:15:55.640  INFO  [nacos-grpc-client-executor-422] c.a.n.c.r.client - [051e2905-9fc0-4e0f-b972-bf311096a6e2] Ack server push request, request = NotifySubscriberRequest, requestId = 15
2025-09-19 17:15:55.642  INFO  [nacos-grpc-client-executor-423] c.a.n.c.r.client - [051e2905-9fc0-4e0f-b972-bf311096a6e2] Receive server push request, request = NotifySubscriberRequest, requestId = 16
2025-09-19 17:15:55.642  INFO  [nacos.publisher-com.alibaba.nacos.client.naming.event.InstancesChangeEvent] c.y.g.c.BootStrap - refresh service and instance: backend-http-server:1.0.0 []
2025-09-19 17:15:55.645  INFO  [nacos.publisher-com.alibaba.nacos.client.naming.event.InstancesChangeEvent] c.y.g.r.c.n.i.NacosRegisterCenter - Nacos event is {"groupName":"dev","instances":[],"serviceName":"backend-user-server","clusters":""}
2025-09-19 17:15:55.646  INFO  [nacos-grpc-client-executor-423] c.a.n.c.r.client - [051e2905-9fc0-4e0f-b972-bf311096a6e2] Ack server push request, request = NotifySubscriberRequest, requestId = 16
2025-09-19 17:15:55.648  INFO  [nacos.publisher-com.alibaba.nacos.client.naming.event.InstancesChangeEvent] c.y.g.c.BootStrap - refresh service and instance: backend-user-server:1.0.0 []
2025-09-19 17:16:01.803  INFO  [doSubscribeAllServices.0] c.y.g.r.c.n.i.NacosRegisterCenter - service list size 3
2025-09-19 17:16:11.290  INFO  [nacos-grpc-client-executor-431] c.a.n.c.r.client - [051e2905-9fc0-4e0f-b972-bf311096a6e2] Receive server push request, request = NotifySubscriberRequest, requestId = 17
2025-09-19 17:16:11.290  INFO  [nacos.publisher-com.alibaba.nacos.client.naming.event.InstancesChangeEvent] c.y.g.r.c.n.i.NacosRegisterCenter - Nacos event is {"groupName":"dev","instances":[{"metadata":{"meta":"{\"enable\":true,\"gray\":false,\"ip\":\"10.19.22.108\",\"port\":8201,\"registerTime\":1758273371221,\"serviceInstanceId\":\"10.19.22.108:8201\",\"uniqueId\":\"backend-http-server:1.0.0\",\"version\":\"1.0.0\",\"weight\":100}"},"ip":"10.19.22.108","instanceHeartBeatTimeOut":15000,"ephemeral":true,"weight":1.0,"serviceName":"dev@@backend-http-server","enabled":true,"ipDeleteTimeout":30000,"instanceHeartBeatInterval":5000,"instanceId":"10.19.22.108:8201","port":8201,"healthy":true,"clusterName":"DEFAULT"}],"serviceName":"backend-http-server","clusters":""}
2025-09-19 17:16:11.291  INFO  [nacos-grpc-client-executor-431] c.a.n.c.r.client - [051e2905-9fc0-4e0f-b972-bf311096a6e2] Ack server push request, request = NotifySubscriberRequest, requestId = 17
2025-09-19 17:16:11.293  INFO  [nacos.publisher-com.alibaba.nacos.client.naming.event.InstancesChangeEvent] c.y.g.c.BootStrap - refresh service and instance: backend-http-server:1.0.0 [{"gray":false,"port":8201,"registerTime":1758273371221,"enable":true,"ip":"10.19.22.108","serviceInstanceId":"10.19.22.108:8201","weight":100,"version":"1.0.0","uniqueId":"backend-http-server:1.0.0"}]
2025-09-19 17:16:11.615  INFO  [nacos-grpc-client-executor-432] c.a.n.c.r.client - [051e2905-9fc0-4e0f-b972-bf311096a6e2] Receive server push request, request = NotifySubscriberRequest, requestId = 18
2025-09-19 17:16:11.616  INFO  [nacos.publisher-com.alibaba.nacos.client.naming.event.InstancesChangeEvent] c.y.g.r.c.n.i.NacosRegisterCenter - Nacos event is {"groupName":"dev","instances":[{"metadata":{"meta":"{\"enable\":true,\"gray\":false,\"ip\":\"10.19.22.108\",\"port\":8201,\"registerTime\":1758273371119,\"serviceInstanceId\":\"10.19.22.108:8201\",\"uniqueId\":\"backend-user-server:1.0.0\",\"version\":\"1.0.0\",\"weight\":100}"},"ip":"10.19.22.108","instanceHeartBeatTimeOut":15000,"ephemeral":true,"weight":1.0,"serviceName":"dev@@backend-user-server","enabled":true,"ipDeleteTimeout":30000,"instanceHeartBeatInterval":5000,"instanceId":"10.19.22.108:8201","port":8201,"healthy":true,"clusterName":"DEFAULT"}],"serviceName":"backend-user-server","clusters":""}
2025-09-19 17:16:11.616  INFO  [nacos-grpc-client-executor-432] c.a.n.c.r.client - [051e2905-9fc0-4e0f-b972-bf311096a6e2] Ack server push request, request = NotifySubscriberRequest, requestId = 18
2025-09-19 17:16:11.619  INFO  [nacos.publisher-com.alibaba.nacos.client.naming.event.InstancesChangeEvent] c.y.g.c.BootStrap - refresh service and instance: backend-user-server:1.0.0 [{"gray":false,"port":8201,"registerTime":1758273371119,"enable":true,"ip":"10.19.22.108","serviceInstanceId":"10.19.22.108:8201","weight":100,"version":"1.0.0","uniqueId":"backend-user-server:1.0.0"}]
2025-09-19 17:16:11.806  INFO  [doSubscribeAllServices.0] c.y.g.r.c.n.i.NacosRegisterCenter - service list size 3
2025-09-19 17:16:11.834  INFO  [nacos-grpc-client-executor-435] c.a.n.c.r.client - [051e2905-9fc0-4e0f-b972-bf311096a6e2] Receive server push request, request = NotifySubscriberRequest, requestId = 19
2025-09-19 17:16:11.834  INFO  [nacos.publisher-com.alibaba.nacos.client.naming.event.InstancesChangeEvent] c.y.g.r.c.n.i.NacosRegisterCenter - Nacos event is {"groupName":"dev","instances":[{"metadata":{"meta":"{\"enable\":true,\"gray\":false,\"ip\":\"10.19.22.108\",\"port\":8201,\"registerTime\":1758273371427,\"serviceInstanceId\":\"10.19.22.108:8201\",\"uniqueId\":\"backend-http-server:1.0.0\",\"version\":\"1.0.0\",\"weight\":100}"},"ip":"10.19.22.108","instanceHeartBeatTimeOut":15000,"ephemeral":true,"weight":1.0,"serviceName":"dev@@backend-http-server","enabled":true,"ipDeleteTimeout":30000,"instanceHeartBeatInterval":5000,"instanceId":"10.19.22.108:8201","port":8201,"healthy":true,"clusterName":"DEFAULT"}],"serviceName":"backend-http-server","clusters":""}
2025-09-19 17:16:11.836  INFO  [nacos-grpc-client-executor-435] c.a.n.c.r.client - [051e2905-9fc0-4e0f-b972-bf311096a6e2] Ack server push request, request = NotifySubscriberRequest, requestId = 19
2025-09-19 17:16:11.837  INFO  [nacos.publisher-com.alibaba.nacos.client.naming.event.InstancesChangeEvent] c.y.g.c.BootStrap - refresh service and instance: backend-http-server:1.0.0 [{"gray":false,"port":8201,"registerTime":1758273371427,"enable":true,"ip":"10.19.22.108","serviceInstanceId":"10.19.22.108:8201","weight":100,"version":"1.0.0","uniqueId":"backend-http-server:1.0.0"}]
2025-09-19 17:16:21.817  INFO  [doSubscribeAllServices.0] c.y.g.r.c.n.i.NacosRegisterCenter - service list size 3
2025-09-19 17:16:31.829  INFO  [doSubscribeAllServices.0] c.y.g.r.c.n.i.NacosRegisterCenter - service list size 3
2025-09-19 17:16:41.877  INFO  [doSubscribeAllServices.0] c.y.g.r.c.n.i.NacosRegisterCenter - service list size 3
2025-09-19 17:16:51.887  INFO  [doSubscribeAllServices.0] c.y.g.r.c.n.i.NacosRegisterCenter - service list size 3
2025-09-19 17:17:01.893  INFO  [doSubscribeAllServices.0] c.y.g.r.c.n.i.NacosRegisterCenter - service list size 3
2025-09-19 17:17:11.899  INFO  [doSubscribeAllServices.0] c.y.g.r.c.n.i.NacosRegisterCenter - service list size 3
2025-09-19 17:17:21.902  INFO  [doSubscribeAllServices.0] c.y.g.r.c.n.i.NacosRegisterCenter - service list size 3
2025-09-19 17:17:31.916  INFO  [doSubscribeAllServices.0] c.y.g.r.c.n.i.NacosRegisterCenter - service list size 3
2025-09-19 17:17:41.921  INFO  [doSubscribeAllServices.0] c.y.g.r.c.n.i.NacosRegisterCenter - service list size 3
2025-09-19 17:17:51.927  INFO  [doSubscribeAllServices.0] c.y.g.r.c.n.i.NacosRegisterCenter - service list size 3
2025-09-19 17:18:01.940  INFO  [doSubscribeAllServices.0] c.y.g.r.c.n.i.NacosRegisterCenter - service list size 3
2025-09-19 17:18:11.955  INFO  [doSubscribeAllServices.0] c.y.g.r.c.n.i.NacosRegisterCenter - service list size 3
2025-09-19 17:18:21.236  WARN  [Thread-3] c.a.n.c.n.NotifyCenter - [NotifyCenter] Start destroying Publisher
2025-09-19 17:18:21.236  WARN  [Thread-0] c.a.n.c.h.HttpClientBeanHolder - [HttpClientBeanHolder] Start destroying common HttpClient
2025-09-19 17:18:21.236  WARN  [Thread-3] c.a.n.c.n.NotifyCenter - [NotifyCenter] Destruction of the end
2025-09-19 17:18:21.237  WARN  [Thread-0] c.a.n.c.h.HttpClientBeanHolder - [HttpClientBeanHolder] Destruction of the end
2025-09-19 17:18:25.785  INFO  [main] c.a.n.c.r.client - [RpcClientFactory] create a new rpc client of b671174f-2f14-4533-ba39-3f1aa6e2a107_config-0
2025-09-19 17:18:25.830  INFO  [main] o.r.Reflections - Reflections took 20 ms to scan 1 urls, producing 3 keys and 6 values 
2025-09-19 17:18:25.866  INFO  [main] o.r.Reflections - Reflections took 6 ms to scan 1 urls, producing 4 keys and 9 values 
2025-09-19 17:18:25.874  INFO  [main] o.r.Reflections - Reflections took 6 ms to scan 1 urls, producing 3 keys and 10 values 
2025-09-19 17:18:25.877  WARN  [main] o.r.Reflections - given scan urls are empty. set urls in the configuration
2025-09-19 17:18:25.886  INFO  [main] o.r.Reflections - Reflections took 8 ms to scan 1 urls, producing 1 keys and 5 values 
2025-09-19 17:18:25.893  INFO  [main] o.r.Reflections - Reflections took 4 ms to scan 1 urls, producing 1 keys and 7 values 
2025-09-19 17:18:25.900  INFO  [main] o.r.Reflections - Reflections took 4 ms to scan 1 urls, producing 2 keys and 8 values 
2025-09-19 17:18:25.904  WARN  [main] o.r.Reflections - given scan urls are empty. set urls in the configuration
2025-09-19 17:18:25.906  INFO  [main] c.a.n.c.r.client - [b671174f-2f14-4533-ba39-3f1aa6e2a107_config-0] RpcClient init label, labels = {module=config, Vipserver-Tag=null, source=sdk, Amory-Tag=null, Location-Tag=null, taskId=0, AppName=unknown}
2025-09-19 17:18:25.907  INFO  [main] c.a.n.c.r.client - [b671174f-2f14-4533-ba39-3f1aa6e2a107_config-0] Register server push request handler:com.alibaba.nacos.client.config.impl.ClientWorker$ConfigRpcTransportClient$$Lambda$70/0x0000000801109b38
2025-09-19 17:18:25.907  INFO  [main] c.a.n.c.r.client - [b671174f-2f14-4533-ba39-3f1aa6e2a107_config-0] Register server push request handler:com.alibaba.nacos.client.config.impl.ClientWorker$ConfigRpcTransportClient$$Lambda$71/0x0000000801109d48
2025-09-19 17:18:25.909  INFO  [main] c.a.n.c.r.client - [b671174f-2f14-4533-ba39-3f1aa6e2a107_config-0] Registry connection listener to current client:com.alibaba.nacos.client.config.impl.ClientWorker$ConfigRpcTransportClient$1
2025-09-19 17:18:25.910  INFO  [main] c.a.n.c.r.client - [b671174f-2f14-4533-ba39-3f1aa6e2a107_config-0] RpcClient init, ServerListFactory = com.alibaba.nacos.client.config.impl.ClientWorker$ConfigRpcTransportClient$2
2025-09-19 17:18:25.917  INFO  [main] c.a.n.c.r.client - [b671174f-2f14-4533-ba39-3f1aa6e2a107_config-0] Try to connect to server on start up, server: {serverIp = '127.0.0.1', server main port = 8848}
2025-09-19 17:18:26.748  INFO  [main] c.a.n.c.r.client - [b671174f-2f14-4533-ba39-3f1aa6e2a107_config-0] Success to connect to server [127.0.0.1:8848] on start up, connectionId = 1758273506575_127.0.0.1_59706
2025-09-19 17:18:26.749  INFO  [com.alibaba.nacos.client.remote.worker] c.a.n.c.r.client - [b671174f-2f14-4533-ba39-3f1aa6e2a107_config-0] Notify connected event to listeners.
2025-09-19 17:18:26.749  INFO  [main] c.a.n.c.r.client - [b671174f-2f14-4533-ba39-3f1aa6e2a107_config-0] Register server push request handler:com.alibaba.nacos.common.remote.client.RpcClient$ConnectResetRequestHandler
2025-09-19 17:18:26.750  INFO  [main] c.a.n.c.r.client - [b671174f-2f14-4533-ba39-3f1aa6e2a107_config-0] Register server push request handler:com.alibaba.nacos.common.remote.client.RpcClient$$Lambda$109/0x00000008012ae868
2025-09-19 17:18:26.785  INFO  [main] c.y.g.c.c.n.i.NacosConfigCenter - Rules-Config From Nacos: null
2025-09-19 17:18:26.818  WARN  [main] c.y.g.c.c.n.i.NacosConfigCenter - Failed to parse config JSON from Nacos, result is null
2025-09-19 17:18:26.848  INFO  [main] c.y.g.c.f.GatewayFilterChainFactory - load filter success:class com.yu.gateway.core.filter.auth.AuthFilter,auth_filter,auth_filter,1
2025-09-19 17:18:26.851  INFO  [main] c.y.g.c.f.GatewayFilterChainFactory - load filter success:class com.yu.gateway.core.filter.loadBalance.LoadBalanceFilter,load_balance_filter,load_balance_filter,100
2025-09-19 17:18:26.852  INFO  [main] c.y.g.c.f.GatewayFilterChainFactory - load filter success:class com.yu.gateway.core.filter.router.RouterFilter,router_filter,router_filter,2147483647
2025-09-19 17:18:26.852  INFO  [main] c.y.g.c.f.GatewayFilterChainFactory - load filter success:class com.yu.gateway.core.filter.gray.GrayFilter,gray_filter,gray_filter,4
2025-09-19 17:18:26.853  INFO  [main] c.y.g.c.f.GatewayFilterChainFactory - load filter success:class com.yu.gateway.core.filter.flow.FlowControlFilter,flow_ctl_filter,flow_ctl_filter,50
2025-09-19 17:18:27.152  WARN  [main] i.n.b.ServerBootstrap - Unknown channel option 'SO_KEEPALIVE' for channel '[id: 0x6fa30193]'
2025-09-19 17:18:27.159  INFO  [main] c.y.g.c.n.NettyHttpServer - server startup on port 8888
2025-09-19 17:18:27.160  INFO  [main] c.y.g.c.Container - api gateway starting!
2025-09-19 17:18:27.175  INFO  [main] c.a.n.c.r.client - [RpcClientFactory] create a new rpc client of a15141f8-2157-4cc1-9da8-883e39f42500
2025-09-19 17:18:27.175  INFO  [main] c.a.n.c.r.client - [a15141f8-2157-4cc1-9da8-883e39f42500] RpcClient init label, labels = {module=naming, source=sdk}
2025-09-19 17:18:27.176  INFO  [main] c.a.n.c.r.client - [a15141f8-2157-4cc1-9da8-883e39f42500] RpcClient init, ServerListFactory = com.alibaba.nacos.client.naming.core.ServerListManager
2025-09-19 17:18:27.176  INFO  [main] c.a.n.c.r.client - [a15141f8-2157-4cc1-9da8-883e39f42500] Registry connection listener to current client:com.alibaba.nacos.client.naming.remote.gprc.redo.NamingGrpcRedoService
2025-09-19 17:18:27.176  INFO  [main] c.a.n.c.r.client - [a15141f8-2157-4cc1-9da8-883e39f42500] Register server push request handler:com.alibaba.nacos.client.naming.remote.gprc.NamingPushRequestHandler
2025-09-19 17:18:27.176  INFO  [main] c.a.n.c.r.client - [a15141f8-2157-4cc1-9da8-883e39f42500] Try to connect to server on start up, server: {serverIp = '127.0.0.1', server main port = 8848}
2025-09-19 17:18:27.293  INFO  [main] c.a.n.c.r.client - [a15141f8-2157-4cc1-9da8-883e39f42500] Success to connect to server [127.0.0.1:8848] on start up, connectionId = 1758273507185_127.0.0.1_53994
2025-09-19 17:18:27.293  INFO  [main] c.a.n.c.r.client - [a15141f8-2157-4cc1-9da8-883e39f42500] Register server push request handler:com.alibaba.nacos.common.remote.client.RpcClient$ConnectResetRequestHandler
2025-09-19 17:18:27.293  INFO  [com.alibaba.nacos.client.remote.worker] c.a.n.c.r.client - [a15141f8-2157-4cc1-9da8-883e39f42500] Notify connected event to listeners.
2025-09-19 17:18:27.293  INFO  [main] c.a.n.c.r.client - [a15141f8-2157-4cc1-9da8-883e39f42500] Register server push request handler:com.alibaba.nacos.common.remote.client.RpcClient$$Lambda$109/0x00000008012ae868
2025-09-19 17:18:27.489  INFO  [main] c.y.g.r.c.n.i.NacosRegisterCenter - register com.yu.gateway.common.config.ServiceDefinition@5229e9b0 com.yu.gateway.common.config.ServiceInstance@39449bd7
2025-09-19 17:18:27.496  INFO  [main] c.y.g.r.c.n.i.NacosRegisterCenter - service list size 3
2025-09-19 17:18:27.500  INFO  [main] c.y.g.r.c.n.i.NacosRegisterCenter - Nacos event is {"serviceName":"backend-user-server"}
2025-09-19 17:18:27.533  INFO  [main] c.y.g.c.BootStrap - refresh service and instance: backend-user-server:1.0.0 []
2025-09-19 17:18:27.534  INFO  [main] c.y.g.c.c.DynamicConfigManager - putServiceDefinition backend-user-server:1.0.0 -> com.yu.gateway.common.config.ServiceDefinition@d1296ba6
2025-09-19 17:18:27.535  INFO  [main] c.y.g.r.c.n.i.NacosRegisterCenter - subscribe a service, serviceName backend-user-server envdev
2025-09-19 17:18:27.535  INFO  [main] c.y.g.r.c.n.i.NacosRegisterCenter - Nacos event is {"serviceName":"backend-http-server"}
2025-09-19 17:18:27.541  INFO  [main] c.y.g.c.BootStrap - refresh service and instance: backend-http-server:1.0.0 []
2025-09-19 17:18:27.541  INFO  [main] c.y.g.c.c.DynamicConfigManager - putServiceDefinition backend-http-server:1.0.0 -> com.yu.gateway.common.config.ServiceDefinition@1a3aaa09
2025-09-19 17:18:27.541  INFO  [main] c.y.g.r.c.n.i.NacosRegisterCenter - subscribe a service, serviceName backend-http-server envdev
2025-09-19 17:18:27.541  INFO  [main] c.y.g.r.c.n.i.NacosRegisterCenter - Nacos event is {"serviceName":"api-gateway"}
2025-09-19 17:18:27.546  INFO  [main] c.y.g.c.BootStrap - refresh service and instance: api-gateway []
2025-09-19 17:18:27.547  INFO  [main] c.y.g.c.c.DynamicConfigManager - putServiceDefinition api-gateway -> com.yu.gateway.common.config.ServiceDefinition@5229e9b0
2025-09-19 17:18:27.547  INFO  [main] c.y.g.r.c.n.i.NacosRegisterCenter - subscribe a service, serviceName api-gateway envdev
2025-09-19 17:18:28.026  INFO  [nacos-grpc-client-executor-13] c.a.n.c.r.client - [a15141f8-2157-4cc1-9da8-883e39f42500] Receive server push request, request = NotifySubscriberRequest, requestId = 20
2025-09-19 17:18:28.029  INFO  [nacos-grpc-client-executor-13] c.a.n.c.r.client - [a15141f8-2157-4cc1-9da8-883e39f42500] Ack server push request, request = NotifySubscriberRequest, requestId = 20
2025-09-19 17:18:28.033  INFO  [nacos.publisher-com.alibaba.nacos.client.naming.event.InstancesChangeEvent] c.y.g.r.c.n.i.NacosRegisterCenter - Nacos event is {"groupName":"dev","instances":[{"metadata":{"meta":"{\"enable\":true,\"gray\":false,\"ip\":\"10.19.22.108\",\"port\":8888,\"registerTime\":1758273507434,\"serviceInstanceId\":\"10.19.22.108:8888\"}"},"ip":"10.19.22.108","instanceHeartBeatTimeOut":15000,"ephemeral":true,"weight":1.0,"serviceName":"dev@@api-gateway","enabled":true,"ipDeleteTimeout":30000,"instanceHeartBeatInterval":5000,"instanceId":"10.19.22.108:8888","port":8888,"healthy":true,"clusterName":"DEFAULT"}],"serviceName":"api-gateway","clusters":""}
2025-09-19 17:18:28.045  INFO  [nacos.publisher-com.alibaba.nacos.client.naming.event.InstancesChangeEvent] c.y.g.c.BootStrap - refresh service and instance: api-gateway [{"gray":false,"port":8888,"registerTime":1758273507434,"enable":true,"ip":"10.19.22.108","serviceInstanceId":"10.19.22.108:8888"}]
2025-09-19 17:18:28.045  INFO  [nacos.publisher-com.alibaba.nacos.client.naming.event.InstancesChangeEvent] c.y.g.c.c.DynamicConfigManager - putServiceDefinition api-gateway -> com.yu.gateway.common.config.ServiceDefinition@5229e9b0
2025-09-19 17:18:28.123  INFO  [nacos-grpc-client-executor-14] c.a.n.c.r.client - [a15141f8-2157-4cc1-9da8-883e39f42500] Receive server push request, request = NotifySubscriberRequest, requestId = 21
2025-09-19 17:18:28.123  INFO  [nacos-grpc-client-executor-14] c.a.n.c.r.client - [a15141f8-2157-4cc1-9da8-883e39f42500] Ack server push request, request = NotifySubscriberRequest, requestId = 21
2025-09-19 17:18:28.128  INFO  [nacos-grpc-client-executor-15] c.a.n.c.r.client - [a15141f8-2157-4cc1-9da8-883e39f42500] Receive server push request, request = NotifySubscriberRequest, requestId = 22
2025-09-19 17:18:28.129  INFO  [nacos-grpc-client-executor-15] c.a.n.c.r.client - [a15141f8-2157-4cc1-9da8-883e39f42500] Ack server push request, request = NotifySubscriberRequest, requestId = 22
2025-09-19 17:18:37.557  INFO  [doSubscribeAllServices.0] c.y.g.r.c.n.i.NacosRegisterCenter - service list size 3
2025-09-19 17:18:47.563  INFO  [doSubscribeAllServices.0] c.y.g.r.c.n.i.NacosRegisterCenter - service list size 3
2025-09-19 17:18:57.571  INFO  [doSubscribeAllServices.0] c.y.g.r.c.n.i.NacosRegisterCenter - service list size 3
2025-09-19 17:18:58.259  INFO  [nacos-grpc-client-executor-35] c.a.n.c.r.client - [a15141f8-2157-4cc1-9da8-883e39f42500] Receive server push request, request = NotifySubscriberRequest, requestId = 23
2025-09-19 17:18:58.260  INFO  [nacos.publisher-com.alibaba.nacos.client.naming.event.InstancesChangeEvent] c.y.g.r.c.n.i.NacosRegisterCenter - Nacos event is {"groupName":"dev","instances":[{"metadata":{"meta":"{\"enable\":true,\"gray\":false,\"ip\":\"10.19.22.108\",\"port\":8201,\"registerTime\":1758273538220,\"serviceInstanceId\":\"10.19.22.108:8201\",\"uniqueId\":\"backend-http-server:1.0.0\",\"version\":\"1.0.0\",\"weight\":100}"},"ip":"10.19.22.108","instanceHeartBeatTimeOut":15000,"ephemeral":true,"weight":1.0,"serviceName":"dev@@backend-http-server","enabled":true,"ipDeleteTimeout":30000,"instanceHeartBeatInterval":5000,"instanceId":"10.19.22.108:8201","port":8201,"healthy":true,"clusterName":"DEFAULT"}],"serviceName":"backend-http-server","clusters":""}
2025-09-19 17:18:58.260  INFO  [nacos-grpc-client-executor-35] c.a.n.c.r.client - [a15141f8-2157-4cc1-9da8-883e39f42500] Ack server push request, request = NotifySubscriberRequest, requestId = 23
2025-09-19 17:18:58.263  INFO  [nacos.publisher-com.alibaba.nacos.client.naming.event.InstancesChangeEvent] c.y.g.c.BootStrap - refresh service and instance: backend-http-server:1.0.0 [{"gray":false,"port":8201,"registerTime":1758273538220,"enable":true,"ip":"10.19.22.108","serviceInstanceId":"10.19.22.108:8201","weight":100,"version":"1.0.0","uniqueId":"backend-http-server:1.0.0"}]
2025-09-19 17:18:58.263  INFO  [nacos.publisher-com.alibaba.nacos.client.naming.event.InstancesChangeEvent] c.y.g.c.c.DynamicConfigManager - putServiceDefinition backend-http-server:1.0.0 -> com.yu.gateway.common.config.ServiceDefinition@1a3aaa09
2025-09-19 17:18:58.587  INFO  [nacos-grpc-client-executor-37] c.a.n.c.r.client - [a15141f8-2157-4cc1-9da8-883e39f42500] Receive server push request, request = NotifySubscriberRequest, requestId = 24
2025-09-19 17:18:58.588  INFO  [nacos.publisher-com.alibaba.nacos.client.naming.event.InstancesChangeEvent] c.y.g.r.c.n.i.NacosRegisterCenter - Nacos event is {"groupName":"dev","instances":[{"metadata":{"meta":"{\"enable\":true,\"gray\":false,\"ip\":\"10.19.22.108\",\"port\":8201,\"registerTime\":1758273538124,\"serviceInstanceId\":\"10.19.22.108:8201\",\"uniqueId\":\"backend-user-server:1.0.0\",\"version\":\"1.0.0\",\"weight\":100}"},"ip":"10.19.22.108","instanceHeartBeatTimeOut":15000,"ephemeral":true,"weight":1.0,"serviceName":"dev@@backend-user-server","enabled":true,"ipDeleteTimeout":30000,"instanceHeartBeatInterval":5000,"instanceId":"10.19.22.108:8201","port":8201,"healthy":true,"clusterName":"DEFAULT"}],"serviceName":"backend-user-server","clusters":""}
2025-09-19 17:18:58.588  INFO  [nacos-grpc-client-executor-37] c.a.n.c.r.client - [a15141f8-2157-4cc1-9da8-883e39f42500] Ack server push request, request = NotifySubscriberRequest, requestId = 24
2025-09-19 17:18:58.591  INFO  [nacos.publisher-com.alibaba.nacos.client.naming.event.InstancesChangeEvent] c.y.g.c.BootStrap - refresh service and instance: backend-user-server:1.0.0 [{"gray":false,"port":8201,"registerTime":1758273538124,"enable":true,"ip":"10.19.22.108","serviceInstanceId":"10.19.22.108:8201","weight":100,"version":"1.0.0","uniqueId":"backend-user-server:1.0.0"}]
2025-09-19 17:18:58.591  INFO  [nacos.publisher-com.alibaba.nacos.client.naming.event.InstancesChangeEvent] c.y.g.c.c.DynamicConfigManager - putServiceDefinition backend-user-server:1.0.0 -> com.yu.gateway.common.config.ServiceDefinition@d1296ba6
2025-09-19 17:18:58.918  INFO  [nacos-grpc-client-executor-38] c.a.n.c.r.client - [a15141f8-2157-4cc1-9da8-883e39f42500] Receive server push request, request = NotifySubscriberRequest, requestId = 25
2025-09-19 17:18:58.919  INFO  [nacos.publisher-com.alibaba.nacos.client.naming.event.InstancesChangeEvent] c.y.g.r.c.n.i.NacosRegisterCenter - Nacos event is {"groupName":"dev","instances":[{"metadata":{"meta":"{\"enable\":true,\"gray\":false,\"ip\":\"10.19.22.108\",\"port\":8201,\"registerTime\":1758273538416,\"serviceInstanceId\":\"10.19.22.108:8201\",\"uniqueId\":\"backend-http-server:1.0.0\",\"version\":\"1.0.0\",\"weight\":100}"},"ip":"10.19.22.108","instanceHeartBeatTimeOut":15000,"ephemeral":true,"weight":1.0,"serviceName":"dev@@backend-http-server","enabled":true,"ipDeleteTimeout":30000,"instanceHeartBeatInterval":5000,"instanceId":"10.19.22.108:8201","port":8201,"healthy":true,"clusterName":"DEFAULT"}],"serviceName":"backend-http-server","clusters":""}
2025-09-19 17:18:58.919  INFO  [nacos-grpc-client-executor-38] c.a.n.c.r.client - [a15141f8-2157-4cc1-9da8-883e39f42500] Ack server push request, request = NotifySubscriberRequest, requestId = 25
2025-09-19 17:18:58.923  INFO  [nacos.publisher-com.alibaba.nacos.client.naming.event.InstancesChangeEvent] c.y.g.c.BootStrap - refresh service and instance: backend-http-server:1.0.0 [{"gray":false,"port":8201,"registerTime":1758273538416,"enable":true,"ip":"10.19.22.108","serviceInstanceId":"10.19.22.108:8201","weight":100,"version":"1.0.0","uniqueId":"backend-http-server:1.0.0"}]
2025-09-19 17:18:58.923  INFO  [nacos.publisher-com.alibaba.nacos.client.naming.event.InstancesChangeEvent] c.y.g.c.c.DynamicConfigManager - putServiceDefinition backend-http-server:1.0.0 -> com.yu.gateway.common.config.ServiceDefinition@1a3aaa09
2025-09-19 17:19:07.579  INFO  [doSubscribeAllServices.0] c.y.g.r.c.n.i.NacosRegisterCenter - service list size 3
2025-09-19 17:19:17.586  INFO  [doSubscribeAllServices.0] c.y.g.r.c.n.i.NacosRegisterCenter - service list size 3
2025-09-19 17:19:27.594  INFO  [doSubscribeAllServices.0] c.y.g.r.c.n.i.NacosRegisterCenter - service list size 3
2025-09-19 17:19:37.631  INFO  [doSubscribeAllServices.0] c.y.g.r.c.n.i.NacosRegisterCenter - service list size 3
2025-09-19 17:19:47.642  INFO  [doSubscribeAllServices.0] c.y.g.r.c.n.i.NacosRegisterCenter - service list size 3
2025-09-19 17:19:57.659  INFO  [doSubscribeAllServices.0] c.y.g.r.c.n.i.NacosRegisterCenter - service list size 3
2025-09-19 17:20:07.673  INFO  [doSubscribeAllServices.0] c.y.g.r.c.n.i.NacosRegisterCenter - service list size 3
2025-09-19 17:20:17.716  INFO  [doSubscribeAllServices.0] c.y.g.r.c.n.i.NacosRegisterCenter - service list size 3
2025-09-19 17:20:27.724  INFO  [doSubscribeAllServices.0] c.y.g.r.c.n.i.NacosRegisterCenter - service list size 3
2025-09-19 17:20:37.728  INFO  [doSubscribeAllServices.0] c.y.g.r.c.n.i.NacosRegisterCenter - service list size 3
2025-09-19 17:20:44.483  ERROR [ParallelQueueHandlergateway-queue--pool-3] c.y.g.c.n.p.NettyCoreProcessor - 处理未知错误
java.lang.NullPointerException: Cannot invoke "com.yu.gateway.common.config.ServiceDefinition.getServiceId()" because "definition" is null
	at com.yu.gateway.core.helper.RequestHelper.doContext(RequestHelper.java:43)
	at com.yu.gateway.core.netty.processor.NettyCoreProcessor.process(NettyCoreProcessor.java:44)
	at com.yu.gateway.core.netty.processor.DisruptorNettyCoreProcessor$BatchEventListenerProcessor.onEvent(DisruptorNettyCoreProcessor.java:85)
	at com.yu.gateway.core.netty.processor.DisruptorNettyCoreProcessor$BatchEventListenerProcessor.onEvent(DisruptorNettyCoreProcessor.java:81)
	at com.yu.gateway.core.disruptor.ParallelQueueHandler$HolderWorkHandler.onEvent(ParallelQueueHandler.java:202)
	at com.yu.gateway.core.disruptor.ParallelQueueHandler$HolderWorkHandler.onEvent(ParallelQueueHandler.java:199)
	at com.lmax.disruptor.WorkProcessor.run(WorkProcessor.java:143)
	at java.base/java.util.concurrent.ThreadPoolExecutor.runWorker(ThreadPoolExecutor.java:1144)
	at java.base/java.util.concurrent.ThreadPoolExecutor$Worker.run(ThreadPoolExecutor.java:642)
	at java.base/java.lang.Thread.run(Thread.java:1589)
2025-09-19 17:20:47.747  INFO  [doSubscribeAllServices.0] c.y.g.r.c.n.i.NacosRegisterCenter - service list size 3
2025-09-19 17:20:57.758  INFO  [doSubscribeAllServices.0] c.y.g.r.c.n.i.NacosRegisterCenter - service list size 3
2025-09-19 17:21:07.774  INFO  [doSubscribeAllServices.0] c.y.g.r.c.n.i.NacosRegisterCenter - service list size 3
2025-09-19 17:21:17.787  INFO  [doSubscribeAllServices.0] c.y.g.r.c.n.i.NacosRegisterCenter - service list size 3
2025-09-19 17:21:27.794  INFO  [doSubscribeAllServices.0] c.y.g.r.c.n.i.NacosRegisterCenter - service list size 3
2025-09-19 17:21:37.814  INFO  [doSubscribeAllServices.0] c.y.g.r.c.n.i.NacosRegisterCenter - service list size 3
2025-09-19 17:21:47.830  INFO  [doSubscribeAllServices.0] c.y.g.r.c.n.i.NacosRegisterCenter - service list size 3
2025-09-19 17:21:57.838  INFO  [doSubscribeAllServices.0] c.y.g.r.c.n.i.NacosRegisterCenter - service list size 3
2025-09-19 17:22:01.320  ERROR [ParallelQueueHandlergateway-queue--pool-0] c.y.g.c.n.p.NettyCoreProcessor - 处理未知错误
java.lang.NullPointerException: Cannot invoke "com.yu.gateway.common.config.ServiceDefinition.getServiceId()" because "definition" is null
	at com.yu.gateway.core.helper.RequestHelper.doContext(RequestHelper.java:43)
	at com.yu.gateway.core.netty.processor.NettyCoreProcessor.process(NettyCoreProcessor.java:44)
	at com.yu.gateway.core.netty.processor.DisruptorNettyCoreProcessor$BatchEventListenerProcessor.onEvent(DisruptorNettyCoreProcessor.java:85)
	at com.yu.gateway.core.netty.processor.DisruptorNettyCoreProcessor$BatchEventListenerProcessor.onEvent(DisruptorNettyCoreProcessor.java:81)
	at com.yu.gateway.core.disruptor.ParallelQueueHandler$HolderWorkHandler.onEvent(ParallelQueueHandler.java:202)
	at com.yu.gateway.core.disruptor.ParallelQueueHandler$HolderWorkHandler.onEvent(ParallelQueueHandler.java:199)
	at com.lmax.disruptor.WorkProcessor.run(WorkProcessor.java:143)
	at java.base/java.util.concurrent.ThreadPoolExecutor.runWorker(ThreadPoolExecutor.java:1144)
	at java.base/java.util.concurrent.ThreadPoolExecutor$Worker.run(ThreadPoolExecutor.java:642)
	at java.base/java.lang.Thread.run(Thread.java:1589)
2025-09-19 17:22:07.845  INFO  [doSubscribeAllServices.0] c.y.g.r.c.n.i.NacosRegisterCenter - service list size 3
2025-09-19 17:22:17.867  INFO  [doSubscribeAllServices.0] c.y.g.r.c.n.i.NacosRegisterCenter - service list size 3
2025-09-19 17:22:20.453  ERROR [ParallelQueueHandlergateway-queue--pool-2] c.y.g.c.n.p.NettyCoreProcessor - 处理未知错误
java.lang.NullPointerException: Cannot invoke "com.yu.gateway.common.config.ServiceDefinition.getServiceId()" because "definition" is null
	at com.yu.gateway.core.helper.RequestHelper.doContext(RequestHelper.java:43)
	at com.yu.gateway.core.netty.processor.NettyCoreProcessor.process(NettyCoreProcessor.java:44)
	at com.yu.gateway.core.netty.processor.DisruptorNettyCoreProcessor$BatchEventListenerProcessor.onEvent(DisruptorNettyCoreProcessor.java:85)
	at com.yu.gateway.core.netty.processor.DisruptorNettyCoreProcessor$BatchEventListenerProcessor.onEvent(DisruptorNettyCoreProcessor.java:81)
	at com.yu.gateway.core.disruptor.ParallelQueueHandler$HolderWorkHandler.onEvent(ParallelQueueHandler.java:202)
	at com.yu.gateway.core.disruptor.ParallelQueueHandler$HolderWorkHandler.onEvent(ParallelQueueHandler.java:199)
	at com.lmax.disruptor.WorkProcessor.run(WorkProcessor.java:143)
	at java.base/java.util.concurrent.ThreadPoolExecutor.runWorker(ThreadPoolExecutor.java:1144)
	at java.base/java.util.concurrent.ThreadPoolExecutor$Worker.run(ThreadPoolExecutor.java:642)
	at java.base/java.lang.Thread.run(Thread.java:1589)
2025-09-19 17:22:27.874  INFO  [doSubscribeAllServices.0] c.y.g.r.c.n.i.NacosRegisterCenter - service list size 3
2025-09-19 17:22:37.883  INFO  [doSubscribeAllServices.0] c.y.g.r.c.n.i.NacosRegisterCenter - service list size 3
2025-09-19 17:22:47.888  INFO  [doSubscribeAllServices.0] c.y.g.r.c.n.i.NacosRegisterCenter - service list size 3
2025-09-19 17:22:57.895  INFO  [doSubscribeAllServices.0] c.y.g.r.c.n.i.NacosRegisterCenter - service list size 3
2025-09-19 17:23:07.901  INFO  [doSubscribeAllServices.0] c.y.g.r.c.n.i.NacosRegisterCenter - service list size 3
2025-09-19 17:23:17.917  INFO  [doSubscribeAllServices.0] c.y.g.r.c.n.i.NacosRegisterCenter - service list size 3
2025-09-19 17:23:27.924  INFO  [doSubscribeAllServices.0] c.y.g.r.c.n.i.NacosRegisterCenter - service list size 3
2025-09-19 17:23:37.940  INFO  [doSubscribeAllServices.0] c.y.g.r.c.n.i.NacosRegisterCenter - service list size 3
2025-09-19 17:23:40.927  ERROR [ParallelQueueHandlergateway-queue--pool-4] c.y.g.c.n.p.NettyCoreProcessor - 处理未知错误
java.lang.NullPointerException: Cannot invoke "java.util.List.stream()" because the return value of "com.yu.gateway.common.config.DynamicConfigManager.getRuleByServiceId(String)" is null
	at com.yu.gateway.core.helper.RequestHelper.getRule(RequestHelper.java:113)
	at com.yu.gateway.core.helper.RequestHelper.doContext(RequestHelper.java:43)
	at com.yu.gateway.core.netty.processor.NettyCoreProcessor.process(NettyCoreProcessor.java:44)
	at com.yu.gateway.core.netty.processor.DisruptorNettyCoreProcessor$BatchEventListenerProcessor.onEvent(DisruptorNettyCoreProcessor.java:85)
	at com.yu.gateway.core.netty.processor.DisruptorNettyCoreProcessor$BatchEventListenerProcessor.onEvent(DisruptorNettyCoreProcessor.java:81)
	at com.yu.gateway.core.disruptor.ParallelQueueHandler$HolderWorkHandler.onEvent(ParallelQueueHandler.java:202)
	at com.yu.gateway.core.disruptor.ParallelQueueHandler$HolderWorkHandler.onEvent(ParallelQueueHandler.java:199)
	at com.lmax.disruptor.WorkProcessor.run(WorkProcessor.java:143)
	at java.base/java.util.concurrent.ThreadPoolExecutor.runWorker(ThreadPoolExecutor.java:1144)
	at java.base/java.util.concurrent.ThreadPoolExecutor$Worker.run(ThreadPoolExecutor.java:642)
	at java.base/java.lang.Thread.run(Thread.java:1589)
2025-09-19 17:23:47.945  INFO  [doSubscribeAllServices.0] c.y.g.r.c.n.i.NacosRegisterCenter - service list size 3
2025-09-19 17:23:57.949  INFO  [doSubscribeAllServices.0] c.y.g.r.c.n.i.NacosRegisterCenter - service list size 3
2025-09-19 17:24:07.955  INFO  [doSubscribeAllServices.0] c.y.g.r.c.n.i.NacosRegisterCenter - service list size 3
2025-09-19 17:24:17.959  INFO  [doSubscribeAllServices.0] c.y.g.r.c.n.i.NacosRegisterCenter - service list size 3
2025-09-19 17:24:27.978  INFO  [doSubscribeAllServices.0] c.y.g.r.c.n.i.NacosRegisterCenter - service list size 3
2025-09-19 17:24:37.990  INFO  [doSubscribeAllServices.0] c.y.g.r.c.n.i.NacosRegisterCenter - service list size 3
2025-09-19 17:24:48.004  INFO  [doSubscribeAllServices.0] c.y.g.r.c.n.i.NacosRegisterCenter - service list size 3
2025-09-19 17:24:58.024  INFO  [doSubscribeAllServices.0] c.y.g.r.c.n.i.NacosRegisterCenter - service list size 3
2025-09-19 17:25:08.043  INFO  [doSubscribeAllServices.0] c.y.g.r.c.n.i.NacosRegisterCenter - service list size 3
2025-09-19 17:25:18.061  INFO  [doSubscribeAllServices.0] c.y.g.r.c.n.i.NacosRegisterCenter - service list size 3
2025-09-19 17:25:28.069  INFO  [doSubscribeAllServices.0] c.y.g.r.c.n.i.NacosRegisterCenter - service list size 3
2025-09-19 17:25:37.421  ERROR [ParallelQueueHandlergateway-queue--pool-1] c.y.g.c.n.p.NettyCoreProcessor - 处理未知错误
java.lang.NullPointerException: Cannot invoke "java.util.List.stream()" because the return value of "com.yu.gateway.common.config.DynamicConfigManager.getRuleByServiceId(String)" is null
	at com.yu.gateway.core.helper.RequestHelper.getRule(RequestHelper.java:113)
	at com.yu.gateway.core.helper.RequestHelper.doContext(RequestHelper.java:43)
	at com.yu.gateway.core.netty.processor.NettyCoreProcessor.process(NettyCoreProcessor.java:44)
	at com.yu.gateway.core.netty.processor.DisruptorNettyCoreProcessor$BatchEventListenerProcessor.onEvent(DisruptorNettyCoreProcessor.java:85)
	at com.yu.gateway.core.netty.processor.DisruptorNettyCoreProcessor$BatchEventListenerProcessor.onEvent(DisruptorNettyCoreProcessor.java:81)
	at com.yu.gateway.core.disruptor.ParallelQueueHandler$HolderWorkHandler.onEvent(ParallelQueueHandler.java:202)
	at com.yu.gateway.core.disruptor.ParallelQueueHandler$HolderWorkHandler.onEvent(ParallelQueueHandler.java:199)
	at com.lmax.disruptor.WorkProcessor.run(WorkProcessor.java:143)
	at java.base/java.util.concurrent.ThreadPoolExecutor.runWorker(ThreadPoolExecutor.java:1144)
	at java.base/java.util.concurrent.ThreadPoolExecutor$Worker.run(ThreadPoolExecutor.java:642)
	at java.base/java.lang.Thread.run(Thread.java:1589)
2025-09-19 17:25:38.086  INFO  [doSubscribeAllServices.0] c.y.g.r.c.n.i.NacosRegisterCenter - service list size 3
2025-09-19 17:25:48.104  INFO  [doSubscribeAllServices.0] c.y.g.r.c.n.i.NacosRegisterCenter - service list size 3
2025-09-19 17:25:58.110  INFO  [doSubscribeAllServices.0] c.y.g.r.c.n.i.NacosRegisterCenter - service list size 3
2025-09-19 17:26:08.118  INFO  [doSubscribeAllServices.0] c.y.g.r.c.n.i.NacosRegisterCenter - service list size 3
2025-09-19 17:26:18.122  INFO  [doSubscribeAllServices.0] c.y.g.r.c.n.i.NacosRegisterCenter - service list size 3
2025-09-19 17:26:28.127  INFO  [doSubscribeAllServices.0] c.y.g.r.c.n.i.NacosRegisterCenter - service list size 3
2025-09-19 17:26:38.131  INFO  [doSubscribeAllServices.0] c.y.g.r.c.n.i.NacosRegisterCenter - service list size 3
2025-09-19 17:26:48.140  INFO  [doSubscribeAllServices.0] c.y.g.r.c.n.i.NacosRegisterCenter - service list size 3
2025-09-19 17:26:58.145  INFO  [doSubscribeAllServices.0] c.y.g.r.c.n.i.NacosRegisterCenter - service list size 3
2025-09-19 17:27:08.159  INFO  [doSubscribeAllServices.0] c.y.g.r.c.n.i.NacosRegisterCenter - service list size 3
2025-09-19 17:27:18.170  INFO  [doSubscribeAllServices.0] c.y.g.r.c.n.i.NacosRegisterCenter - service list size 3
2025-09-19 17:27:28.185  INFO  [doSubscribeAllServices.0] c.y.g.r.c.n.i.NacosRegisterCenter - service list size 3
2025-09-19 17:27:38.203  INFO  [doSubscribeAllServices.0] c.y.g.r.c.n.i.NacosRegisterCenter - service list size 3
2025-09-19 17:27:48.220  INFO  [doSubscribeAllServices.0] c.y.g.r.c.n.i.NacosRegisterCenter - service list size 3
2025-09-19 17:27:58.230  INFO  [doSubscribeAllServices.0] c.y.g.r.c.n.i.NacosRegisterCenter - service list size 3
2025-09-19 17:28:08.250  INFO  [doSubscribeAllServices.0] c.y.g.r.c.n.i.NacosRegisterCenter - service list size 3
2025-09-19 17:28:18.266  INFO  [doSubscribeAllServices.0] c.y.g.r.c.n.i.NacosRegisterCenter - service list size 3
2025-09-19 17:28:28.277  INFO  [doSubscribeAllServices.0] c.y.g.r.c.n.i.NacosRegisterCenter - service list size 3
2025-09-19 17:28:38.281  INFO  [doSubscribeAllServices.0] c.y.g.r.c.n.i.NacosRegisterCenter - service list size 3
2025-09-19 17:28:48.286  INFO  [doSubscribeAllServices.0] c.y.g.r.c.n.i.NacosRegisterCenter - service list size 3
2025-09-19 17:28:58.291  INFO  [doSubscribeAllServices.0] c.y.g.r.c.n.i.NacosRegisterCenter - service list size 3
2025-09-19 17:29:08.295  INFO  [doSubscribeAllServices.0] c.y.g.r.c.n.i.NacosRegisterCenter - service list size 3
2025-09-19 17:29:18.306  INFO  [doSubscribeAllServices.0] c.y.g.r.c.n.i.NacosRegisterCenter - service list size 3
2025-09-19 17:29:28.313  INFO  [doSubscribeAllServices.0] c.y.g.r.c.n.i.NacosRegisterCenter - service list size 3
2025-09-19 17:29:38.324  INFO  [doSubscribeAllServices.0] c.y.g.r.c.n.i.NacosRegisterCenter - service list size 3
2025-09-19 17:29:48.340  INFO  [doSubscribeAllServices.0] c.y.g.r.c.n.i.NacosRegisterCenter - service list size 3
2025-09-19 17:29:58.345  INFO  [doSubscribeAllServices.0] c.y.g.r.c.n.i.NacosRegisterCenter - service list size 3
2025-09-19 17:30:08.352  INFO  [doSubscribeAllServices.0] c.y.g.r.c.n.i.NacosRegisterCenter - service list size 3
2025-09-19 17:30:18.365  INFO  [doSubscribeAllServices.0] c.y.g.r.c.n.i.NacosRegisterCenter - service list size 3
2025-09-19 17:30:28.375  INFO  [doSubscribeAllServices.0] c.y.g.r.c.n.i.NacosRegisterCenter - service list size 3
2025-09-19 17:30:38.391  INFO  [doSubscribeAllServices.0] c.y.g.r.c.n.i.NacosRegisterCenter - service list size 3
2025-09-19 17:30:48.414  INFO  [doSubscribeAllServices.0] c.y.g.r.c.n.i.NacosRegisterCenter - service list size 3
2025-09-19 17:30:58.431  INFO  [doSubscribeAllServices.0] c.y.g.r.c.n.i.NacosRegisterCenter - service list size 3
2025-09-19 17:30:58.994  WARN  [Thread-3] c.a.n.c.n.NotifyCenter - [NotifyCenter] Start destroying Publisher
2025-09-19 17:30:58.994  WARN  [Thread-3] c.a.n.c.n.NotifyCenter - [NotifyCenter] Destruction of the end
2025-09-19 17:30:58.994  WARN  [Thread-0] c.a.n.c.h.HttpClientBeanHolder - [HttpClientBeanHolder] Start destroying common HttpClient
2025-09-19 17:30:58.995  WARN  [Thread-0] c.a.n.c.h.HttpClientBeanHolder - [HttpClientBeanHolder] Destruction of the end
2025-09-19 17:31:08.608  INFO  [main] c.a.n.c.r.client - [RpcClientFactory] create a new rpc client of 33e0e38c-fa6b-44a2-abf3-022dc2d0035d_config-0
2025-09-19 17:31:08.652  INFO  [main] o.r.Reflections - Reflections took 22 ms to scan 1 urls, producing 3 keys and 6 values 
2025-09-19 17:31:08.692  INFO  [main] o.r.Reflections - Reflections took 8 ms to scan 1 urls, producing 4 keys and 9 values 
2025-09-19 17:31:08.703  INFO  [main] o.r.Reflections - Reflections took 8 ms to scan 1 urls, producing 3 keys and 10 values 
2025-09-19 17:31:08.705  WARN  [main] o.r.Reflections - given scan urls are empty. set urls in the configuration
2025-09-19 17:31:08.710  INFO  [main] o.r.Reflections - Reflections took 4 ms to scan 1 urls, producing 1 keys and 5 values 
2025-09-19 17:31:08.720  INFO  [main] o.r.Reflections - Reflections took 6 ms to scan 1 urls, producing 1 keys and 7 values 
2025-09-19 17:31:08.727  INFO  [main] o.r.Reflections - Reflections took 4 ms to scan 1 urls, producing 2 keys and 8 values 
2025-09-19 17:31:08.731  WARN  [main] o.r.Reflections - given scan urls are empty. set urls in the configuration
2025-09-19 17:31:08.734  INFO  [main] c.a.n.c.r.client - [33e0e38c-fa6b-44a2-abf3-022dc2d0035d_config-0] RpcClient init label, labels = {module=config, Vipserver-Tag=null, source=sdk, Amory-Tag=null, Location-Tag=null, taskId=0, AppName=unknown}
2025-09-19 17:31:08.735  INFO  [main] c.a.n.c.r.client - [33e0e38c-fa6b-44a2-abf3-022dc2d0035d_config-0] Register server push request handler:com.alibaba.nacos.client.config.impl.ClientWorker$ConfigRpcTransportClient$$Lambda$70/0x0000000801109b38
2025-09-19 17:31:08.736  INFO  [main] c.a.n.c.r.client - [33e0e38c-fa6b-44a2-abf3-022dc2d0035d_config-0] Register server push request handler:com.alibaba.nacos.client.config.impl.ClientWorker$ConfigRpcTransportClient$$Lambda$71/0x0000000801109d48
2025-09-19 17:31:08.737  INFO  [main] c.a.n.c.r.client - [33e0e38c-fa6b-44a2-abf3-022dc2d0035d_config-0] Registry connection listener to current client:com.alibaba.nacos.client.config.impl.ClientWorker$ConfigRpcTransportClient$1
2025-09-19 17:31:08.739  INFO  [main] c.a.n.c.r.client - [33e0e38c-fa6b-44a2-abf3-022dc2d0035d_config-0] RpcClient init, ServerListFactory = com.alibaba.nacos.client.config.impl.ClientWorker$ConfigRpcTransportClient$2
2025-09-19 17:31:08.747  INFO  [main] c.a.n.c.r.client - [33e0e38c-fa6b-44a2-abf3-022dc2d0035d_config-0] Try to connect to server on start up, server: {serverIp = '127.0.0.1', server main port = 8848}
2025-09-19 17:31:09.522  INFO  [main] c.a.n.c.r.client - [33e0e38c-fa6b-44a2-abf3-022dc2d0035d_config-0] Success to connect to server [127.0.0.1:8848] on start up, connectionId = 1758274269349_127.0.0.1_58463
2025-09-19 17:31:09.522  INFO  [com.alibaba.nacos.client.remote.worker] c.a.n.c.r.client - [33e0e38c-fa6b-44a2-abf3-022dc2d0035d_config-0] Notify connected event to listeners.
2025-09-19 17:31:09.523  INFO  [main] c.a.n.c.r.client - [33e0e38c-fa6b-44a2-abf3-022dc2d0035d_config-0] Register server push request handler:com.alibaba.nacos.common.remote.client.RpcClient$ConnectResetRequestHandler
2025-09-19 17:31:09.523  INFO  [main] c.a.n.c.r.client - [33e0e38c-fa6b-44a2-abf3-022dc2d0035d_config-0] Register server push request handler:com.alibaba.nacos.common.remote.client.RpcClient$$Lambda$109/0x00000008012ae650
2025-09-19 17:31:09.556  INFO  [main] c.y.g.c.c.n.i.NacosConfigCenter - Rules-Config From Nacos: null
2025-09-19 17:31:09.591  WARN  [main] c.y.g.c.c.n.i.NacosConfigCenter - Failed to parse config JSON from Nacos, result is null
2025-09-19 17:31:09.621  INFO  [main] c.y.g.c.f.GatewayFilterChainFactory - load filter success:class com.yu.gateway.core.filter.auth.AuthFilter,auth_filter,auth_filter,1
2025-09-19 17:31:09.623  INFO  [main] c.y.g.c.f.GatewayFilterChainFactory - load filter success:class com.yu.gateway.core.filter.loadBalance.LoadBalanceFilter,load_balance_filter,load_balance_filter,100
2025-09-19 17:31:09.624  INFO  [main] c.y.g.c.f.GatewayFilterChainFactory - load filter success:class com.yu.gateway.core.filter.router.RouterFilter,router_filter,router_filter,2147483647
2025-09-19 17:31:09.625  INFO  [main] c.y.g.c.f.GatewayFilterChainFactory - load filter success:class com.yu.gateway.core.filter.gray.GrayFilter,gray_filter,gray_filter,4
2025-09-19 17:31:09.625  INFO  [main] c.y.g.c.f.GatewayFilterChainFactory - load filter success:class com.yu.gateway.core.filter.flow.FlowControlFilter,flow_ctl_filter,flow_ctl_filter,50
2025-09-19 17:31:09.876  WARN  [main] i.n.b.ServerBootstrap - Unknown channel option 'SO_KEEPALIVE' for channel '[id: 0x994e03d5]'
2025-09-19 17:31:09.882  INFO  [main] c.y.g.c.n.NettyHttpServer - server startup on port 8888
2025-09-19 17:31:09.883  INFO  [main] c.y.g.c.Container - api gateway starting!
2025-09-19 17:31:09.896  INFO  [main] c.a.n.c.r.client - [RpcClientFactory] create a new rpc client of be9f9be5-6aee-4ad0-89f3-c006d412f32c
2025-09-19 17:31:09.896  INFO  [main] c.a.n.c.r.client - [be9f9be5-6aee-4ad0-89f3-c006d412f32c] RpcClient init label, labels = {module=naming, source=sdk}
2025-09-19 17:31:09.897  INFO  [main] c.a.n.c.r.client - [be9f9be5-6aee-4ad0-89f3-c006d412f32c] RpcClient init, ServerListFactory = com.alibaba.nacos.client.naming.core.ServerListManager
2025-09-19 17:31:09.897  INFO  [main] c.a.n.c.r.client - [be9f9be5-6aee-4ad0-89f3-c006d412f32c] Registry connection listener to current client:com.alibaba.nacos.client.naming.remote.gprc.redo.NamingGrpcRedoService
2025-09-19 17:31:09.898  INFO  [main] c.a.n.c.r.client - [be9f9be5-6aee-4ad0-89f3-c006d412f32c] Register server push request handler:com.alibaba.nacos.client.naming.remote.gprc.NamingPushRequestHandler
2025-09-19 17:31:09.898  INFO  [main] c.a.n.c.r.client - [be9f9be5-6aee-4ad0-89f3-c006d412f32c] Try to connect to server on start up, server: {serverIp = '127.0.0.1', server main port = 8848}
2025-09-19 17:31:10.024  INFO  [main] c.a.n.c.r.client - [be9f9be5-6aee-4ad0-89f3-c006d412f32c] Success to connect to server [127.0.0.1:8848] on start up, connectionId = 1758274269905_127.0.0.1_58465
2025-09-19 17:31:10.025  INFO  [com.alibaba.nacos.client.remote.worker] c.a.n.c.r.client - [be9f9be5-6aee-4ad0-89f3-c006d412f32c] Notify connected event to listeners.
2025-09-19 17:31:10.025  INFO  [main] c.a.n.c.r.client - [be9f9be5-6aee-4ad0-89f3-c006d412f32c] Register server push request handler:com.alibaba.nacos.common.remote.client.RpcClient$ConnectResetRequestHandler
2025-09-19 17:31:10.025  INFO  [main] c.a.n.c.r.client - [be9f9be5-6aee-4ad0-89f3-c006d412f32c] Register server push request handler:com.alibaba.nacos.common.remote.client.RpcClient$$Lambda$109/0x00000008012ae650
2025-09-19 17:31:10.197  INFO  [main] c.y.g.r.c.n.i.NacosRegisterCenter - register com.yu.gateway.common.config.ServiceDefinition@5229e9b0 com.yu.gateway.common.config.ServiceInstance@39449bd7
2025-09-19 17:31:10.203  INFO  [main] c.y.g.r.c.n.i.NacosRegisterCenter - service list size 3
2025-09-19 17:31:10.206  INFO  [main] c.y.g.r.c.n.i.NacosRegisterCenter - Nacos event is {"serviceName":"backend-user-server"}
2025-09-19 17:31:10.239  INFO  [main] c.y.g.c.BootStrap - refresh service and instance: backend-user-server:1.0.0 [{"gray":false,"port":8201,"registerTime":1758274266191,"enable":true,"ip":"10.19.22.108","serviceInstanceId":"10.19.22.108:8201","weight":100,"version":"1.0.0","uniqueId":"backend-user-server:1.0.0"}]
2025-09-19 17:31:10.240  INFO  [main] c.y.g.c.c.DynamicConfigManager - putServiceDefinition backend-user-server:1.0.0 -> com.yu.gateway.common.config.ServiceDefinition@d1296ba6
2025-09-19 17:31:10.241  INFO  [main] c.y.g.r.c.n.i.NacosRegisterCenter - subscribe a service, serviceName backend-user-server envdev
2025-09-19 17:31:10.241  INFO  [main] c.y.g.r.c.n.i.NacosRegisterCenter - Nacos event is {"serviceName":"backend-http-server"}
2025-09-19 17:31:10.247  INFO  [main] c.y.g.c.BootStrap - refresh service and instance: backend-http-server:1.0.0 [{"gray":false,"port":8201,"registerTime":1758274266809,"enable":true,"ip":"10.19.22.108","serviceInstanceId":"10.19.22.108:8201","weight":100,"version":"1.0.0","uniqueId":"backend-http-server:1.0.0"}]
2025-09-19 17:31:10.247  INFO  [main] c.y.g.c.c.DynamicConfigManager - putServiceDefinition backend-http-server:1.0.0 -> com.yu.gateway.common.config.ServiceDefinition@1a3aaa09
2025-09-19 17:31:10.247  INFO  [main] c.y.g.r.c.n.i.NacosRegisterCenter - subscribe a service, serviceName backend-http-server envdev
2025-09-19 17:31:10.247  INFO  [main] c.y.g.r.c.n.i.NacosRegisterCenter - Nacos event is {"serviceName":"api-gateway"}
2025-09-19 17:31:10.252  INFO  [main] c.y.g.c.BootStrap - refresh service and instance: api-gateway []
2025-09-19 17:31:10.252  INFO  [main] c.y.g.c.c.DynamicConfigManager - putServiceDefinition api-gateway -> com.yu.gateway.common.config.ServiceDefinition@5229e9b0
2025-09-19 17:31:10.252  INFO  [main] c.y.g.r.c.n.i.NacosRegisterCenter - subscribe a service, serviceName api-gateway envdev
2025-09-19 17:31:10.725  INFO  [nacos-grpc-client-executor-10] c.a.n.c.r.client - [be9f9be5-6aee-4ad0-89f3-c006d412f32c] Receive server push request, request = NotifySubscriberRequest, requestId = 26
2025-09-19 17:31:10.729  INFO  [nacos-grpc-client-executor-10] c.a.n.c.r.client - [be9f9be5-6aee-4ad0-89f3-c006d412f32c] Ack server push request, request = NotifySubscriberRequest, requestId = 26
2025-09-19 17:31:10.732  INFO  [nacos.publisher-com.alibaba.nacos.client.naming.event.InstancesChangeEvent] c.y.g.r.c.n.i.NacosRegisterCenter - Nacos event is {"groupName":"dev","instances":[{"metadata":{"meta":"{\"enable\":true,\"gray\":false,\"ip\":\"10.19.22.108\",\"port\":8888,\"registerTime\":1758274270139,\"serviceInstanceId\":\"10.19.22.108:8888\"}"},"ip":"10.19.22.108","instanceHeartBeatTimeOut":15000,"ephemeral":true,"weight":1.0,"serviceName":"dev@@api-gateway","enabled":true,"ipDeleteTimeout":30000,"instanceHeartBeatInterval":5000,"instanceId":"10.19.22.108:8888","port":8888,"healthy":true,"clusterName":"DEFAULT"}],"serviceName":"api-gateway","clusters":""}
2025-09-19 17:31:10.743  INFO  [nacos.publisher-com.alibaba.nacos.client.naming.event.InstancesChangeEvent] c.y.g.c.BootStrap - refresh service and instance: api-gateway [{"gray":false,"port":8888,"registerTime":1758274270139,"enable":true,"ip":"10.19.22.108","serviceInstanceId":"10.19.22.108:8888"}]
2025-09-19 17:31:10.744  INFO  [nacos.publisher-com.alibaba.nacos.client.naming.event.InstancesChangeEvent] c.y.g.c.c.DynamicConfigManager - putServiceDefinition api-gateway -> com.yu.gateway.common.config.ServiceDefinition@5229e9b0
2025-09-19 17:31:10.829  INFO  [nacos-grpc-client-executor-11] c.a.n.c.r.client - [be9f9be5-6aee-4ad0-89f3-c006d412f32c] Receive server push request, request = NotifySubscriberRequest, requestId = 27
2025-09-19 17:31:10.829  INFO  [nacos-grpc-client-executor-11] c.a.n.c.r.client - [be9f9be5-6aee-4ad0-89f3-c006d412f32c] Ack server push request, request = NotifySubscriberRequest, requestId = 27
2025-09-19 17:31:10.835  INFO  [nacos-grpc-client-executor-12] c.a.n.c.r.client - [be9f9be5-6aee-4ad0-89f3-c006d412f32c] Receive server push request, request = NotifySubscriberRequest, requestId = 28
2025-09-19 17:31:10.835  INFO  [nacos-grpc-client-executor-12] c.a.n.c.r.client - [be9f9be5-6aee-4ad0-89f3-c006d412f32c] Ack server push request, request = NotifySubscriberRequest, requestId = 28
2025-09-19 17:31:20.260  INFO  [doSubscribeAllServices.0] c.y.g.r.c.n.i.NacosRegisterCenter - service list size 3
2025-09-19 17:31:22.134  INFO  [nacos-grpc-client-executor-20] c.a.n.c.r.client - [be9f9be5-6aee-4ad0-89f3-c006d412f32c] Receive server push request, request = NotifySubscriberRequest, requestId = 29
2025-09-19 17:31:22.135  INFO  [nacos.publisher-com.alibaba.nacos.client.naming.event.InstancesChangeEvent] c.y.g.r.c.n.i.NacosRegisterCenter - Nacos event is {"groupName":"dev","instances":[],"serviceName":"backend-user-server","clusters":""}
2025-09-19 17:31:22.135  INFO  [nacos-grpc-client-executor-20] c.a.n.c.r.client - [be9f9be5-6aee-4ad0-89f3-c006d412f32c] Ack server push request, request = NotifySubscriberRequest, requestId = 29
2025-09-19 17:31:22.137  INFO  [nacos.publisher-com.alibaba.nacos.client.naming.event.InstancesChangeEvent] c.y.g.c.BootStrap - refresh service and instance: backend-user-server:1.0.0 []
2025-09-19 17:31:22.138  INFO  [nacos.publisher-com.alibaba.nacos.client.naming.event.InstancesChangeEvent] c.y.g.c.c.DynamicConfigManager - putServiceDefinition backend-user-server:1.0.0 -> com.yu.gateway.common.config.ServiceDefinition@d1296ba6
2025-09-19 17:31:22.140  INFO  [nacos-grpc-client-executor-21] c.a.n.c.r.client - [be9f9be5-6aee-4ad0-89f3-c006d412f32c] Receive server push request, request = NotifySubscriberRequest, requestId = 30
2025-09-19 17:31:22.140  INFO  [nacos.publisher-com.alibaba.nacos.client.naming.event.InstancesChangeEvent] c.y.g.r.c.n.i.NacosRegisterCenter - Nacos event is {"groupName":"dev","instances":[],"serviceName":"backend-http-server","clusters":""}
2025-09-19 17:31:22.140  INFO  [nacos-grpc-client-executor-21] c.a.n.c.r.client - [be9f9be5-6aee-4ad0-89f3-c006d412f32c] Ack server push request, request = NotifySubscriberRequest, requestId = 30
2025-09-19 17:31:22.142  INFO  [nacos.publisher-com.alibaba.nacos.client.naming.event.InstancesChangeEvent] c.y.g.c.BootStrap - refresh service and instance: backend-http-server:1.0.0 []
2025-09-19 17:31:22.142  INFO  [nacos.publisher-com.alibaba.nacos.client.naming.event.InstancesChangeEvent] c.y.g.c.c.DynamicConfigManager - putServiceDefinition backend-http-server:1.0.0 -> com.yu.gateway.common.config.ServiceDefinition@1a3aaa09
2025-09-19 17:31:26.318  INFO  [nacos-grpc-client-executor-22] c.a.n.c.r.client - [be9f9be5-6aee-4ad0-89f3-c006d412f32c] Receive server push request, request = NotifySubscriberRequest, requestId = 31
2025-09-19 17:31:26.320  INFO  [nacos.publisher-com.alibaba.nacos.client.naming.event.InstancesChangeEvent] c.y.g.r.c.n.i.NacosRegisterCenter - Nacos event is {"groupName":"dev","instances":[{"metadata":{"meta":"{\"enable\":true,\"gray\":false,\"ip\":\"10.19.22.108\",\"port\":8201,\"registerTime\":1758274286196,\"serviceInstanceId\":\"10.19.22.108:8201\",\"uniqueId\":\"backend-http-server:1.0.0\",\"version\":\"1.0.0\",\"weight\":100}"},"ip":"10.19.22.108","instanceHeartBeatTimeOut":15000,"ephemeral":true,"weight":1.0,"serviceName":"dev@@backend-http-server","enabled":true,"ipDeleteTimeout":30000,"instanceHeartBeatInterval":5000,"instanceId":"10.19.22.108:8201","port":8201,"healthy":true,"clusterName":"DEFAULT"}],"serviceName":"backend-http-server","clusters":""}
2025-09-19 17:31:26.321  INFO  [nacos-grpc-client-executor-22] c.a.n.c.r.client - [be9f9be5-6aee-4ad0-89f3-c006d412f32c] Ack server push request, request = NotifySubscriberRequest, requestId = 31
2025-09-19 17:31:26.323  INFO  [nacos.publisher-com.alibaba.nacos.client.naming.event.InstancesChangeEvent] c.y.g.c.BootStrap - refresh service and instance: backend-http-server:1.0.0 [{"gray":false,"port":8201,"registerTime":1758274286196,"enable":true,"ip":"10.19.22.108","serviceInstanceId":"10.19.22.108:8201","weight":100,"version":"1.0.0","uniqueId":"backend-http-server:1.0.0"}]
2025-09-19 17:31:26.323  INFO  [nacos.publisher-com.alibaba.nacos.client.naming.event.InstancesChangeEvent] c.y.g.c.c.DynamicConfigManager - putServiceDefinition backend-http-server:1.0.0 -> com.yu.gateway.common.config.ServiceDefinition@1a3aaa09
2025-09-19 17:31:26.537  INFO  [nacos-grpc-client-executor-23] c.a.n.c.r.client - [be9f9be5-6aee-4ad0-89f3-c006d412f32c] Receive server push request, request = NotifySubscriberRequest, requestId = 32
2025-09-19 17:31:26.538  INFO  [nacos.publisher-com.alibaba.nacos.client.naming.event.InstancesChangeEvent] c.y.g.r.c.n.i.NacosRegisterCenter - Nacos event is {"groupName":"dev","instances":[{"metadata":{"meta":"{\"enable\":true,\"gray\":false,\"ip\":\"10.19.22.108\",\"port\":8201,\"registerTime\":1758274286297,\"serviceInstanceId\":\"10.19.22.108:8201\",\"uniqueId\":\"backend-user-server:1.0.0\",\"version\":\"1.0.0\",\"weight\":100}"},"ip":"10.19.22.108","instanceHeartBeatTimeOut":15000,"ephemeral":true,"weight":1.0,"serviceName":"dev@@backend-user-server","enabled":true,"ipDeleteTimeout":30000,"instanceHeartBeatInterval":5000,"instanceId":"10.19.22.108:8201","port":8201,"healthy":true,"clusterName":"DEFAULT"}],"serviceName":"backend-user-server","clusters":""}
2025-09-19 17:31:26.538  INFO  [nacos-grpc-client-executor-23] c.a.n.c.r.client - [be9f9be5-6aee-4ad0-89f3-c006d412f32c] Ack server push request, request = NotifySubscriberRequest, requestId = 32
2025-09-19 17:31:26.541  INFO  [nacos.publisher-com.alibaba.nacos.client.naming.event.InstancesChangeEvent] c.y.g.c.BootStrap - refresh service and instance: backend-user-server:1.0.0 [{"gray":false,"port":8201,"registerTime":1758274286297,"enable":true,"ip":"10.19.22.108","serviceInstanceId":"10.19.22.108:8201","weight":100,"version":"1.0.0","uniqueId":"backend-user-server:1.0.0"}]
2025-09-19 17:31:26.541  INFO  [nacos.publisher-com.alibaba.nacos.client.naming.event.InstancesChangeEvent] c.y.g.c.c.DynamicConfigManager - putServiceDefinition backend-user-server:1.0.0 -> com.yu.gateway.common.config.ServiceDefinition@d1296ba6
2025-09-19 17:31:26.979  INFO  [nacos-grpc-client-executor-24] c.a.n.c.r.client - [be9f9be5-6aee-4ad0-89f3-c006d412f32c] Receive server push request, request = NotifySubscriberRequest, requestId = 33
2025-09-19 17:31:26.981  INFO  [nacos.publisher-com.alibaba.nacos.client.naming.event.InstancesChangeEvent] c.y.g.r.c.n.i.NacosRegisterCenter - Nacos event is {"groupName":"dev","instances":[{"metadata":{"meta":"{\"enable\":true,\"gray\":false,\"ip\":\"10.19.22.108\",\"port\":8201,\"registerTime\":1758274286514,\"serviceInstanceId\":\"10.19.22.108:8201\",\"uniqueId\":\"backend-http-server:1.0.0\",\"version\":\"1.0.0\",\"weight\":100}"},"ip":"10.19.22.108","instanceHeartBeatTimeOut":15000,"ephemeral":true,"weight":1.0,"serviceName":"dev@@backend-http-server","enabled":true,"ipDeleteTimeout":30000,"instanceHeartBeatInterval":5000,"instanceId":"10.19.22.108:8201","port":8201,"healthy":true,"clusterName":"DEFAULT"}],"serviceName":"backend-http-server","clusters":""}
2025-09-19 17:31:26.981  INFO  [nacos-grpc-client-executor-24] c.a.n.c.r.client - [be9f9be5-6aee-4ad0-89f3-c006d412f32c] Ack server push request, request = NotifySubscriberRequest, requestId = 33
2025-09-19 17:31:26.983  INFO  [nacos.publisher-com.alibaba.nacos.client.naming.event.InstancesChangeEvent] c.y.g.c.BootStrap - refresh service and instance: backend-http-server:1.0.0 [{"gray":false,"port":8201,"registerTime":1758274286514,"enable":true,"ip":"10.19.22.108","serviceInstanceId":"10.19.22.108:8201","weight":100,"version":"1.0.0","uniqueId":"backend-http-server:1.0.0"}]
2025-09-19 17:31:26.984  INFO  [nacos.publisher-com.alibaba.nacos.client.naming.event.InstancesChangeEvent] c.y.g.c.c.DynamicConfigManager - putServiceDefinition backend-http-server:1.0.0 -> com.yu.gateway.common.config.ServiceDefinition@1a3aaa09
2025-09-19 17:31:30.266  INFO  [doSubscribeAllServices.0] c.y.g.r.c.n.i.NacosRegisterCenter - service list size 3
2025-09-19 17:31:40.276  INFO  [doSubscribeAllServices.0] c.y.g.r.c.n.i.NacosRegisterCenter - service list size 3
2025-09-19 17:31:50.284  INFO  [doSubscribeAllServices.0] c.y.g.r.c.n.i.NacosRegisterCenter - service list size 3
2025-09-19 17:32:00.294  INFO  [doSubscribeAllServices.0] c.y.g.r.c.n.i.NacosRegisterCenter - service list size 3
2025-09-19 17:32:08.755  INFO  [ParallelQueueHandlergateway-queue--pool-0] c.y.g.c.c.DynamicConfigManager - getRuleByServiceId backend-http-server
2025-09-19 17:32:08.756  ERROR [ParallelQueueHandlergateway-queue--pool-0] c.y.g.c.n.p.NettyCoreProcessor - 处理未知错误
java.lang.NullPointerException: Cannot invoke "java.util.List.stream()" because the return value of "com.yu.gateway.common.config.DynamicConfigManager.getRuleByServiceId(String)" is null
	at com.yu.gateway.core.helper.RequestHelper.getRule(RequestHelper.java:113)
	at com.yu.gateway.core.helper.RequestHelper.doContext(RequestHelper.java:43)
	at com.yu.gateway.core.netty.processor.NettyCoreProcessor.process(NettyCoreProcessor.java:44)
	at com.yu.gateway.core.netty.processor.DisruptorNettyCoreProcessor$BatchEventListenerProcessor.onEvent(DisruptorNettyCoreProcessor.java:85)
	at com.yu.gateway.core.netty.processor.DisruptorNettyCoreProcessor$BatchEventListenerProcessor.onEvent(DisruptorNettyCoreProcessor.java:81)
	at com.yu.gateway.core.disruptor.ParallelQueueHandler$HolderWorkHandler.onEvent(ParallelQueueHandler.java:202)
	at com.yu.gateway.core.disruptor.ParallelQueueHandler$HolderWorkHandler.onEvent(ParallelQueueHandler.java:199)
	at com.lmax.disruptor.WorkProcessor.run(WorkProcessor.java:143)
	at java.base/java.util.concurrent.ThreadPoolExecutor.runWorker(ThreadPoolExecutor.java:1144)
	at java.base/java.util.concurrent.ThreadPoolExecutor$Worker.run(ThreadPoolExecutor.java:642)
	at java.base/java.lang.Thread.run(Thread.java:1589)
2025-09-19 17:32:10.313  INFO  [doSubscribeAllServices.0] c.y.g.r.c.n.i.NacosRegisterCenter - service list size 3
2025-09-19 17:32:20.333  INFO  [doSubscribeAllServices.0] c.y.g.r.c.n.i.NacosRegisterCenter - service list size 3
2025-09-19 17:32:30.339  INFO  [doSubscribeAllServices.0] c.y.g.r.c.n.i.NacosRegisterCenter - service list size 3
2025-09-19 17:32:40.346  INFO  [doSubscribeAllServices.0] c.y.g.r.c.n.i.NacosRegisterCenter - service list size 3
2025-09-19 17:32:50.364  INFO  [doSubscribeAllServices.0] c.y.g.r.c.n.i.NacosRegisterCenter - service list size 3
2025-09-19 17:33:00.376  INFO  [doSubscribeAllServices.0] c.y.g.r.c.n.i.NacosRegisterCenter - service list size 3
2025-09-19 17:33:10.390  INFO  [doSubscribeAllServices.0] c.y.g.r.c.n.i.NacosRegisterCenter - service list size 3
2025-09-19 17:33:20.401  INFO  [doSubscribeAllServices.0] c.y.g.r.c.n.i.NacosRegisterCenter - service list size 3
2025-09-19 17:33:30.410  INFO  [doSubscribeAllServices.0] c.y.g.r.c.n.i.NacosRegisterCenter - service list size 3
2025-09-19 17:33:40.422  INFO  [doSubscribeAllServices.0] c.y.g.r.c.n.i.NacosRegisterCenter - service list size 3
2025-09-19 17:33:50.428  INFO  [doSubscribeAllServices.0] c.y.g.r.c.n.i.NacosRegisterCenter - service list size 3
2025-09-19 17:34:00.456  INFO  [doSubscribeAllServices.0] c.y.g.r.c.n.i.NacosRegisterCenter - service list size 3
2025-09-19 17:34:10.469  INFO  [doSubscribeAllServices.0] c.y.g.r.c.n.i.NacosRegisterCenter - service list size 3
2025-09-19 17:34:20.490  INFO  [doSubscribeAllServices.0] c.y.g.r.c.n.i.NacosRegisterCenter - service list size 3
2025-09-19 17:34:30.502  INFO  [doSubscribeAllServices.0] c.y.g.r.c.n.i.NacosRegisterCenter - service list size 3
2025-09-19 17:34:40.520  INFO  [doSubscribeAllServices.0] c.y.g.r.c.n.i.NacosRegisterCenter - service list size 3
2025-09-19 17:34:50.542  INFO  [doSubscribeAllServices.0] c.y.g.r.c.n.i.NacosRegisterCenter - service list size 3
2025-09-19 17:35:00.573  INFO  [doSubscribeAllServices.0] c.y.g.r.c.n.i.NacosRegisterCenter - service list size 3
2025-09-19 17:35:10.588  INFO  [doSubscribeAllServices.0] c.y.g.r.c.n.i.NacosRegisterCenter - service list size 3
2025-09-19 17:35:20.603  INFO  [doSubscribeAllServices.0] c.y.g.r.c.n.i.NacosRegisterCenter - service list size 3
2025-09-19 17:35:30.607  INFO  [doSubscribeAllServices.0] c.y.g.r.c.n.i.NacosRegisterCenter - service list size 3
2025-09-19 17:35:40.612  INFO  [doSubscribeAllServices.0] c.y.g.r.c.n.i.NacosRegisterCenter - service list size 3
2025-09-19 17:35:50.619  INFO  [doSubscribeAllServices.0] c.y.g.r.c.n.i.NacosRegisterCenter - service list size 3
2025-09-19 17:36:00.623  INFO  [doSubscribeAllServices.0] c.y.g.r.c.n.i.NacosRegisterCenter - service list size 3
2025-09-19 17:36:10.627  INFO  [doSubscribeAllServices.0] c.y.g.r.c.n.i.NacosRegisterCenter - service list size 3
2025-09-19 17:36:20.632  INFO  [doSubscribeAllServices.0] c.y.g.r.c.n.i.NacosRegisterCenter - service list size 3
2025-09-19 17:36:30.637  INFO  [doSubscribeAllServices.0] c.y.g.r.c.n.i.NacosRegisterCenter - service list size 3
2025-09-19 17:36:40.644  INFO  [doSubscribeAllServices.0] c.y.g.r.c.n.i.NacosRegisterCenter - service list size 3
2025-09-19 17:36:50.657  INFO  [doSubscribeAllServices.0] c.y.g.r.c.n.i.NacosRegisterCenter - service list size 3
2025-09-19 17:37:00.672  INFO  [doSubscribeAllServices.0] c.y.g.r.c.n.i.NacosRegisterCenter - service list size 3
2025-09-19 17:37:10.692  INFO  [doSubscribeAllServices.0] c.y.g.r.c.n.i.NacosRegisterCenter - service list size 3
2025-09-19 17:37:20.708  INFO  [doSubscribeAllServices.0] c.y.g.r.c.n.i.NacosRegisterCenter - service list size 3
2025-09-19 17:37:30.719  INFO  [doSubscribeAllServices.0] c.y.g.r.c.n.i.NacosRegisterCenter - service list size 3
2025-09-19 17:37:40.727  INFO  [doSubscribeAllServices.0] c.y.g.r.c.n.i.NacosRegisterCenter - service list size 3
2025-09-19 17:37:50.731  INFO  [doSubscribeAllServices.0] c.y.g.r.c.n.i.NacosRegisterCenter - service list size 3
2025-09-19 17:38:00.740  INFO  [doSubscribeAllServices.0] c.y.g.r.c.n.i.NacosRegisterCenter - service list size 3
2025-09-19 17:38:10.756  INFO  [doSubscribeAllServices.0] c.y.g.r.c.n.i.NacosRegisterCenter - service list size 3
2025-09-19 17:38:20.772  INFO  [doSubscribeAllServices.0] c.y.g.r.c.n.i.NacosRegisterCenter - service list size 3
2025-09-19 17:38:30.781  INFO  [doSubscribeAllServices.0] c.y.g.r.c.n.i.NacosRegisterCenter - service list size 3
2025-09-19 17:38:40.789  INFO  [doSubscribeAllServices.0] c.y.g.r.c.n.i.NacosRegisterCenter - service list size 3
2025-09-19 17:38:50.811  INFO  [doSubscribeAllServices.0] c.y.g.r.c.n.i.NacosRegisterCenter - service list size 3
2025-09-19 17:39:00.827  INFO  [doSubscribeAllServices.0] c.y.g.r.c.n.i.NacosRegisterCenter - service list size 3
2025-09-19 17:39:10.845  INFO  [doSubscribeAllServices.0] c.y.g.r.c.n.i.NacosRegisterCenter - service list size 3
2025-09-19 17:39:11.740  INFO  [nacos-grpc-client-executor-190] c.a.n.c.r.client - [be9f9be5-6aee-4ad0-89f3-c006d412f32c] Receive server push request, request = NotifySubscriberRequest, requestId = 34
2025-09-19 17:39:11.741  INFO  [nacos.publisher-com.alibaba.nacos.client.naming.event.InstancesChangeEvent] c.y.g.r.c.n.i.NacosRegisterCenter - Nacos event is {"groupName":"dev","instances":[],"serviceName":"backend-user-server","clusters":""}
2025-09-19 17:39:11.742  INFO  [nacos-grpc-client-executor-190] c.a.n.c.r.client - [be9f9be5-6aee-4ad0-89f3-c006d412f32c] Ack server push request, request = NotifySubscriberRequest, requestId = 34
2025-09-19 17:39:11.746  INFO  [nacos.publisher-com.alibaba.nacos.client.naming.event.InstancesChangeEvent] c.y.g.c.BootStrap - refresh service and instance: backend-user-server:1.0.0 []
2025-09-19 17:39:11.746  INFO  [nacos.publisher-com.alibaba.nacos.client.naming.event.InstancesChangeEvent] c.y.g.c.c.DynamicConfigManager - putServiceDefinition backend-user-server:1.0.0 -> com.yu.gateway.common.config.ServiceDefinition@d1296ba6
2025-09-19 17:39:11.747  INFO  [nacos-grpc-client-executor-191] c.a.n.c.r.client - [be9f9be5-6aee-4ad0-89f3-c006d412f32c] Receive server push request, request = NotifySubscriberRequest, requestId = 35
2025-09-19 17:39:11.747  INFO  [nacos.publisher-com.alibaba.nacos.client.naming.event.InstancesChangeEvent] c.y.g.r.c.n.i.NacosRegisterCenter - Nacos event is {"groupName":"dev","instances":[],"serviceName":"backend-http-server","clusters":""}
2025-09-19 17:39:11.748  INFO  [nacos-grpc-client-executor-191] c.a.n.c.r.client - [be9f9be5-6aee-4ad0-89f3-c006d412f32c] Ack server push request, request = NotifySubscriberRequest, requestId = 35
2025-09-19 17:39:11.751  INFO  [nacos.publisher-com.alibaba.nacos.client.naming.event.InstancesChangeEvent] c.y.g.c.BootStrap - refresh service and instance: backend-http-server:1.0.0 []
2025-09-19 17:39:11.751  INFO  [nacos.publisher-com.alibaba.nacos.client.naming.event.InstancesChangeEvent] c.y.g.c.c.DynamicConfigManager - putServiceDefinition backend-http-server:1.0.0 -> com.yu.gateway.common.config.ServiceDefinition@1a3aaa09
2025-09-19 17:39:16.041  INFO  [nacos-grpc-client-executor-192] c.a.n.c.r.client - [be9f9be5-6aee-4ad0-89f3-c006d412f32c] Receive server push request, request = NotifySubscriberRequest, requestId = 36
2025-09-19 17:39:16.042  INFO  [nacos.publisher-com.alibaba.nacos.client.naming.event.InstancesChangeEvent] c.y.g.r.c.n.i.NacosRegisterCenter - Nacos event is {"groupName":"dev","instances":[{"metadata":{"meta":"{\"enable\":true,\"gray\":false,\"ip\":\"10.19.22.108\",\"port\":8201,\"registerTime\":1758274755596,\"serviceInstanceId\":\"10.19.22.108:8201\",\"uniqueId\":\"backend-user-server:1.0.0\",\"version\":\"1.0.0\",\"weight\":100}"},"ip":"10.19.22.108","instanceHeartBeatTimeOut":15000,"ephemeral":true,"weight":1.0,"serviceName":"dev@@backend-user-server","enabled":true,"ipDeleteTimeout":30000,"instanceHeartBeatInterval":5000,"instanceId":"10.19.22.108:8201","port":8201,"healthy":true,"clusterName":"DEFAULT"}],"serviceName":"backend-user-server","clusters":""}
2025-09-19 17:39:16.043  INFO  [nacos-grpc-client-executor-192] c.a.n.c.r.client - [be9f9be5-6aee-4ad0-89f3-c006d412f32c] Ack server push request, request = NotifySubscriberRequest, requestId = 36
2025-09-19 17:39:16.045  INFO  [nacos.publisher-com.alibaba.nacos.client.naming.event.InstancesChangeEvent] c.y.g.c.BootStrap - refresh service and instance: backend-user-server:1.0.0 [{"gray":false,"port":8201,"registerTime":1758274755596,"enable":true,"ip":"10.19.22.108","serviceInstanceId":"10.19.22.108:8201","weight":100,"version":"1.0.0","uniqueId":"backend-user-server:1.0.0"}]
2025-09-19 17:39:16.045  INFO  [nacos.publisher-com.alibaba.nacos.client.naming.event.InstancesChangeEvent] c.y.g.c.c.DynamicConfigManager - putServiceDefinition backend-user-server:1.0.0 -> com.yu.gateway.common.config.ServiceDefinition@d1296ba6
2025-09-19 17:39:16.261  INFO  [nacos-grpc-client-executor-193] c.a.n.c.r.client - [be9f9be5-6aee-4ad0-89f3-c006d412f32c] Receive server push request, request = NotifySubscriberRequest, requestId = 37
2025-09-19 17:39:16.261  INFO  [nacos.publisher-com.alibaba.nacos.client.naming.event.InstancesChangeEvent] c.y.g.r.c.n.i.NacosRegisterCenter - Nacos event is {"groupName":"dev","instances":[{"metadata":{"meta":"{\"enable\":true,\"gray\":false,\"ip\":\"10.19.22.108\",\"port\":8201,\"registerTime\":1758274756227,\"serviceInstanceId\":\"10.19.22.108:8201\",\"uniqueId\":\"backend-http-server:1.0.0\",\"version\":\"1.0.0\",\"weight\":100}"},"ip":"10.19.22.108","instanceHeartBeatTimeOut":15000,"ephemeral":true,"weight":1.0,"serviceName":"dev@@backend-http-server","enabled":true,"ipDeleteTimeout":30000,"instanceHeartBeatInterval":5000,"instanceId":"10.19.22.108:8201","port":8201,"healthy":true,"clusterName":"DEFAULT"}],"serviceName":"backend-http-server","clusters":""}
2025-09-19 17:39:16.262  INFO  [nacos-grpc-client-executor-193] c.a.n.c.r.client - [be9f9be5-6aee-4ad0-89f3-c006d412f32c] Ack server push request, request = NotifySubscriberRequest, requestId = 37
2025-09-19 17:39:16.264  INFO  [nacos.publisher-com.alibaba.nacos.client.naming.event.InstancesChangeEvent] c.y.g.c.BootStrap - refresh service and instance: backend-http-server:1.0.0 [{"gray":false,"port":8201,"registerTime":1758274756227,"enable":true,"ip":"10.19.22.108","serviceInstanceId":"10.19.22.108:8201","weight":100,"version":"1.0.0","uniqueId":"backend-http-server:1.0.0"}]
2025-09-19 17:39:16.264  INFO  [nacos.publisher-com.alibaba.nacos.client.naming.event.InstancesChangeEvent] c.y.g.c.c.DynamicConfigManager - putServiceDefinition backend-http-server:1.0.0 -> com.yu.gateway.common.config.ServiceDefinition@1a3aaa09
2025-09-19 17:39:19.193  WARN  [Thread-3] c.a.n.c.n.NotifyCenter - [NotifyCenter] Start destroying Publisher
2025-09-19 17:39:19.193  WARN  [Thread-0] c.a.n.c.h.HttpClientBeanHolder - [HttpClientBeanHolder] Start destroying common HttpClient
2025-09-19 17:39:19.193  WARN  [Thread-3] c.a.n.c.n.NotifyCenter - [NotifyCenter] Destruction of the end
2025-09-19 17:39:19.193  WARN  [Thread-0] c.a.n.c.h.HttpClientBeanHolder - [HttpClientBeanHolder] Destruction of the end
2025-09-19 17:39:20.762  INFO  [main] c.a.n.c.r.client - [RpcClientFactory] create a new rpc client of 969b6a8a-94b6-44c6-b0f9-ca52fecb58fb_config-0
2025-09-19 17:39:20.803  INFO  [main] o.r.Reflections - Reflections took 21 ms to scan 1 urls, producing 3 keys and 6 values 
2025-09-19 17:39:20.844  INFO  [main] o.r.Reflections - Reflections took 7 ms to scan 1 urls, producing 4 keys and 9 values 
2025-09-19 17:39:20.852  INFO  [main] o.r.Reflections - Reflections took 7 ms to scan 1 urls, producing 3 keys and 10 values 
2025-09-19 17:39:20.856  WARN  [main] o.r.Reflections - given scan urls are empty. set urls in the configuration
2025-09-19 17:39:20.859  INFO  [main] o.r.Reflections - Reflections took 3 ms to scan 1 urls, producing 1 keys and 5 values 
2025-09-19 17:39:20.867  INFO  [main] o.r.Reflections - Reflections took 5 ms to scan 1 urls, producing 1 keys and 7 values 
2025-09-19 17:39:20.874  INFO  [main] o.r.Reflections - Reflections took 4 ms to scan 1 urls, producing 2 keys and 8 values 
2025-09-19 17:39:20.877  WARN  [main] o.r.Reflections - given scan urls are empty. set urls in the configuration
2025-09-19 17:39:20.879  INFO  [main] c.a.n.c.r.client - [969b6a8a-94b6-44c6-b0f9-ca52fecb58fb_config-0] RpcClient init label, labels = {module=config, Vipserver-Tag=null, source=sdk, Amory-Tag=null, Location-Tag=null, taskId=0, AppName=unknown}
2025-09-19 17:39:20.880  INFO  [main] c.a.n.c.r.client - [969b6a8a-94b6-44c6-b0f9-ca52fecb58fb_config-0] Register server push request handler:com.alibaba.nacos.client.config.impl.ClientWorker$ConfigRpcTransportClient$$Lambda$70/0x0000000801109b38
2025-09-19 17:39:20.881  INFO  [main] c.a.n.c.r.client - [969b6a8a-94b6-44c6-b0f9-ca52fecb58fb_config-0] Register server push request handler:com.alibaba.nacos.client.config.impl.ClientWorker$ConfigRpcTransportClient$$Lambda$71/0x0000000801109d48
2025-09-19 17:39:20.882  INFO  [main] c.a.n.c.r.client - [969b6a8a-94b6-44c6-b0f9-ca52fecb58fb_config-0] Registry connection listener to current client:com.alibaba.nacos.client.config.impl.ClientWorker$ConfigRpcTransportClient$1
2025-09-19 17:39:20.883  INFO  [main] c.a.n.c.r.client - [969b6a8a-94b6-44c6-b0f9-ca52fecb58fb_config-0] RpcClient init, ServerListFactory = com.alibaba.nacos.client.config.impl.ClientWorker$ConfigRpcTransportClient$2
2025-09-19 17:39:20.896  INFO  [main] c.a.n.c.r.client - [969b6a8a-94b6-44c6-b0f9-ca52fecb58fb_config-0] Try to connect to server on start up, server: {serverIp = '127.0.0.1', server main port = 8848}
2025-09-19 17:39:21.642  INFO  [main] c.a.n.c.r.client - [969b6a8a-94b6-44c6-b0f9-ca52fecb58fb_config-0] Success to connect to server [127.0.0.1:8848] on start up, connectionId = 1758274761475_127.0.0.1_59853
2025-09-19 17:39:21.643  INFO  [com.alibaba.nacos.client.remote.worker] c.a.n.c.r.client - [969b6a8a-94b6-44c6-b0f9-ca52fecb58fb_config-0] Notify connected event to listeners.
2025-09-19 17:39:21.643  INFO  [main] c.a.n.c.r.client - [969b6a8a-94b6-44c6-b0f9-ca52fecb58fb_config-0] Register server push request handler:com.alibaba.nacos.common.remote.client.RpcClient$ConnectResetRequestHandler
2025-09-19 17:39:21.644  INFO  [main] c.a.n.c.r.client - [969b6a8a-94b6-44c6-b0f9-ca52fecb58fb_config-0] Register server push request handler:com.alibaba.nacos.common.remote.client.RpcClient$$Lambda$109/0x00000008012ae868
2025-09-19 17:39:21.680  INFO  [main] c.y.g.c.c.n.i.NacosConfigCenter - Rules-Config From Nacos: null
2025-09-19 17:39:21.712  WARN  [main] c.y.g.c.c.n.i.NacosConfigCenter - Failed to parse config JSON from Nacos, result is null
2025-09-19 17:39:21.739  INFO  [main] c.y.g.c.f.GatewayFilterChainFactory - load filter success:class com.yu.gateway.core.filter.auth.AuthFilter,auth_filter,auth_filter,1
2025-09-19 17:39:21.742  INFO  [main] c.y.g.c.f.GatewayFilterChainFactory - load filter success:class com.yu.gateway.core.filter.loadBalance.LoadBalanceFilter,load_balance_filter,load_balance_filter,100
2025-09-19 17:39:21.743  INFO  [main] c.y.g.c.f.GatewayFilterChainFactory - load filter success:class com.yu.gateway.core.filter.router.RouterFilter,router_filter,router_filter,2147483647
2025-09-19 17:39:21.744  INFO  [main] c.y.g.c.f.GatewayFilterChainFactory - load filter success:class com.yu.gateway.core.filter.gray.GrayFilter,gray_filter,gray_filter,4
2025-09-19 17:39:21.744  INFO  [main] c.y.g.c.f.GatewayFilterChainFactory - load filter success:class com.yu.gateway.core.filter.flow.FlowControlFilter,flow_ctl_filter,flow_ctl_filter,50
2025-09-19 17:39:22.065  WARN  [main] i.n.b.ServerBootstrap - Unknown channel option 'SO_KEEPALIVE' for channel '[id: 0x77aab2a7]'
2025-09-19 17:39:22.072  INFO  [main] c.y.g.c.n.NettyHttpServer - server startup on port 8888
2025-09-19 17:39:22.073  INFO  [main] c.y.g.c.Container - api gateway starting!
2025-09-19 17:39:22.089  INFO  [main] c.a.n.c.r.client - [RpcClientFactory] create a new rpc client of f0714845-6e53-49a6-a0f5-044d90ecb705
2025-09-19 17:39:22.089  INFO  [main] c.a.n.c.r.client - [f0714845-6e53-49a6-a0f5-044d90ecb705] RpcClient init label, labels = {module=naming, source=sdk}
2025-09-19 17:39:22.091  INFO  [main] c.a.n.c.r.client - [f0714845-6e53-49a6-a0f5-044d90ecb705] RpcClient init, ServerListFactory = com.alibaba.nacos.client.naming.core.ServerListManager
2025-09-19 17:39:22.091  INFO  [main] c.a.n.c.r.client - [f0714845-6e53-49a6-a0f5-044d90ecb705] Registry connection listener to current client:com.alibaba.nacos.client.naming.remote.gprc.redo.NamingGrpcRedoService
2025-09-19 17:39:22.091  INFO  [main] c.a.n.c.r.client - [f0714845-6e53-49a6-a0f5-044d90ecb705] Register server push request handler:com.alibaba.nacos.client.naming.remote.gprc.NamingPushRequestHandler
2025-09-19 17:39:22.093  INFO  [main] c.a.n.c.r.client - [f0714845-6e53-49a6-a0f5-044d90ecb705] Try to connect to server on start up, server: {serverIp = '127.0.0.1', server main port = 8848}
2025-09-19 17:39:22.223  INFO  [main] c.a.n.c.r.client - [f0714845-6e53-49a6-a0f5-044d90ecb705] Success to connect to server [127.0.0.1:8848] on start up, connectionId = 1758274762100_127.0.0.1_59856
2025-09-19 17:39:22.223  INFO  [main] c.a.n.c.r.client - [f0714845-6e53-49a6-a0f5-044d90ecb705] Register server push request handler:com.alibaba.nacos.common.remote.client.RpcClient$ConnectResetRequestHandler
2025-09-19 17:39:22.223  INFO  [main] c.a.n.c.r.client - [f0714845-6e53-49a6-a0f5-044d90ecb705] Register server push request handler:com.alibaba.nacos.common.remote.client.RpcClient$$Lambda$109/0x00000008012ae868
2025-09-19 17:39:22.223  INFO  [com.alibaba.nacos.client.remote.worker] c.a.n.c.r.client - [f0714845-6e53-49a6-a0f5-044d90ecb705] Notify connected event to listeners.
2025-09-19 17:39:22.384  INFO  [main] c.y.g.r.c.n.i.NacosRegisterCenter - register com.yu.gateway.common.config.ServiceDefinition@5229e9b0 com.yu.gateway.common.config.ServiceInstance@39449bd7
2025-09-19 17:39:22.390  INFO  [main] c.y.g.r.c.n.i.NacosRegisterCenter - service list size 3
2025-09-19 17:39:22.393  INFO  [main] c.y.g.r.c.n.i.NacosRegisterCenter - Nacos event is {"serviceName":"backend-user-server"}
2025-09-19 17:39:22.425  INFO  [main] c.y.g.c.BootStrap - refresh service and instance: backend-user-server:1.0.0 [{"gray":false,"port":8201,"registerTime":1758274755596,"enable":true,"ip":"10.19.22.108","serviceInstanceId":"10.19.22.108:8201","weight":100,"version":"1.0.0","uniqueId":"backend-user-server:1.0.0"}]
2025-09-19 17:39:22.426  INFO  [main] c.y.g.c.c.DynamicConfigManager - putServiceDefinition backend-user-server:1.0.0 -> com.yu.gateway.common.config.ServiceDefinition@d1296ba6
2025-09-19 17:39:22.427  INFO  [main] c.y.g.r.c.n.i.NacosRegisterCenter - subscribe a service, serviceName backend-user-server envdev
2025-09-19 17:39:22.427  INFO  [main] c.y.g.r.c.n.i.NacosRegisterCenter - Nacos event is {"serviceName":"backend-http-server"}
2025-09-19 17:39:22.432  INFO  [main] c.y.g.c.BootStrap - refresh service and instance: backend-http-server:1.0.0 [{"gray":false,"port":8201,"registerTime":1758274756227,"enable":true,"ip":"10.19.22.108","serviceInstanceId":"10.19.22.108:8201","weight":100,"version":"1.0.0","uniqueId":"backend-http-server:1.0.0"}]
2025-09-19 17:39:22.432  INFO  [main] c.y.g.c.c.DynamicConfigManager - putServiceDefinition backend-http-server:1.0.0 -> com.yu.gateway.common.config.ServiceDefinition@1a3aaa09
2025-09-19 17:39:22.433  INFO  [main] c.y.g.r.c.n.i.NacosRegisterCenter - subscribe a service, serviceName backend-http-server envdev
2025-09-19 17:39:22.433  INFO  [main] c.y.g.r.c.n.i.NacosRegisterCenter - Nacos event is {"serviceName":"api-gateway"}
2025-09-19 17:39:22.437  INFO  [main] c.y.g.c.BootStrap - refresh service and instance: api-gateway []
2025-09-19 17:39:22.438  INFO  [main] c.y.g.c.c.DynamicConfigManager - putServiceDefinition api-gateway -> com.yu.gateway.common.config.ServiceDefinition@5229e9b0
2025-09-19 17:39:22.438  INFO  [main] c.y.g.r.c.n.i.NacosRegisterCenter - subscribe a service, serviceName api-gateway envdev
2025-09-19 17:39:22.865  INFO  [nacos-grpc-client-executor-11] c.a.n.c.r.client - [f0714845-6e53-49a6-a0f5-044d90ecb705] Receive server push request, request = NotifySubscriberRequest, requestId = 38
2025-09-19 17:39:22.869  INFO  [nacos-grpc-client-executor-11] c.a.n.c.r.client - [f0714845-6e53-49a6-a0f5-044d90ecb705] Ack server push request, request = NotifySubscriberRequest, requestId = 38
2025-09-19 17:39:22.871  INFO  [nacos.publisher-com.alibaba.nacos.client.naming.event.InstancesChangeEvent] c.y.g.r.c.n.i.NacosRegisterCenter - Nacos event is {"groupName":"dev","instances":[{"metadata":{"meta":"{\"enable\":true,\"gray\":false,\"ip\":\"10.19.22.108\",\"port\":8888,\"registerTime\":1758274762330,\"serviceInstanceId\":\"10.19.22.108:8888\"}"},"ip":"10.19.22.108","instanceHeartBeatTimeOut":15000,"ephemeral":true,"weight":1.0,"serviceName":"dev@@api-gateway","enabled":true,"ipDeleteTimeout":30000,"instanceHeartBeatInterval":5000,"instanceId":"10.19.22.108:8888","port":8888,"healthy":true,"clusterName":"DEFAULT"}],"serviceName":"api-gateway","clusters":""}
2025-09-19 17:39:22.882  INFO  [nacos.publisher-com.alibaba.nacos.client.naming.event.InstancesChangeEvent] c.y.g.c.BootStrap - refresh service and instance: api-gateway [{"gray":false,"port":8888,"registerTime":1758274762330,"enable":true,"ip":"10.19.22.108","serviceInstanceId":"10.19.22.108:8888"}]
2025-09-19 17:39:22.883  INFO  [nacos.publisher-com.alibaba.nacos.client.naming.event.InstancesChangeEvent] c.y.g.c.c.DynamicConfigManager - putServiceDefinition api-gateway -> com.yu.gateway.common.config.ServiceDefinition@5229e9b0
2025-09-19 17:39:22.967  INFO  [nacos-grpc-client-executor-12] c.a.n.c.r.client - [f0714845-6e53-49a6-a0f5-044d90ecb705] Receive server push request, request = NotifySubscriberRequest, requestId = 40
2025-09-19 17:39:22.967  INFO  [nacos-grpc-client-executor-12] c.a.n.c.r.client - [f0714845-6e53-49a6-a0f5-044d90ecb705] Ack server push request, request = NotifySubscriberRequest, requestId = 40
2025-09-19 17:39:22.972  INFO  [nacos-grpc-client-executor-13] c.a.n.c.r.client - [f0714845-6e53-49a6-a0f5-044d90ecb705] Receive server push request, request = NotifySubscriberRequest, requestId = 39
2025-09-19 17:39:22.972  INFO  [nacos-grpc-client-executor-13] c.a.n.c.r.client - [f0714845-6e53-49a6-a0f5-044d90ecb705] Ack server push request, request = NotifySubscriberRequest, requestId = 39
2025-09-19 17:39:32.446  INFO  [doSubscribeAllServices.0] c.y.g.r.c.n.i.NacosRegisterCenter - service list size 3
2025-09-19 17:39:36.939  INFO  [ParallelQueueHandlergateway-queue--pool-0] c.y.g.c.c.DynamicConfigManager - getRuleByServiceId backend-http-server
2025-09-19 17:39:36.940  ERROR [ParallelQueueHandlergateway-queue--pool-0] c.y.g.c.n.p.NettyCoreProcessor - 处理错误 10002 没有找到匹配的路径, 请求快速失败
2025-09-19 17:39:42.458  INFO  [doSubscribeAllServices.0] c.y.g.r.c.n.i.NacosRegisterCenter - service list size 3
2025-09-19 17:39:52.478  INFO  [doSubscribeAllServices.0] c.y.g.r.c.n.i.NacosRegisterCenter - service list size 3
2025-09-19 17:40:02.485  INFO  [doSubscribeAllServices.0] c.y.g.r.c.n.i.NacosRegisterCenter - service list size 3
2025-09-19 17:40:12.491  INFO  [doSubscribeAllServices.0] c.y.g.r.c.n.i.NacosRegisterCenter - service list size 3
2025-09-19 17:40:22.496  INFO  [doSubscribeAllServices.0] c.y.g.r.c.n.i.NacosRegisterCenter - service list size 3
2025-09-19 17:40:27.224  WARN  [Thread-3] c.a.n.c.n.NotifyCenter - [NotifyCenter] Start destroying Publisher
2025-09-19 17:40:27.224  WARN  [Thread-0] c.a.n.c.h.HttpClientBeanHolder - [HttpClientBeanHolder] Start destroying common HttpClient
2025-09-19 17:40:27.224  WARN  [Thread-3] c.a.n.c.n.NotifyCenter - [NotifyCenter] Destruction of the end
2025-09-19 17:40:27.224  WARN  [Thread-0] c.a.n.c.h.HttpClientBeanHolder - [HttpClientBeanHolder] Destruction of the end
2025-09-19 19:12:26.824  INFO  [main] c.a.n.c.r.client - [RpcClientFactory] create a new rpc client of 8ac0fa64-9847-477b-bf93-00298eb4904a_config-0
2025-09-19 19:12:26.879  INFO  [main] o.r.Reflections - Reflections took 23 ms to scan 1 urls, producing 3 keys and 6 values 
2025-09-19 19:12:26.917  INFO  [main] o.r.Reflections - Reflections took 6 ms to scan 1 urls, producing 4 keys and 9 values 
2025-09-19 19:12:26.926  INFO  [main] o.r.Reflections - Reflections took 7 ms to scan 1 urls, producing 3 keys and 10 values 
2025-09-19 19:12:26.937  WARN  [main] o.r.Reflections - given scan urls are empty. set urls in the configuration
2025-09-19 19:12:26.941  INFO  [main] o.r.Reflections - Reflections took 4 ms to scan 1 urls, producing 1 keys and 5 values 
2025-09-19 19:12:26.952  INFO  [main] o.r.Reflections - Reflections took 7 ms to scan 1 urls, producing 1 keys and 7 values 
2025-09-19 19:12:26.959  INFO  [main] o.r.Reflections - Reflections took 3 ms to scan 1 urls, producing 2 keys and 8 values 
2025-09-19 19:12:26.961  WARN  [main] o.r.Reflections - given scan urls are empty. set urls in the configuration
2025-09-19 19:12:26.964  INFO  [main] c.a.n.c.r.client - [8ac0fa64-9847-477b-bf93-00298eb4904a_config-0] RpcClient init label, labels = {module=config, Vipserver-Tag=null, source=sdk, Amory-Tag=null, Location-Tag=null, taskId=0, AppName=unknown}
2025-09-19 19:12:26.966  INFO  [main] c.a.n.c.r.client - [8ac0fa64-9847-477b-bf93-00298eb4904a_config-0] Register server push request handler:com.alibaba.nacos.client.config.impl.ClientWorker$ConfigRpcTransportClient$$Lambda$70/0x0000000801109b38
2025-09-19 19:12:26.967  INFO  [main] c.a.n.c.r.client - [8ac0fa64-9847-477b-bf93-00298eb4904a_config-0] Register server push request handler:com.alibaba.nacos.client.config.impl.ClientWorker$ConfigRpcTransportClient$$Lambda$71/0x0000000801109d48
2025-09-19 19:12:26.968  INFO  [main] c.a.n.c.r.client - [8ac0fa64-9847-477b-bf93-00298eb4904a_config-0] Registry connection listener to current client:com.alibaba.nacos.client.config.impl.ClientWorker$ConfigRpcTransportClient$1
2025-09-19 19:12:26.968  INFO  [main] c.a.n.c.r.client - [8ac0fa64-9847-477b-bf93-00298eb4904a_config-0] RpcClient init, ServerListFactory = com.alibaba.nacos.client.config.impl.ClientWorker$ConfigRpcTransportClient$2
2025-09-19 19:12:26.976  INFO  [main] c.a.n.c.r.client - [8ac0fa64-9847-477b-bf93-00298eb4904a_config-0] Try to connect to server on start up, server: {serverIp = '127.0.0.1', server main port = 8848}
2025-09-19 19:12:27.875  INFO  [main] c.a.n.c.r.client - [8ac0fa64-9847-477b-bf93-00298eb4904a_config-0] Success to connect to server [127.0.0.1:8848] on start up, connectionId = 1758280347685_127.0.0.1_61513
2025-09-19 19:12:27.876  INFO  [com.alibaba.nacos.client.remote.worker] c.a.n.c.r.client - [8ac0fa64-9847-477b-bf93-00298eb4904a_config-0] Notify connected event to listeners.
2025-09-19 19:12:27.876  INFO  [main] c.a.n.c.r.client - [8ac0fa64-9847-477b-bf93-00298eb4904a_config-0] Register server push request handler:com.alibaba.nacos.common.remote.client.RpcClient$ConnectResetRequestHandler
2025-09-19 19:12:27.877  INFO  [main] c.a.n.c.r.client - [8ac0fa64-9847-477b-bf93-00298eb4904a_config-0] Register server push request handler:com.alibaba.nacos.common.remote.client.RpcClient$$Lambda$109/0x00000008012ae218
2025-09-19 19:12:27.921  INFO  [main] c.y.g.c.c.n.i.NacosConfigCenter - Rules-Config From Nacos: null
2025-09-19 19:12:27.959  WARN  [main] c.y.g.c.c.n.i.NacosConfigCenter - Failed to parse config JSON from Nacos, result is null
2025-09-19 19:12:27.991  INFO  [main] c.y.g.c.f.GatewayFilterChainFactory - load filter success:class com.yu.gateway.core.filter.auth.AuthFilter,auth_filter,auth_filter,1
2025-09-19 19:12:27.994  INFO  [main] c.y.g.c.f.GatewayFilterChainFactory - load filter success:class com.yu.gateway.core.filter.loadBalance.LoadBalanceFilter,load_balance_filter,load_balance_filter,100
2025-09-19 19:12:27.996  INFO  [main] c.y.g.c.f.GatewayFilterChainFactory - load filter success:class com.yu.gateway.core.filter.router.RouterFilter,router_filter,router_filter,2147483647
2025-09-19 19:12:27.997  INFO  [main] c.y.g.c.f.GatewayFilterChainFactory - load filter success:class com.yu.gateway.core.filter.gray.GrayFilter,gray_filter,gray_filter,4
2025-09-19 19:12:27.997  INFO  [main] c.y.g.c.f.GatewayFilterChainFactory - load filter success:class com.yu.gateway.core.filter.flow.FlowControlFilter,flow_ctl_filter,flow_ctl_filter,50
2025-09-19 19:12:28.326  WARN  [main] i.n.b.ServerBootstrap - Unknown channel option 'SO_KEEPALIVE' for channel '[id: 0x6c8ba51a]'
2025-09-19 19:12:28.333  INFO  [main] c.y.g.c.n.NettyHttpServer - server startup on port 8888
2025-09-19 19:12:28.334  INFO  [main] c.y.g.c.Container - api gateway starting!
2025-09-19 19:12:28.352  INFO  [main] c.a.n.c.r.client - [RpcClientFactory] create a new rpc client of 620298d5-3a15-4b42-b7af-510c0aa08280
2025-09-19 19:12:28.352  INFO  [main] c.a.n.c.r.client - [620298d5-3a15-4b42-b7af-510c0aa08280] RpcClient init label, labels = {module=naming, source=sdk}
2025-09-19 19:12:28.353  INFO  [main] c.a.n.c.r.client - [620298d5-3a15-4b42-b7af-510c0aa08280] RpcClient init, ServerListFactory = com.alibaba.nacos.client.naming.core.ServerListManager
2025-09-19 19:12:28.354  INFO  [main] c.a.n.c.r.client - [620298d5-3a15-4b42-b7af-510c0aa08280] Registry connection listener to current client:com.alibaba.nacos.client.naming.remote.gprc.redo.NamingGrpcRedoService
2025-09-19 19:12:28.354  INFO  [main] c.a.n.c.r.client - [620298d5-3a15-4b42-b7af-510c0aa08280] Register server push request handler:com.alibaba.nacos.client.naming.remote.gprc.NamingPushRequestHandler
2025-09-19 19:12:28.354  INFO  [main] c.a.n.c.r.client - [620298d5-3a15-4b42-b7af-510c0aa08280] Try to connect to server on start up, server: {serverIp = '127.0.0.1', server main port = 8848}
2025-09-19 19:12:28.485  INFO  [main] c.a.n.c.r.client - [620298d5-3a15-4b42-b7af-510c0aa08280] Success to connect to server [127.0.0.1:8848] on start up, connectionId = 1758280348363_127.0.0.1_61516
2025-09-19 19:12:28.485  INFO  [com.alibaba.nacos.client.remote.worker] c.a.n.c.r.client - [620298d5-3a15-4b42-b7af-510c0aa08280] Notify connected event to listeners.
2025-09-19 19:12:28.485  INFO  [main] c.a.n.c.r.client - [620298d5-3a15-4b42-b7af-510c0aa08280] Register server push request handler:com.alibaba.nacos.common.remote.client.RpcClient$ConnectResetRequestHandler
2025-09-19 19:12:28.486  INFO  [main] c.a.n.c.r.client - [620298d5-3a15-4b42-b7af-510c0aa08280] Register server push request handler:com.alibaba.nacos.common.remote.client.RpcClient$$Lambda$109/0x00000008012ae218
2025-09-19 19:12:28.675  INFO  [main] c.y.g.r.c.n.i.NacosRegisterCenter - register com.yu.gateway.common.config.ServiceDefinition@5229e9b0 com.yu.gateway.common.config.ServiceInstance@39449bd7
2025-09-19 19:12:28.685  INFO  [main] c.y.g.r.c.n.i.NacosRegisterCenter - service list size 1
2025-09-19 19:12:28.689  INFO  [main] c.y.g.r.c.n.i.NacosRegisterCenter - Nacos event is {"serviceName":"api-gateway"}
2025-09-19 19:12:28.742  INFO  [main] c.y.g.c.BootStrap - refresh service and instance: api-gateway [{"gray":false,"port":8888,"registerTime":1758280348593,"enable":true,"ip":"10.19.22.108","serviceInstanceId":"10.19.22.108:8888"}]
2025-09-19 19:12:28.744  INFO  [main] c.y.g.c.c.DynamicConfigManager - putServiceDefinition api-gateway -> com.yu.gateway.common.config.ServiceDefinition@5229e9b0
2025-09-19 19:12:28.745  INFO  [main] c.y.g.r.c.n.i.NacosRegisterCenter - subscribe a service, serviceName api-gateway envdev
2025-09-19 19:12:29.261  INFO  [nacos-grpc-client-executor-8] c.a.n.c.r.client - [620298d5-3a15-4b42-b7af-510c0aa08280] Receive server push request, request = NotifySubscriberRequest, requestId = 1
2025-09-19 19:12:29.262  INFO  [nacos-grpc-client-executor-8] c.a.n.c.r.client - [620298d5-3a15-4b42-b7af-510c0aa08280] Ack server push request, request = NotifySubscriberRequest, requestId = 1
2025-09-19 19:12:38.758  INFO  [doSubscribeAllServices.0] c.y.g.r.c.n.i.NacosRegisterCenter - service list size 1
2025-09-19 19:12:48.768  INFO  [doSubscribeAllServices.0] c.y.g.r.c.n.i.NacosRegisterCenter - service list size 1
2025-09-19 19:12:58.777  INFO  [doSubscribeAllServices.0] c.y.g.r.c.n.i.NacosRegisterCenter - service list size 1
2025-09-19 19:13:08.786  INFO  [doSubscribeAllServices.0] c.y.g.r.c.n.i.NacosRegisterCenter - service list size 1
2025-09-19 19:13:18.795  INFO  [doSubscribeAllServices.0] c.y.g.r.c.n.i.NacosRegisterCenter - service list size 1
2025-09-19 19:13:28.802  INFO  [doSubscribeAllServices.0] c.y.g.r.c.n.i.NacosRegisterCenter - service list size 1
2025-09-19 19:13:35.494  ERROR [ParallelQueueHandlergateway-queue--pool-5] c.y.g.c.n.p.NettyCoreProcessor - 处理未知错误
java.lang.NullPointerException: Cannot invoke "com.yu.gateway.common.config.ServiceDefinition.getServiceId()" because "definition" is null
	at com.yu.gateway.core.helper.RequestHelper.doContext(RequestHelper.java:43)
	at com.yu.gateway.core.netty.processor.NettyCoreProcessor.process(NettyCoreProcessor.java:44)
	at com.yu.gateway.core.netty.processor.DisruptorNettyCoreProcessor$BatchEventListenerProcessor.onEvent(DisruptorNettyCoreProcessor.java:85)
	at com.yu.gateway.core.netty.processor.DisruptorNettyCoreProcessor$BatchEventListenerProcessor.onEvent(DisruptorNettyCoreProcessor.java:81)
	at com.yu.gateway.core.disruptor.ParallelQueueHandler$HolderWorkHandler.onEvent(ParallelQueueHandler.java:202)
	at com.yu.gateway.core.disruptor.ParallelQueueHandler$HolderWorkHandler.onEvent(ParallelQueueHandler.java:199)
	at com.lmax.disruptor.WorkProcessor.run(WorkProcessor.java:143)
	at java.base/java.util.concurrent.ThreadPoolExecutor.runWorker(ThreadPoolExecutor.java:1144)
	at java.base/java.util.concurrent.ThreadPoolExecutor$Worker.run(ThreadPoolExecutor.java:642)
	at java.base/java.lang.Thread.run(Thread.java:1589)
2025-09-19 19:13:38.810  INFO  [doSubscribeAllServices.0] c.y.g.r.c.n.i.NacosRegisterCenter - service list size 1
2025-09-19 19:13:48.821  INFO  [doSubscribeAllServices.0] c.y.g.r.c.n.i.NacosRegisterCenter - service list size 3
2025-09-19 19:13:48.822  INFO  [doSubscribeAllServices.0] c.y.g.r.c.n.i.NacosRegisterCenter - Nacos event is {"serviceName":"backend-user-server"}
2025-09-19 19:13:48.836  INFO  [doSubscribeAllServices.0] c.y.g.c.BootStrap - refresh service and instance: backend-user-server:1.0.0 [{"gray":false,"port":8201,"registerTime":1758280428111,"enable":true,"ip":"10.19.22.108","serviceInstanceId":"10.19.22.108:8201","weight":100,"version":"1.0.0","uniqueId":"backend-user-server:1.0.0"}]
2025-09-19 19:13:48.836  INFO  [doSubscribeAllServices.0] c.y.g.c.c.DynamicConfigManager - putServiceDefinition backend-user-server:1.0.0 -> com.yu.gateway.common.config.ServiceDefinition@d1296ba6
2025-09-19 19:13:48.837  INFO  [doSubscribeAllServices.0] c.y.g.r.c.n.i.NacosRegisterCenter - subscribe a service, serviceName backend-user-server envdev
2025-09-19 19:13:48.837  INFO  [doSubscribeAllServices.0] c.y.g.r.c.n.i.NacosRegisterCenter - Nacos event is {"serviceName":"backend-http-server"}
2025-09-19 19:13:48.845  INFO  [doSubscribeAllServices.0] c.y.g.c.BootStrap - refresh service and instance: backend-http-server:1.0.0 [{"gray":false,"port":8201,"registerTime":1758280428216,"enable":true,"ip":"10.19.22.108","serviceInstanceId":"10.19.22.108:8201","weight":100,"version":"1.0.0","uniqueId":"backend-http-server:1.0.0"}]
2025-09-19 19:13:48.845  INFO  [doSubscribeAllServices.0] c.y.g.c.c.DynamicConfigManager - putServiceDefinition backend-http-server:1.0.0 -> com.yu.gateway.common.config.ServiceDefinition@1a3aaa09
2025-09-19 19:13:48.849  INFO  [doSubscribeAllServices.0] c.y.g.r.c.n.i.NacosRegisterCenter - subscribe a service, serviceName backend-http-server envdev
2025-09-19 19:13:49.426  INFO  [nacos-grpc-client-executor-43] c.a.n.c.r.client - [620298d5-3a15-4b42-b7af-510c0aa08280] Receive server push request, request = NotifySubscriberRequest, requestId = 2
2025-09-19 19:13:49.426  INFO  [nacos-grpc-client-executor-43] c.a.n.c.r.client - [620298d5-3a15-4b42-b7af-510c0aa08280] Ack server push request, request = NotifySubscriberRequest, requestId = 2
2025-09-19 19:13:49.431  INFO  [nacos-grpc-client-executor-44] c.a.n.c.r.client - [620298d5-3a15-4b42-b7af-510c0aa08280] Receive server push request, request = NotifySubscriberRequest, requestId = 3
2025-09-19 19:13:49.431  INFO  [nacos-grpc-client-executor-44] c.a.n.c.r.client - [620298d5-3a15-4b42-b7af-510c0aa08280] Ack server push request, request = NotifySubscriberRequest, requestId = 3
2025-09-19 19:13:56.206  INFO  [ParallelQueueHandlergateway-queue--pool-2] c.y.g.c.c.DynamicConfigManager - getRuleByServiceId backend-http-server
2025-09-19 19:13:56.208  ERROR [ParallelQueueHandlergateway-queue--pool-2] c.y.g.c.n.p.NettyCoreProcessor - 处理错误 10002 没有找到匹配的路径, 请求快速失败
2025-09-19 19:13:58.859  INFO  [doSubscribeAllServices.0] c.y.g.r.c.n.i.NacosRegisterCenter - service list size 3
2025-09-19 19:14:08.877  INFO  [doSubscribeAllServices.0] c.y.g.r.c.n.i.NacosRegisterCenter - service list size 3
2025-09-19 19:14:18.893  INFO  [doSubscribeAllServices.0] c.y.g.r.c.n.i.NacosRegisterCenter - service list size 3
2025-09-19 19:14:28.915  INFO  [doSubscribeAllServices.0] c.y.g.r.c.n.i.NacosRegisterCenter - service list size 3
2025-09-19 19:14:38.931  INFO  [doSubscribeAllServices.0] c.y.g.r.c.n.i.NacosRegisterCenter - service list size 3
2025-09-19 19:14:48.951  INFO  [doSubscribeAllServices.0] c.y.g.r.c.n.i.NacosRegisterCenter - service list size 3
2025-09-19 19:14:58.970  INFO  [doSubscribeAllServices.0] c.y.g.r.c.n.i.NacosRegisterCenter - service list size 3
2025-09-19 19:15:08.984  INFO  [doSubscribeAllServices.0] c.y.g.r.c.n.i.NacosRegisterCenter - service list size 3
2025-09-19 19:15:18.994  INFO  [doSubscribeAllServices.0] c.y.g.r.c.n.i.NacosRegisterCenter - service list size 3
2025-09-19 19:15:29.029  INFO  [doSubscribeAllServices.0] c.y.g.r.c.n.i.NacosRegisterCenter - service list size 3
2025-09-19 19:15:39.058  INFO  [doSubscribeAllServices.0] c.y.g.r.c.n.i.NacosRegisterCenter - service list size 3
2025-09-19 19:15:49.076  INFO  [doSubscribeAllServices.0] c.y.g.r.c.n.i.NacosRegisterCenter - service list size 3
2025-09-19 19:15:59.090  INFO  [doSubscribeAllServices.0] c.y.g.r.c.n.i.NacosRegisterCenter - service list size 3
2025-09-19 19:16:04.813  ERROR [ParallelQueueHandlergateway-queue--pool-3] c.y.g.c.n.p.NettyCoreProcessor - 处理未知错误
java.lang.NullPointerException: Cannot invoke "com.yu.gateway.common.config.ServiceDefinition.getServiceId()" because "definition" is null
	at com.yu.gateway.core.helper.RequestHelper.doContext(RequestHelper.java:43)
	at com.yu.gateway.core.netty.processor.NettyCoreProcessor.process(NettyCoreProcessor.java:44)
	at com.yu.gateway.core.netty.processor.DisruptorNettyCoreProcessor$BatchEventListenerProcessor.onEvent(DisruptorNettyCoreProcessor.java:85)
	at com.yu.gateway.core.netty.processor.DisruptorNettyCoreProcessor$BatchEventListenerProcessor.onEvent(DisruptorNettyCoreProcessor.java:81)
	at com.yu.gateway.core.disruptor.ParallelQueueHandler$HolderWorkHandler.onEvent(ParallelQueueHandler.java:202)
	at com.yu.gateway.core.disruptor.ParallelQueueHandler$HolderWorkHandler.onEvent(ParallelQueueHandler.java:199)
	at com.lmax.disruptor.WorkProcessor.run(WorkProcessor.java:143)
	at java.base/java.util.concurrent.ThreadPoolExecutor.runWorker(ThreadPoolExecutor.java:1144)
	at java.base/java.util.concurrent.ThreadPoolExecutor$Worker.run(ThreadPoolExecutor.java:642)
	at java.base/java.lang.Thread.run(Thread.java:1589)
2025-09-19 19:16:09.100  INFO  [doSubscribeAllServices.0] c.y.g.r.c.n.i.NacosRegisterCenter - service list size 3
2025-09-19 19:16:19.126  INFO  [doSubscribeAllServices.0] c.y.g.r.c.n.i.NacosRegisterCenter - service list size 3
2025-09-19 19:16:29.133  INFO  [doSubscribeAllServices.0] c.y.g.r.c.n.i.NacosRegisterCenter - service list size 3
2025-09-19 19:16:34.833  INFO  [ParallelQueueHandlergateway-queue--pool-1] c.y.g.c.c.DynamicConfigManager - getRuleByServiceId backend-http-server
2025-09-19 19:16:34.833  ERROR [ParallelQueueHandlergateway-queue--pool-1] c.y.g.c.n.p.NettyCoreProcessor - 处理错误 10002 没有找到匹配的路径, 请求快速失败
2025-09-19 19:16:39.138  INFO  [doSubscribeAllServices.0] c.y.g.r.c.n.i.NacosRegisterCenter - service list size 3
2025-09-19 19:16:49.146  INFO  [doSubscribeAllServices.0] c.y.g.r.c.n.i.NacosRegisterCenter - service list size 3
2025-09-19 19:16:59.162  INFO  [doSubscribeAllServices.0] c.y.g.r.c.n.i.NacosRegisterCenter - service list size 3
2025-09-19 19:17:09.173  INFO  [doSubscribeAllServices.0] c.y.g.r.c.n.i.NacosRegisterCenter - service list size 3
2025-09-19 19:17:19.191  INFO  [doSubscribeAllServices.0] c.y.g.r.c.n.i.NacosRegisterCenter - service list size 3
2025-09-19 19:17:29.214  INFO  [doSubscribeAllServices.0] c.y.g.r.c.n.i.NacosRegisterCenter - service list size 3
2025-09-19 19:17:39.231  INFO  [doSubscribeAllServices.0] c.y.g.r.c.n.i.NacosRegisterCenter - service list size 3
2025-09-19 19:17:49.239  INFO  [doSubscribeAllServices.0] c.y.g.r.c.n.i.NacosRegisterCenter - service list size 3
2025-09-19 19:17:59.251  INFO  [doSubscribeAllServices.0] c.y.g.r.c.n.i.NacosRegisterCenter - service list size 3
2025-09-19 19:18:09.265  INFO  [doSubscribeAllServices.0] c.y.g.r.c.n.i.NacosRegisterCenter - service list size 3
2025-09-19 19:18:19.276  INFO  [doSubscribeAllServices.0] c.y.g.r.c.n.i.NacosRegisterCenter - service list size 3
2025-09-19 19:18:29.296  INFO  [doSubscribeAllServices.0] c.y.g.r.c.n.i.NacosRegisterCenter - service list size 3
2025-09-19 19:18:39.313  INFO  [doSubscribeAllServices.0] c.y.g.r.c.n.i.NacosRegisterCenter - service list size 3
2025-09-19 19:18:49.331  INFO  [doSubscribeAllServices.0] c.y.g.r.c.n.i.NacosRegisterCenter - service list size 3
2025-09-19 19:18:59.337  INFO  [doSubscribeAllServices.0] c.y.g.r.c.n.i.NacosRegisterCenter - service list size 3
2025-09-19 19:19:09.343  INFO  [doSubscribeAllServices.0] c.y.g.r.c.n.i.NacosRegisterCenter - service list size 3
2025-09-19 19:19:19.361  INFO  [doSubscribeAllServices.0] c.y.g.r.c.n.i.NacosRegisterCenter - service list size 3
2025-09-19 19:19:29.383  INFO  [doSubscribeAllServices.0] c.y.g.r.c.n.i.NacosRegisterCenter - service list size 3
2025-09-19 19:19:39.401  INFO  [doSubscribeAllServices.0] c.y.g.r.c.n.i.NacosRegisterCenter - service list size 3
2025-09-19 19:19:49.413  INFO  [doSubscribeAllServices.0] c.y.g.r.c.n.i.NacosRegisterCenter - service list size 3
2025-09-19 19:19:59.433  INFO  [doSubscribeAllServices.0] c.y.g.r.c.n.i.NacosRegisterCenter - service list size 3
2025-09-19 19:20:09.449  INFO  [doSubscribeAllServices.0] c.y.g.r.c.n.i.NacosRegisterCenter - service list size 3
2025-09-19 19:20:19.467  INFO  [doSubscribeAllServices.0] c.y.g.r.c.n.i.NacosRegisterCenter - service list size 3
2025-09-19 19:20:19.805  WARN  [Thread-3] c.a.n.c.n.NotifyCenter - [NotifyCenter] Start destroying Publisher
2025-09-19 19:20:19.806  WARN  [Thread-0] c.a.n.c.h.HttpClientBeanHolder - [HttpClientBeanHolder] Start destroying common HttpClient
2025-09-19 19:20:19.806  WARN  [Thread-3] c.a.n.c.n.NotifyCenter - [NotifyCenter] Destruction of the end
2025-09-19 19:20:19.806  WARN  [Thread-0] c.a.n.c.h.HttpClientBeanHolder - [HttpClientBeanHolder] Destruction of the end
